2025-12-13T21:29:52 make: Entering directory '/home/VuAirOS/buildroot-2021.05'
2025-12-13T21:29:55 /usr/bin/make -j1 O=/home/VuAirOS/buildroot-2021.05/output HOSTCC="/usr/bin/gcc" HOSTCXX="/usr/bin/g++" syncconfig
2025-12-13T21:29:55 make[1]: Entering directory '/home/VuAirOS/buildroot-2021.05'
2025-12-13T21:29:55 make[1]: warning: -j1 forced in submake: resetting jobserver mode.
2025-12-13T21:29:56 make[1]: Leaving directory '/home/VuAirOS/buildroot-2021.05'
2025-12-13T21:29:56 [7m>>> host-skeleton  Extracting[27m
2025-12-13T21:29:56 [7m>>> host-skeleton  Patching[27m
2025-12-13T21:29:56 [7m>>> host-skeleton  Configuring[27m
2025-12-13T21:29:56 [7m>>> host-skeleton  Building[27m
2025-12-13T21:29:56 [7m>>> host-skeleton  Installing to host directory[27m
2025-12-13T21:29:56 lz4-1.9.3.tar.gz: OK (sha256: 030644df4611007ff7dc962d981f390361e6c97a34e5cbc393ddfbe019ffe2c1)
2025-12-13T21:29:56 [7m>>> host-lz4 1.9.3 Extracting[27m
2025-12-13T21:29:56 gzip -d -c /home/VuAirOS/buildroot-2021.05/dl/lz4/lz4-1.9.3.tar.gz | tar --strip-components=1 -C /home/VuAirOS/buildroot-2021.05/output/build/host-lz4-1.9.3   -xf -
2025-12-13T21:29:56 [7m>>> host-lz4 1.9.3 Patching[27m
2025-12-13T21:29:56 
2025-12-13T21:29:56 Applying 0001-Fix-potential-memory-corruption-with-negative-memmov.patch using patch:
2025-12-13T21:29:56 patching file lib/lz4.c
2025-12-13T21:29:56 [7m>>> host-lz4 1.9.3 Configuring[27m
2025-12-13T21:29:56 [7m>>> host-lz4 1.9.3 Building[27m
2025-12-13T21:29:56 PATH="/home/VuAirOS/buildroot-2021.05/output/host/bin:/home/VuAirOS/buildroot-2021.05/output/host/sbin:/usr/local/sbin:/usr/local/bin:/usr/sbin:/usr/bin:/sbin:/bin:/usr/games:/usr/local/games:/usr/lib/wsl/lib" PKG_CONFIG="/home/VuAirOS/buildroot-2021.05/output/host/bin/pkg-config" PKG_CONFIG_SYSROOT_DIR="/" PKG_CONFIG_ALLOW_SYSTEM_CFLAGS=1 PKG_CONFIG_ALLOW_SYSTEM_LIBS=1 PKG_CONFIG_LIBDIR="/home/VuAirOS/buildroot-2021.05/output/host/lib/pkgconfig:/home/VuAirOS/buildroot-2021.05/output/host/share/pkgconfig" PATH="/home/VuAirOS/buildroot-2021.05/output/host/bin:/home/VuAirOS/buildroot-2021.05/output/host/sbin:/usr/local/sbin:/usr/local/bin:/usr/sbin:/usr/bin:/sbin:/bin:/usr/games:/usr/local/games:/usr/lib/wsl/lib" PKG_CONFIG="/home/VuAirOS/buildroot-2021.05/output/host/bin/pkg-config" PKG_CONFIG_SYSROOT_DIR="/" PKG_CONFIG_ALLOW_SYSTEM_CFLAGS=1 PKG_CONFIG_ALLOW_SYSTEM_LIBS=1 PKG_CONFIG_LIBDIR="/home/VuAirOS/buildroot-2021.05/output/host/lib/pkgconfig:/home/VuAirOS/buildroot-2021.05/output/host/share/pkgconfig" AR="/usr/bin/ar" AS="/usr/bin/as" LD="/usr/bin/ld" NM="/usr/bin/nm" CC="/usr/bin/gcc" GCC="/usr/bin/gcc" CXX="/usr/bin/g++" CPP="/usr/bin/cpp" OBJCOPY="/usr/bin/objcopy" RANLIB="/usr/bin/ranlib" CPPFLAGS="-I/home/VuAirOS/buildroot-2021.05/output/host/include" CFLAGS="-O2 -I/home/VuAirOS/buildroot-2021.05/output/host/include" CXXFLAGS="-O2 -I/home/VuAirOS/buildroot-2021.05/output/host/include" LDFLAGS="-L/home/VuAirOS/buildroot-2021.05/output/host/lib -Wl,-rpath,/home/VuAirOS/buildroot-2021.05/output/host/lib" INTLTOOL_PERL=/usr/bin/perl /usr/bin/make  -C /home/VuAirOS/buildroot-2021.05/output/build/host-lz4-1.9.3 lib
2025-12-13T21:29:56 make[1]: Entering directory '/home/VuAirOS/buildroot-2021.05/output/build/host-lz4-1.9.3'
2025-12-13T21:29:56 make[2]: Entering directory '/home/VuAirOS/buildroot-2021.05/output/build/host-lz4-1.9.3/lib'
2025-12-13T21:29:56 compiling static library
2025-12-13T21:30:00 make[2]: Leaving directory '/home/VuAirOS/buildroot-2021.05/output/build/host-lz4-1.9.3/lib'
2025-12-13T21:30:00 make[2]: Entering directory '/home/VuAirOS/buildroot-2021.05/output/build/host-lz4-1.9.3/lib'
2025-12-13T21:30:00 compiling dynamic library 1.9.3
2025-12-13T21:30:03 creating versioned links
2025-12-13T21:30:03 make[2]: Leaving directory '/home/VuAirOS/buildroot-2021.05/output/build/host-lz4-1.9.3/lib'
2025-12-13T21:30:03 make[1]: Leaving directory '/home/VuAirOS/buildroot-2021.05/output/build/host-lz4-1.9.3'
2025-12-13T21:30:03 PATH="/home/VuAirOS/buildroot-2021.05/output/host/bin:/home/VuAirOS/buildroot-2021.05/output/host/sbin:/usr/local/sbin:/usr/local/bin:/usr/sbin:/usr/bin:/sbin:/bin:/usr/games:/usr/local/games:/usr/lib/wsl/lib" PKG_CONFIG="/home/VuAirOS/buildroot-2021.05/output/host/bin/pkg-config" PKG_CONFIG_SYSROOT_DIR="/" PKG_CONFIG_ALLOW_SYSTEM_CFLAGS=1 PKG_CONFIG_ALLOW_SYSTEM_LIBS=1 PKG_CONFIG_LIBDIR="/home/VuAirOS/buildroot-2021.05/output/host/lib/pkgconfig:/home/VuAirOS/buildroot-2021.05/output/host/share/pkgconfig" PATH="/home/VuAirOS/buildroot-2021.05/output/host/bin:/home/VuAirOS/buildroot-2021.05/output/host/sbin:/usr/local/sbin:/usr/local/bin:/usr/sbin:/usr/bin:/sbin:/bin:/usr/games:/usr/local/games:/usr/lib/wsl/lib" PKG_CONFIG="/home/VuAirOS/buildroot-2021.05/output/host/bin/pkg-config" PKG_CONFIG_SYSROOT_DIR="/" PKG_CONFIG_ALLOW_SYSTEM_CFLAGS=1 PKG_CONFIG_ALLOW_SYSTEM_LIBS=1 PKG_CONFIG_LIBDIR="/home/VuAirOS/buildroot-2021.05/output/host/lib/pkgconfig:/home/VuAirOS/buildroot-2021.05/output/host/share/pkgconfig" AR="/usr/bin/ar" AS="/usr/bin/as" LD="/usr/bin/ld" NM="/usr/bin/nm" CC="/usr/bin/gcc" GCC="/usr/bin/gcc" CXX="/usr/bin/g++" CPP="/usr/bin/cpp" OBJCOPY="/usr/bin/objcopy" RANLIB="/usr/bin/ranlib" CPPFLAGS="-I/home/VuAirOS/buildroot-2021.05/output/host/include" CFLAGS="-O2 -I/home/VuAirOS/buildroot-2021.05/output/host/include" CXXFLAGS="-O2 -I/home/VuAirOS/buildroot-2021.05/output/host/include" LDFLAGS="-L/home/VuAirOS/buildroot-2021.05/output/host/lib -Wl,-rpath,/home/VuAirOS/buildroot-2021.05/output/host/lib" INTLTOOL_PERL=/usr/bin/perl /usr/bin/make  -C /home/VuAirOS/buildroot-2021.05/output/build/host-lz4-1.9.3 lz4
2025-12-13T21:30:03 make[1]: Entering directory '/home/VuAirOS/buildroot-2021.05/output/build/host-lz4-1.9.3'
2025-12-13T21:30:03 make[2]: Entering directory '/home/VuAirOS/buildroot-2021.05/output/build/host-lz4-1.9.3/lib'
2025-12-13T21:30:03 make[2]: 'liblz4.a' is up to date.
2025-12-13T21:30:03 make[2]: Leaving directory '/home/VuAirOS/buildroot-2021.05/output/build/host-lz4-1.9.3/lib'
2025-12-13T21:30:03 make[2]: Entering directory '/home/VuAirOS/buildroot-2021.05/output/build/host-lz4-1.9.3/programs'
2025-12-13T21:30:03 /usr/bin/gcc -O3 -Wall -Wextra -Wundef -Wcast-qual -Wcast-align -Wshadow -Wswitch-enum -Wdeclaration-after-statement -Wstrict-prototypes -Wpointer-arith -Wstrict-aliasing=1  -I/home/VuAirOS/buildroot-2021.05/output/host/include -I../lib -DXXH_NAMESPACE=LZ4_  -c -o bench.o bench.c
2025-12-13T21:30:03 /usr/bin/gcc -O3 -Wall -Wextra -Wundef -Wcast-qual -Wcast-align -Wshadow -Wswitch-enum -Wdeclaration-after-statement -Wstrict-prototypes -Wpointer-arith -Wstrict-aliasing=1  -I/home/VuAirOS/buildroot-2021.05/output/host/include -I../lib -DXXH_NAMESPACE=LZ4_  -c -o datagen.o datagen.c
2025-12-13T21:30:03 /usr/bin/gcc -O3 -Wall -Wextra -Wundef -Wcast-qual -Wcast-align -Wshadow -Wswitch-enum -Wdeclaration-after-statement -Wstrict-prototypes -Wpointer-arith -Wstrict-aliasing=1  -I/home/VuAirOS/buildroot-2021.05/output/host/include -I../lib -DXXH_NAMESPACE=LZ4_  -c -o lz4cli.o lz4cli.c
2025-12-13T21:30:03 /usr/bin/gcc -O3 -Wall -Wextra -Wundef -Wcast-qual -Wcast-align -Wshadow -Wswitch-enum -Wdeclaration-after-statement -Wstrict-prototypes -Wpointer-arith -Wstrict-aliasing=1  -I/home/VuAirOS/buildroot-2021.05/output/host/include -I../lib -DXXH_NAMESPACE=LZ4_  -c -o lz4io.o lz4io.c
2025-12-13T21:30:04 /usr/bin/gcc -O3 -Wall -Wextra -Wundef -Wcast-qual -Wcast-align -Wshadow -Wswitch-enum -Wdeclaration-after-statement -Wstrict-prototypes -Wpointer-arith -Wstrict-aliasing=1  -I/home/VuAirOS/buildroot-2021.05/output/host/include -I../lib -DXXH_NAMESPACE=LZ4_ -L/home/VuAirOS/buildroot-2021.05/output/host/lib -Wl,-rpath,/home/VuAirOS/buildroot-2021.05/output/host/lib ../lib/lz4.o ../lib/lz4frame.o ../lib/lz4hc.o ../lib/xxhash.o bench.o datagen.o lz4cli.o lz4io.o -o lz4
2025-12-13T21:30:04 make[2]: Leaving directory '/home/VuAirOS/buildroot-2021.05/output/build/host-lz4-1.9.3/programs'
2025-12-13T21:30:04 make[1]: Leaving directory '/home/VuAirOS/buildroot-2021.05/output/build/host-lz4-1.9.3'
2025-12-13T21:30:04 [7m>>> host-lz4 1.9.3 Installing to host directory[27m
2025-12-13T21:30:04 PATH="/home/VuAirOS/buildroot-2021.05/output/host/bin:/home/VuAirOS/buildroot-2021.05/output/host/sbin:/usr/local/sbin:/usr/local/bin:/usr/sbin:/usr/bin:/sbin:/bin:/usr/games:/usr/local/games:/usr/lib/wsl/lib" PKG_CONFIG="/home/VuAirOS/buildroot-2021.05/output/host/bin/pkg-config" PKG_CONFIG_SYSROOT_DIR="/" PKG_CONFIG_ALLOW_SYSTEM_CFLAGS=1 PKG_CONFIG_ALLOW_SYSTEM_LIBS=1 PKG_CONFIG_LIBDIR="/home/VuAirOS/buildroot-2021.05/output/host/lib/pkgconfig:/home/VuAirOS/buildroot-2021.05/output/host/share/pkgconfig" PATH="/home/VuAirOS/buildroot-2021.05/output/host/bin:/home/VuAirOS/buildroot-2021.05/output/host/sbin:/usr/local/sbin:/usr/local/bin:/usr/sbin:/usr/bin:/sbin:/bin:/usr/games:/usr/local/games:/usr/lib/wsl/lib" PKG_CONFIG="/home/VuAirOS/buildroot-2021.05/output/host/bin/pkg-config" PKG_CONFIG_SYSROOT_DIR="/" PKG_CONFIG_ALLOW_SYSTEM_CFLAGS=1 PKG_CONFIG_ALLOW_SYSTEM_LIBS=1 PKG_CONFIG_LIBDIR="/home/VuAirOS/buildroot-2021.05/output/host/lib/pkgconfig:/home/VuAirOS/buildroot-2021.05/output/host/share/pkgconfig" AR="/usr/bin/ar" AS="/usr/bin/as" LD="/usr/bin/ld" NM="/usr/bin/nm" CC="/usr/bin/gcc" GCC="/usr/bin/gcc" CXX="/usr/bin/g++" CPP="/usr/bin/cpp" OBJCOPY="/usr/bin/objcopy" RANLIB="/usr/bin/ranlib" CPPFLAGS="-I/home/VuAirOS/buildroot-2021.05/output/host/include" CFLAGS="-O2 -I/home/VuAirOS/buildroot-2021.05/output/host/include" CXXFLAGS="-O2 -I/home/VuAirOS/buildroot-2021.05/output/host/include" LDFLAGS="-L/home/VuAirOS/buildroot-2021.05/output/host/lib -Wl,-rpath,/home/VuAirOS/buildroot-2021.05/output/host/lib" INTLTOOL_PERL=/usr/bin/perl /usr/bin/make  PREFIX=/home/VuAirOS/buildroot-2021.05/output/host install -C /home/VuAirOS/buildroot-2021.05/output/build/host-lz4-1.9.3
2025-12-13T21:30:04 make[1]: Entering directory '/home/VuAirOS/buildroot-2021.05/output/build/host-lz4-1.9.3'
2025-12-13T21:30:04 make[2]: Entering directory '/home/VuAirOS/buildroot-2021.05/output/build/host-lz4-1.9.3/lib'
2025-12-13T21:30:04 creating pkgconfig
2025-12-13T21:30:04 Installing libraries
2025-12-13T21:30:04 Installing headers in /home/VuAirOS/buildroot-2021.05/output/host/include
2025-12-13T21:30:04 lz4 libraries installed
2025-12-13T21:30:04 make[2]: Leaving directory '/home/VuAirOS/buildroot-2021.05/output/build/host-lz4-1.9.3/lib'
2025-12-13T21:30:04 make[2]: Entering directory '/home/VuAirOS/buildroot-2021.05/output/build/host-lz4-1.9.3/programs'
2025-12-13T21:30:04 Installing binaries
2025-12-13T21:30:04 Installing man pages
2025-12-13T21:30:04 lz4 installation completed
2025-12-13T21:30:04 make[2]: Leaving directory '/home/VuAirOS/buildroot-2021.05/output/build/host-lz4-1.9.3/programs'
2025-12-13T21:30:04 make[1]: Leaving directory '/home/VuAirOS/buildroot-2021.05/output/build/host-lz4-1.9.3'
2025-12-13T21:30:04 pkgconf-1.6.3.tar.xz: OK (sha256: 61f0b31b0d5ea0e862b454a80c170f57bad47879c0c42bd8de89200ff62ea210)
2025-12-13T21:30:04 [7m>>> host-pkgconf 1.6.3 Extracting[27m
2025-12-13T21:30:04 xzcat /home/VuAirOS/buildroot-2021.05/dl/pkgconf/pkgconf-1.6.3.tar.xz | tar --strip-components=1 -C /home/VuAirOS/buildroot-2021.05/output/build/host-pkgconf-1.6.3   -xf -
2025-12-13T21:30:04 [7m>>> host-pkgconf 1.6.3 Patching[27m
2025-12-13T21:30:04 
2025-12-13T21:30:04 Applying 0001-Only-prefix-with-the-sysroot-a-subset-of-variables.patch using patch:
2025-12-13T21:30:04 patching file libpkgconf/tuple.c
2025-12-13T21:30:04 
2025-12-13T21:30:04 Applying 0002-Revert-main-assume-modversion-insted-of-version-if-o.patch using patch:
2025-12-13T21:30:04 patching file cli/main.c
2025-12-13T21:30:04 [7m>>> host-pkgconf 1.6.3 Updating config.sub and config.guess[27m
2025-12-13T21:30:04 for file in config.guess config.sub; do for i in $(find /home/VuAirOS/buildroot-2021.05/output/build/host-pkgconf-1.6.3 -name $file); do cp support/gnuconfig/$file $i; done; done
2025-12-13T21:30:04 [7m>>> host-pkgconf 1.6.3 Patching libtool[27m
2025-12-13T21:30:04 patching file /home/VuAirOS/buildroot-2021.05/output/build/host-pkgconf-1.6.3/ltmain.sh
2025-12-13T21:30:04 Hunk #1 succeeded at 2694 (offset 7 lines).
2025-12-13T21:30:04 Hunk #2 succeeded at 4284 (offset 7 lines).
2025-12-13T21:30:04 Hunk #3 succeeded at 6579 (offset 25 lines).
2025-12-13T21:30:04 Hunk #4 succeeded at 6589 (offset 25 lines).
2025-12-13T21:30:04 Hunk #5 succeeded at 6882 (offset 25 lines).
2025-12-13T21:30:04 Hunk #6 succeeded at 7174 (offset 25 lines).
2025-12-13T21:30:04 Hunk #7 succeeded at 8146 (offset 34 lines).
2025-12-13T21:30:04 Hunk #8 succeeded at 10778 (offset 68 lines).
2025-12-13T21:30:04 [7m>>> host-pkgconf 1.6.3 Configuring[27m
2025-12-13T21:30:04 (cd /home/VuAirOS/buildroot-2021.05/output/build/host-pkgconf-1.6.3/ && rm -rf config.cache; PATH="/home/VuAirOS/buildroot-2021.05/output/host/bin:/home/VuAirOS/buildroot-2021.05/output/host/sbin:/usr/local/sbin:/usr/local/bin:/usr/sbin:/usr/bin:/sbin:/bin:/usr/games:/usr/local/games:/usr/lib/wsl/lib" PKG_CONFIG="/home/VuAirOS/buildroot-2021.05/output/host/bin/pkg-config" PKG_CONFIG_SYSROOT_DIR="/" PKG_CONFIG_ALLOW_SYSTEM_CFLAGS=1 PKG_CONFIG_ALLOW_SYSTEM_LIBS=1 PKG_CONFIG_LIBDIR="/home/VuAirOS/buildroot-2021.05/output/host/lib/pkgconfig:/home/VuAirOS/buildroot-2021.05/output/host/share/pkgconfig" AR="/usr/bin/ar" AS="/usr/bin/as" LD="/usr/bin/ld" NM="/usr/bin/nm" CC="/usr/bin/gcc" GCC="/usr/bin/gcc" CXX="/usr/bin/g++" CPP="/usr/bin/cpp" OBJCOPY="/usr/bin/objcopy" RANLIB="/usr/bin/ranlib" CPPFLAGS="-I/home/VuAirOS/buildroot-2021.05/output/host/include" CFLAGS="-O2 -I/home/VuAirOS/buildroot-2021.05/output/host/include" CXXFLAGS="-O2 -I/home/VuAirOS/buildroot-2021.05/output/host/include" LDFLAGS="-L/home/VuAirOS/buildroot-2021.05/output/host/lib -Wl,-rpath,/home/VuAirOS/buildroot-2021.05/output/host/lib" INTLTOOL_PERL=/usr/bin/perl CFLAGS="-O2 -I/home/VuAirOS/buildroot-2021.05/output/host/include" LDFLAGS="-L/home/VuAirOS/buildroot-2021.05/output/host/lib -Wl,-rpath,/home/VuAirOS/buildroot-2021.05/output/host/lib"  CONFIG_SITE=/dev/null ./configure --prefix="/home/VuAirOS/buildroot-2021.05/output/host" --sysconfdir="/home/VuAirOS/buildroot-2021.05/output/host/etc" --localstatedir="/home/VuAirOS/buildroot-2021.05/output/host/var" --enable-shared --disable-static --disable-gtk-doc --disable-gtk-doc-html --disable-doc --disable-docs --disable-documentation --disable-debug --with-xmlto=no --with-fop=no --disable-nls --disable-dependency-tracking   )
2025-12-13T21:30:04 configure: WARNING: unrecognized options: --disable-gtk-doc, --disable-gtk-doc-html, --disable-doc, --disable-docs, --disable-documentation, --disable-debug, --with-xmlto, --with-fop, --disable-nls
2025-12-13T21:30:04 checking for gcc... /usr/bin/gcc
2025-12-13T21:30:04 checking whether the C compiler works... yes
2025-12-13T21:30:04 checking for C compiler default output file name... a.out
2025-12-13T21:30:04 checking for suffix of executables...
2025-12-13T21:30:04 checking whether we are cross compiling... no
2025-12-13T21:30:04 checking for suffix of object files... o
2025-12-13T21:30:04 checking whether we are using the GNU C compiler... yes
2025-12-13T21:30:04 checking whether /usr/bin/gcc accepts -g... yes
2025-12-13T21:30:04 checking for /usr/bin/gcc option to accept ISO C89... none needed
2025-12-13T21:30:04 checking whether /usr/bin/gcc understands -c and -o together... yes
2025-12-13T21:30:04 checking whether C compiler accepts -Wall... yes
2025-12-13T21:30:04 checking whether C compiler accepts -Wextra... yes
2025-12-13T21:30:04 checking whether C compiler accepts -Wformat=2... yes
2025-12-13T21:30:04 checking whether C compiler accepts -std=gnu99... yes
2025-12-13T21:30:04 checking for strlcpy... no
2025-12-13T21:30:04 checking for strlcat... no
2025-12-13T21:30:04 checking for strndup... yes
2025-12-13T21:30:04 checking for cygwin_conv_path... no
2025-12-13T21:30:04 checking how to run the C preprocessor... /usr/bin/cpp
2025-12-13T21:30:04 checking for grep that handles long lines and -e... /usr/bin/grep
2025-12-13T21:30:04 checking for egrep... /usr/bin/grep -E
2025-12-13T21:30:04 checking for ANSI C header files... yes
2025-12-13T21:30:04 checking for sys/types.h... yes
2025-12-13T21:30:04 checking for sys/stat.h... yes
2025-12-13T21:30:04 checking for stdlib.h... yes
2025-12-13T21:30:04 checking for string.h... yes
2025-12-13T21:30:04 checking for memory.h... yes
2025-12-13T21:30:04 checking for strings.h... yes
2025-12-13T21:30:04 checking for inttypes.h... yes
2025-12-13T21:30:04 checking for stdint.h... yes
2025-12-13T21:30:04 checking for unistd.h... yes
2025-12-13T21:30:04 checking for sys/stat.h... (cached) yes
2025-12-13T21:30:04 checking for a BSD-compatible install... /usr/bin/install -c
2025-12-13T21:30:04 checking whether build environment is sane... yes
2025-12-13T21:30:04 checking for a thread-safe mkdir -p... /usr/bin/mkdir -p
2025-12-13T21:30:04 checking for gawk... gawk
2025-12-13T21:30:04 checking whether make sets $(MAKE)... yes
2025-12-13T21:30:04 checking for style of include used by make... GNU
2025-12-13T21:30:04 checking whether make supports nested variables... yes
2025-12-13T21:30:04 checking dependency style of /usr/bin/gcc... none
2025-12-13T21:30:04 checking whether make supports nested variables... (cached) yes
2025-12-13T21:30:04 checking build system type... x86_64-pc-linux-gnu
2025-12-13T21:30:04 checking host system type... x86_64-pc-linux-gnu
2025-12-13T21:30:04 checking how to print strings... printf
2025-12-13T21:30:04 checking for a sed that does not truncate output... /usr/bin/sed
2025-12-13T21:30:04 checking for fgrep... /usr/bin/grep -F
2025-12-13T21:30:04 checking for ld used by /usr/bin/gcc... /usr/bin/ld
2025-12-13T21:30:04 checking if the linker (/usr/bin/ld) is GNU ld... yes
2025-12-13T21:30:04 checking for BSD- or MS-compatible name lister (nm)... /usr/bin/nm
2025-12-13T21:30:04 checking the name lister (/usr/bin/nm) interface... BSD nm
2025-12-13T21:30:04 checking whether ln -s works... yes
2025-12-13T21:30:04 checking the maximum length of command line arguments... 1572864
2025-12-13T21:30:04 checking how to convert x86_64-pc-linux-gnu file names to x86_64-pc-linux-gnu format... func_convert_file_noop
2025-12-13T21:30:04 checking how to convert x86_64-pc-linux-gnu file names to toolchain format... func_convert_file_noop
2025-12-13T21:30:04 checking for /usr/bin/ld option to reload object files... -r
2025-12-13T21:30:04 checking for objdump... objdump
2025-12-13T21:30:04 checking how to recognize dependent libraries... pass_all
2025-12-13T21:30:04 checking for dlltool... no
2025-12-13T21:30:04 checking how to associate runtime and link libraries... printf %sn
2025-12-13T21:30:04 checking for archiver @FILE support... @
2025-12-13T21:30:04 checking for strip... strip
2025-12-13T21:30:04 checking for ranlib... /usr/bin/ranlib
2025-12-13T21:30:04 checking command to parse /usr/bin/nm output from /usr/bin/gcc object... ok
2025-12-13T21:30:04 checking for sysroot... no
2025-12-13T21:30:04 checking for a working dd... /usr/bin/dd
2025-12-13T21:30:04 checking how to truncate binary pipes... /usr/bin/dd bs=4096 count=1
2025-12-13T21:30:04 checking for mt... mt
2025-12-13T21:30:04 checking if mt is a manifest tool... no
2025-12-13T21:30:04 checking for dlfcn.h... yes
2025-12-13T21:30:04 checking for objdir... .libs
2025-12-13T21:30:05 checking if /usr/bin/gcc supports -fno-rtti -fno-exceptions... no
2025-12-13T21:30:05 checking for /usr/bin/gcc option to produce PIC... -fPIC -DPIC
2025-12-13T21:30:05 checking if /usr/bin/gcc PIC flag -fPIC -DPIC works... yes
2025-12-13T21:30:05 checking if /usr/bin/gcc static flag -static works... yes
2025-12-13T21:30:05 checking if /usr/bin/gcc supports -c -o file.o... yes
2025-12-13T21:30:05 checking if /usr/bin/gcc supports -c -o file.o... (cached) yes
2025-12-13T21:30:05 checking whether the /usr/bin/gcc linker (/usr/bin/ld -m elf_x86_64) supports shared libraries... yes
2025-12-13T21:30:05 checking whether -lc should be explicitly linked in... no
2025-12-13T21:30:05 checking dynamic linker characteristics... GNU/Linux ld.so
2025-12-13T21:30:05 checking how to hardcode library paths into programs... immediate
2025-12-13T21:30:05 checking whether stripping libraries is possible... yes
2025-12-13T21:30:05 checking if libtool supports shared libraries... yes
2025-12-13T21:30:05 checking whether to build shared libraries... yes
2025-12-13T21:30:05 checking whether to build static libraries... no
2025-12-13T21:30:05 checking for special C compiler options needed for large files... no
2025-12-13T21:30:05 checking for _FILE_OFFSET_BITS value needed for large files... no
2025-12-13T21:30:05 checking how to run the C preprocessor... /usr/bin/cpp
2025-12-13T21:30:05 checking for gcc... (cached) /usr/bin/gcc
2025-12-13T21:30:05 checking whether we are using the GNU C compiler... (cached) yes
2025-12-13T21:30:05 checking whether /usr/bin/gcc accepts -g... (cached) yes
2025-12-13T21:30:05 checking for /usr/bin/gcc option to accept ISO C89... (cached) none needed
2025-12-13T21:30:05 checking whether /usr/bin/gcc understands -c and -o together... (cached) yes
2025-12-13T21:30:05 checking whether ln -s works... yes
2025-12-13T21:30:05 checking that generated files are newer than configure... done
2025-12-13T21:30:05 configure: creating ./config.status
2025-12-13T21:30:06 config.status: creating Makefile
2025-12-13T21:30:06 config.status: creating Kyuafile
2025-12-13T21:30:06 config.status: creating libpkgconf.pc
2025-12-13T21:30:06 config.status: creating tests/Kyuafile
2025-12-13T21:30:06 config.status: creating tests/test_env.sh
2025-12-13T21:30:06 config.status: creating libpkgconf/config.h
2025-12-13T21:30:06 config.status: executing depfiles commands
2025-12-13T21:30:06 config.status: executing libtool commands
2025-12-13T21:30:06 configure: WARNING: unrecognized options: --disable-gtk-doc, --disable-gtk-doc-html, --disable-doc, --disable-docs, --disable-documentation, --disable-debug, --with-xmlto, --with-fop, --disable-nls
2025-12-13T21:30:06 [7m>>> host-pkgconf 1.6.3 Building[27m
2025-12-13T21:30:06 PATH="/home/VuAirOS/buildroot-2021.05/output/host/bin:/home/VuAirOS/buildroot-2021.05/output/host/sbin:/usr/local/sbin:/usr/local/bin:/usr/sbin:/usr/bin:/sbin:/bin:/usr/games:/usr/local/games:/usr/lib/wsl/lib" PKG_CONFIG="/home/VuAirOS/buildroot-2021.05/output/host/bin/pkg-config" PKG_CONFIG_SYSROOT_DIR="/" PKG_CONFIG_ALLOW_SYSTEM_CFLAGS=1 PKG_CONFIG_ALLOW_SYSTEM_LIBS=1 PKG_CONFIG_LIBDIR="/home/VuAirOS/buildroot-2021.05/output/host/lib/pkgconfig:/home/VuAirOS/buildroot-2021.05/output/host/share/pkgconfig"  /usr/bin/make   -C /home/VuAirOS/buildroot-2021.05/output/build/host-pkgconf-1.6.3/
2025-12-13T21:30:06 make[1]: Entering directory '/home/VuAirOS/buildroot-2021.05/output/build/host-pkgconf-1.6.3'
2025-12-13T21:30:06 CC       libpkgconf/audit.lo
2025-12-13T21:30:06 CC       libpkgconf/cache.lo
2025-12-13T21:30:06 CC       libpkgconf/client.lo
2025-12-13T21:30:06 CC       libpkgconf/pkg.lo
2025-12-13T21:30:06 CC       libpkgconf/bsdstubs.lo
2025-12-13T21:30:06 CC       libpkgconf/fragment.lo
2025-12-13T21:30:06 CC       libpkgconf/argvsplit.lo
2025-12-13T21:30:06 CC       libpkgconf/fileio.lo
2025-12-13T21:30:06 CC       libpkgconf/tuple.lo
2025-12-13T21:30:06 CC       libpkgconf/dependency.lo
2025-12-13T21:30:06 CC       libpkgconf/queue.lo
2025-12-13T21:30:06 CC       libpkgconf/path.lo
2025-12-13T21:30:06 CC       libpkgconf/personality.lo
2025-12-13T21:30:06 CC       cli/pkgconf-main.o
2025-12-13T21:30:06 CC       libpkgconf/parser.lo
2025-12-13T21:30:06 CC       cli/pkgconf-getopt_long.o
2025-12-13T21:30:06 CC       cli/pkgconf-renderer-msvc.o
2025-12-13T21:30:06 CCLD     libpkgconf.la
2025-12-13T21:30:06 CCLD     pkgconf
2025-12-13T21:30:06 make[1]: Leaving directory '/home/VuAirOS/buildroot-2021.05/output/build/host-pkgconf-1.6.3'
2025-12-13T21:30:06 [7m>>> host-pkgconf 1.6.3 Installing to host directory[27m
2025-12-13T21:30:06 PATH="/home/VuAirOS/buildroot-2021.05/output/host/bin:/home/VuAirOS/buildroot-2021.05/output/host/sbin:/usr/local/sbin:/usr/local/bin:/usr/sbin:/usr/bin:/sbin:/bin:/usr/games:/usr/local/games:/usr/lib/wsl/lib" PKG_CONFIG="/home/VuAirOS/buildroot-2021.05/output/host/bin/pkg-config" PKG_CONFIG_SYSROOT_DIR="/" PKG_CONFIG_ALLOW_SYSTEM_CFLAGS=1 PKG_CONFIG_ALLOW_SYSTEM_LIBS=1 PKG_CONFIG_LIBDIR="/home/VuAirOS/buildroot-2021.05/output/host/lib/pkgconfig:/home/VuAirOS/buildroot-2021.05/output/host/share/pkgconfig"  /usr/bin/make  install -C /home/VuAirOS/buildroot-2021.05/output/build/host-pkgconf-1.6.3/
2025-12-13T21:30:06 make[1]: Entering directory '/home/VuAirOS/buildroot-2021.05/output/build/host-pkgconf-1.6.3'
2025-12-13T21:30:06 make[2]: Entering directory '/home/VuAirOS/buildroot-2021.05/output/build/host-pkgconf-1.6.3'
2025-12-13T21:30:06 /usr/bin/mkdir -p '/home/VuAirOS/buildroot-2021.05/output/host/lib'
2025-12-13T21:30:06 /usr/bin/mkdir -p '/home/VuAirOS/buildroot-2021.05/output/host/share/doc/pkgconf'
2025-12-13T21:30:06 /usr/bin/mkdir -p '/home/VuAirOS/buildroot-2021.05/output/host/share/aclocal'
2025-12-13T21:30:06 /bin/bash ./libtool   --mode=install /usr/bin/install -c   libpkgconf.la '/home/VuAirOS/buildroot-2021.05/output/host/lib'
2025-12-13T21:30:06 /usr/bin/mkdir -p '/home/VuAirOS/buildroot-2021.05/output/host/share/man/man1'
2025-12-13T21:30:06 /usr/bin/mkdir -p '/home/VuAirOS/buildroot-2021.05/output/host/include/pkgconf'
2025-12-13T21:30:06 /usr/bin/mkdir -p '/home/VuAirOS/buildroot-2021.05/output/host/share/man/man5'
2025-12-13T21:30:06 /usr/bin/mkdir -p '/home/VuAirOS/buildroot-2021.05/output/host/share/man/man7'
2025-12-13T21:30:06 /usr/bin/mkdir -p '/home/VuAirOS/buildroot-2021.05/output/host/lib/pkgconfig'
2025-12-13T21:30:06 /usr/bin/install -c -m 644 README.md AUTHORS '/home/VuAirOS/buildroot-2021.05/output/host/share/doc/pkgconf'
2025-12-13T21:30:06 /usr/bin/install -c -m 644 pkg.m4 '/home/VuAirOS/buildroot-2021.05/output/host/share/aclocal'
2025-12-13T21:30:06 /usr/bin/install -c -m 644 libpkgconf.pc '/home/VuAirOS/buildroot-2021.05/output/host/lib/pkgconfig'
2025-12-13T21:30:06 /usr/bin/mkdir -p '/home/VuAirOS/buildroot-2021.05/output/host/include/pkgconf/libpkgconf'
2025-12-13T21:30:06 /usr/bin/install -c -m 644 man/pkgconf.1 '/home/VuAirOS/buildroot-2021.05/output/host/share/man/man1'
2025-12-13T21:30:06 /usr/bin/install -c -m 644 man/pc.5 man/pkgconf-personality.5 '/home/VuAirOS/buildroot-2021.05/output/host/share/man/man5'
2025-12-13T21:30:06 /usr/bin/install -c -m 644 man/pkg.m4.7 '/home/VuAirOS/buildroot-2021.05/output/host/share/man/man7'
2025-12-13T21:30:06 /usr/bin/install -c -m 644  libpkgconf/bsdstubs.h libpkgconf/iter.h libpkgconf/libpkgconf.h libpkgconf/stdinc.h libpkgconf/libpkgconf-api.h '/home/VuAirOS/buildroot-2021.05/output/host/include/pkgconf/libpkgconf'
2025-12-13T21:30:06 libtool: install: /usr/bin/install -c .libs/libpkgconf.so.3.0.0 /home/VuAirOS/buildroot-2021.05/output/host/lib/libpkgconf.so.3.0.0
2025-12-13T21:30:06 libtool: install: (cd /home/VuAirOS/buildroot-2021.05/output/host/lib && { ln -s -f libpkgconf.so.3.0.0 libpkgconf.so.3 || { rm -f libpkgconf.so.3 && ln -s libpkgconf.so.3.0.0 libpkgconf.so.3; }; })
2025-12-13T21:30:06 libtool: install: (cd /home/VuAirOS/buildroot-2021.05/output/host/lib && { ln -s -f libpkgconf.so.3.0.0 libpkgconf.so || { rm -f libpkgconf.so && ln -s libpkgconf.so.3.0.0 libpkgconf.so; }; })
2025-12-13T21:30:06 libtool: install: /usr/bin/install -c .libs/libpkgconf.lai /home/VuAirOS/buildroot-2021.05/output/host/lib/libpkgconf.la
2025-12-13T21:30:06 libtool: finish: PATH="/home/VuAirOS/buildroot-2021.05/output/host/bin:/home/VuAirOS/buildroot-2021.05/output/host/sbin:/usr/local/sbin:/usr/local/bin:/usr/sbin:/usr/bin:/sbin:/bin:/usr/games:/usr/local/games:/usr/lib/wsl/lib:/sbin" ldconfig -n /home/VuAirOS/buildroot-2021.05/output/host/lib
2025-12-13T21:30:06 ----------------------------------------------------------------------
2025-12-13T21:30:06 Libraries have been installed in:
2025-12-13T21:30:06 /home/VuAirOS/buildroot-2021.05/output/host/lib
2025-12-13T21:30:06 
2025-12-13T21:30:06 If you ever happen to want to link against installed libraries
2025-12-13T21:30:06 in a given directory, LIBDIR, you must either use libtool, and
2025-12-13T21:30:06 specify the full pathname of the library, or use the '-LLIBDIR'
2025-12-13T21:30:06 flag during linking and do at least one of the following:
2025-12-13T21:30:06 - add LIBDIR to the 'LD_LIBRARY_PATH' environment variable
2025-12-13T21:30:06 during execution
2025-12-13T21:30:06 - add LIBDIR to the 'LD_RUN_PATH' environment variable
2025-12-13T21:30:06 during linking
2025-12-13T21:30:06 - use the '-Wl,-rpath -Wl,LIBDIR' linker flag
2025-12-13T21:30:06 - have your system administrator add LIBDIR to '/etc/ld.so.conf'
2025-12-13T21:30:06 
2025-12-13T21:30:06 See any operating system documentation about shared libraries for
2025-12-13T21:30:06 more information, such as the ld(1) and ld.so(8) manual pages.
2025-12-13T21:30:06 ----------------------------------------------------------------------
2025-12-13T21:30:06 /usr/bin/mkdir -p '/home/VuAirOS/buildroot-2021.05/output/host/bin'
2025-12-13T21:30:06 /bin/bash ./libtool   --mode=install /usr/bin/install -c pkgconf '/home/VuAirOS/buildroot-2021.05/output/host/bin'
2025-12-13T21:30:06 libtool: install: /usr/bin/install -c pkgconf /home/VuAirOS/buildroot-2021.05/output/host/bin/pkgconf
2025-12-13T21:30:06 make[2]: Leaving directory '/home/VuAirOS/buildroot-2021.05/output/build/host-pkgconf-1.6.3'
2025-12-13T21:30:06 make[1]: Leaving directory '/home/VuAirOS/buildroot-2021.05/output/build/host-pkgconf-1.6.3'
2025-12-13T21:30:06 /usr/bin/install -m 0755 -D package/pkgconf/pkg-config.in /home/VuAirOS/buildroot-2021.05/output/host/bin/pkg-config
2025-12-13T21:30:06 /usr/bin/sed -i -e 's,@STAGING_SUBDIR@,riscv64-buildroot-linux-musl/sysroot,g' /home/VuAirOS/buildroot-2021.05/output/host/bin/pkg-config
2025-12-13T21:30:06 /usr/bin/sed -i -e 's,@STATIC@,,' /home/VuAirOS/buildroot-2021.05/output/host/bin/pkg-config
2025-12-13T21:30:06 lzo-2.10.tar.gz: OK (sha1: 4924676a9bae5db58ef129dc1cebce3baa3c4b5d)
2025-12-13T21:30:06 lzo-2.10.tar.gz: OK (sha256: c0f892943208266f9b6543b3ae308fab6284c5c90e627931446fb49b4221a072)
2025-12-13T21:30:06 [7m>>> host-lzo 2.10 Extracting[27m
2025-12-13T21:30:06 gzip -d -c /home/VuAirOS/buildroot-2021.05/dl/lzo/lzo-2.10.tar.gz | tar --strip-components=1 -C /home/VuAirOS/buildroot-2021.05/output/build/host-lzo-2.10   -xf -
2025-12-13T21:30:06 [7m>>> host-lzo 2.10 Patching[27m
2025-12-13T21:30:06 [7m>>> host-lzo 2.10 Configuring[27m
2025-12-13T21:30:06 (mkdir -p /home/VuAirOS/buildroot-2021.05/output/build/host-lzo-2.10//buildroot-build && cd /home/VuAirOS/buildroot-2021.05/output/build/host-lzo-2.10//buildroot-build && rm -f CMakeCache.txt && PATH="/home/VuAirOS/buildroot-2021.05/output/host/bin:/home/VuAirOS/buildroot-2021.05/output/host/sbin:/usr/local/sbin:/usr/local/bin:/usr/sbin:/usr/bin:/sbin:/bin:/usr/games:/usr/local/games:/usr/lib/wsl/lib" PKG_CONFIG="/home/VuAirOS/buildroot-2021.05/output/host/bin/pkg-config" PKG_CONFIG_SYSROOT_DIR="/" PKG_CONFIG_LIBDIR="/home/VuAirOS/buildroot-2021.05/output/host/lib/pkgconfig:/home/VuAirOS/buildroot-2021.05/output/host/share/pkgconfig" PKG_CONFIG_ALLOW_SYSTEM_CFLAGS=1 PKG_CONFIG_ALLOW_SYSTEM_LIBS=1  /usr/bin/cmake /home/VuAirOS/buildroot-2021.05/output/build/host-lzo-2.10/ -DCMAKE_INSTALL_SO_NO_EXE=0 -DCMAKE_FIND_ROOT_PATH="/home/VuAirOS/buildroot-2021.05/output/host" -DCMAKE_FIND_ROOT_PATH_MODE_PROGRAM="BOTH" -DCMAKE_FIND_ROOT_PATH_MODE_LIBRARY="BOTH" -DCMAKE_FIND_ROOT_PATH_MODE_INCLUDE="BOTH" -DCMAKE_INSTALL_PREFIX="/home/VuAirOS/buildroot-2021.05/output/host" -DCMAKE_C_FLAGS="-O2 -I/home/VuAirOS/buildroot-2021.05/output/host/include" -DCMAKE_CXX_FLAGS="-O2 -I/home/VuAirOS/buildroot-2021.05/output/host/include" -DCMAKE_EXE_LINKER_FLAGS="-L/home/VuAirOS/buildroot-2021.05/output/host/lib -Wl,-rpath,/home/VuAirOS/buildroot-2021.05/output/host/lib" -DCMAKE_SHARED_LINKER_FLAGS="-L/home/VuAirOS/buildroot-2021.05/output/host/lib -Wl,-rpath,/home/VuAirOS/buildroot-2021.05/output/host/lib" -DCMAKE_ASM_COMPILER="/usr/bin/as" -DCMAKE_C_COMPILER="/usr/bin/gcc" -DCMAKE_CXX_COMPILER="/usr/bin/g++"  -DCMAKE_C_COMPILER_LAUNCHER="" -DCMAKE_CXX_COMPILER_LAUNCHER=""  -DCMAKE_COLOR_MAKEFILE=OFF -DBUILD_DOC=OFF -DBUILD_DOCS=OFF -DBUILD_EXAMPLE=OFF -DBUILD_EXAMPLES=OFF -DBUILD_TEST=OFF -DBUILD_TESTS=OFF -DBUILD_TESTING=OFF -DBUILD_SHARED_LIBS=ON  -DENABLE_SHARED=ON -DENABLE_STATIC=OFF )
2025-12-13T21:30:06 -- The C compiler identification is GNU 11.4.0
2025-12-13T21:30:06 -- Detecting C compiler ABI info
2025-12-13T21:30:06 -- Detecting C compiler ABI info - done
2025-12-13T21:30:06 -- Check for working C compiler: /usr/bin/gcc - skipped
2025-12-13T21:30:06 -- Detecting C compile features
2025-12-13T21:30:06 -- Detecting C compile features - done
2025-12-13T21:30:06 -- Found PkgConfig: /home/VuAirOS/buildroot-2021.05/output/host/bin/pkg-config (found version "1.6.3")
2025-12-13T21:30:06 -- Looking for assert.h
2025-12-13T21:30:07 -- Looking for assert.h - found
2025-12-13T21:30:07 -- Looking for ctype.h
2025-12-13T21:30:07 -- Looking for ctype.h - found
2025-12-13T21:30:07 -- Looking for dirent.h
2025-12-13T21:30:07 -- Looking for dirent.h - found
2025-12-13T21:30:07 -- Looking for errno.h
2025-12-13T21:30:07 -- Looking for errno.h - found
2025-12-13T21:30:07 -- Looking for fcntl.h
2025-12-13T21:30:07 -- Looking for fcntl.h - found
2025-12-13T21:30:07 -- Looking for float.h
2025-12-13T21:30:07 -- Looking for float.h - found
2025-12-13T21:30:07 -- Looking for limits.h
2025-12-13T21:30:07 -- Looking for limits.h - found
2025-12-13T21:30:07 -- Looking for malloc.h
2025-12-13T21:30:07 -- Looking for malloc.h - found
2025-12-13T21:30:07 -- Looking for memory.h
2025-12-13T21:30:07 -- Looking for memory.h - found
2025-12-13T21:30:07 -- Looking for setjmp.h
2025-12-13T21:30:07 -- Looking for setjmp.h - found
2025-12-13T21:30:07 -- Looking for signal.h
2025-12-13T21:30:07 -- Looking for signal.h - found
2025-12-13T21:30:07 -- Looking for stdarg.h
2025-12-13T21:30:07 -- Looking for stdarg.h - found
2025-12-13T21:30:07 -- Looking for stddef.h
2025-12-13T21:30:07 -- Looking for stddef.h - found
2025-12-13T21:30:07 -- Looking for stdint.h
2025-12-13T21:30:07 -- Looking for stdint.h - found
2025-12-13T21:30:07 -- Looking for stdio.h
2025-12-13T21:30:07 -- Looking for stdio.h - found
2025-12-13T21:30:07 -- Looking for stdlib.h
2025-12-13T21:30:07 -- Looking for stdlib.h - found
2025-12-13T21:30:07 -- Looking for string.h
2025-12-13T21:30:07 -- Looking for string.h - found
2025-12-13T21:30:07 -- Looking for strings.h
2025-12-13T21:30:07 -- Looking for strings.h - found
2025-12-13T21:30:07 -- Looking for time.h
2025-12-13T21:30:07 -- Looking for time.h - found
2025-12-13T21:30:07 -- Looking for unistd.h
2025-12-13T21:30:07 -- Looking for unistd.h - found
2025-12-13T21:30:07 -- Looking for utime.h
2025-12-13T21:30:07 -- Looking for utime.h - found
2025-12-13T21:30:07 -- Looking for sys/mman.h
2025-12-13T21:30:07 -- Looking for sys/mman.h - found
2025-12-13T21:30:07 -- Looking for sys/resource.h
2025-12-13T21:30:07 -- Looking for sys/resource.h - found
2025-12-13T21:30:07 -- Looking for sys/stat.h
2025-12-13T21:30:07 -- Looking for sys/stat.h - found
2025-12-13T21:30:07 -- Looking for sys/time.h
2025-12-13T21:30:07 -- Looking for sys/time.h - found
2025-12-13T21:30:07 -- Looking for sys/types.h
2025-12-13T21:30:07 -- Looking for sys/types.h - found
2025-12-13T21:30:07 -- Looking for sys/wait.h
2025-12-13T21:30:08 -- Looking for sys/wait.h - found
2025-12-13T21:30:08 -- Looking for sys/types.h
2025-12-13T21:30:08 -- Looking for sys/types.h - found
2025-12-13T21:30:08 -- Looking for stdint.h
2025-12-13T21:30:08 -- Looking for stdint.h - found
2025-12-13T21:30:08 -- Looking for stddef.h
2025-12-13T21:30:08 -- Looking for stddef.h - found
2025-12-13T21:30:08 -- Check size of short
2025-12-13T21:30:08 -- Check size of short - done
2025-12-13T21:30:08 -- Check size of int
2025-12-13T21:30:08 -- Check size of int - done
2025-12-13T21:30:08 -- Check size of long
2025-12-13T21:30:08 -- Check size of long - done
2025-12-13T21:30:08 -- Check size of long long
2025-12-13T21:30:08 -- Check size of long long - done
2025-12-13T21:30:08 -- Check size of __int16
2025-12-13T21:30:08 -- Check size of __int16 - failed
2025-12-13T21:30:08 -- Check size of __int32
2025-12-13T21:30:08 -- Check size of __int32 - failed
2025-12-13T21:30:08 -- Check size of __int64
2025-12-13T21:30:08 -- Check size of __int64 - failed
2025-12-13T21:30:08 -- Check size of void *
2025-12-13T21:30:08 -- Check size of void * - done
2025-12-13T21:30:08 -- Check size of size_t
2025-12-13T21:30:08 -- Check size of size_t - done
2025-12-13T21:30:08 -- Check size of ptrdiff_t
2025-12-13T21:30:08 -- Check size of ptrdiff_t - done
2025-12-13T21:30:08 -- Check size of intmax_t
2025-12-13T21:30:08 -- Check size of intmax_t - done
2025-12-13T21:30:08 -- Check size of uintmax_t
2025-12-13T21:30:08 -- Check size of uintmax_t - done
2025-12-13T21:30:08 -- Check size of intptr_t
2025-12-13T21:30:08 -- Check size of intptr_t - done
2025-12-13T21:30:08 -- Check size of uintptr_t
2025-12-13T21:30:08 -- Check size of uintptr_t - done
2025-12-13T21:30:08 -- Check size of float
2025-12-13T21:30:08 -- Check size of float - done
2025-12-13T21:30:08 -- Check size of double
2025-12-13T21:30:08 -- Check size of double - done
2025-12-13T21:30:08 -- Check size of long double
2025-12-13T21:30:08 -- Check size of long double - done
2025-12-13T21:30:08 -- Check size of dev_t
2025-12-13T21:30:08 -- Check size of dev_t - done
2025-12-13T21:30:08 -- Check size of fpos_t
2025-12-13T21:30:08 -- Check size of fpos_t - failed
2025-12-13T21:30:08 -- Check size of mode_t
2025-12-13T21:30:08 -- Check size of mode_t - done
2025-12-13T21:30:08 -- Check size of off_t
2025-12-13T21:30:08 -- Check size of off_t - done
2025-12-13T21:30:08 -- Check size of ssize_t
2025-12-13T21:30:08 -- Check size of ssize_t - done
2025-12-13T21:30:08 -- Check size of time_t
2025-12-13T21:30:08 -- Check size of time_t - done
2025-12-13T21:30:08 -- Looking for access
2025-12-13T21:30:08 -- Looking for access - found
2025-12-13T21:30:08 -- Looking for alloca
2025-12-13T21:30:09 -- Looking for alloca - not found
2025-12-13T21:30:09 -- Looking for atexit
2025-12-13T21:30:09 -- Looking for atexit - found
2025-12-13T21:30:09 -- Looking for atoi
2025-12-13T21:30:09 -- Looking for atoi - found
2025-12-13T21:30:09 -- Looking for atol
2025-12-13T21:30:09 -- Looking for atol - found
2025-12-13T21:30:09 -- Looking for chmod
2025-12-13T21:30:09 -- Looking for chmod - found
2025-12-13T21:30:09 -- Looking for chown
2025-12-13T21:30:09 -- Looking for chown - found
2025-12-13T21:30:09 -- Looking for clock_getcpuclockid
2025-12-13T21:30:09 -- Looking for clock_getcpuclockid - found
2025-12-13T21:30:09 -- Looking for clock_getres
2025-12-13T21:30:09 -- Looking for clock_getres - found
2025-12-13T21:30:09 -- Looking for clock_gettime
2025-12-13T21:30:09 -- Looking for clock_gettime - found
2025-12-13T21:30:09 -- Looking for ctime
2025-12-13T21:30:09 -- Looking for ctime - found
2025-12-13T21:30:09 -- Looking for difftime
2025-12-13T21:30:09 -- Looking for difftime - found
2025-12-13T21:30:09 -- Looking for fstat
2025-12-13T21:30:09 -- Looking for fstat - found
2025-12-13T21:30:09 -- Looking for getenv
2025-12-13T21:30:09 -- Looking for getenv - found
2025-12-13T21:30:09 -- Looking for getpagesize
2025-12-13T21:30:09 -- Looking for getpagesize - found
2025-12-13T21:30:09 -- Looking for getrusage
2025-12-13T21:30:09 -- Looking for getrusage - found
2025-12-13T21:30:09 -- Looking for gettimeofday
2025-12-13T21:30:09 -- Looking for gettimeofday - found
2025-12-13T21:30:09 -- Looking for gmtime
2025-12-13T21:30:09 -- Looking for gmtime - found
2025-12-13T21:30:09 -- Looking for isatty
2025-12-13T21:30:09 -- Looking for isatty - found
2025-12-13T21:30:09 -- Looking for localtime
2025-12-13T21:30:09 -- Looking for localtime - found
2025-12-13T21:30:09 -- Looking for longjmp
2025-12-13T21:30:09 -- Looking for longjmp - found
2025-12-13T21:30:09 -- Looking for lstat
2025-12-13T21:30:09 -- Looking for lstat - found
2025-12-13T21:30:09 -- Looking for memcmp
2025-12-13T21:30:09 -- Looking for memcmp - found
2025-12-13T21:30:09 -- Looking for memcpy
2025-12-13T21:30:09 -- Looking for memcpy - found
2025-12-13T21:30:09 -- Looking for memmove
2025-12-13T21:30:09 -- Looking for memmove - found
2025-12-13T21:30:09 -- Looking for memset
2025-12-13T21:30:09 -- Looking for memset - found
2025-12-13T21:30:09 -- Looking for mkdir
2025-12-13T21:30:09 -- Looking for mkdir - found
2025-12-13T21:30:09 -- Looking for mktime
2025-12-13T21:30:09 -- Looking for mktime - found
2025-12-13T21:30:09 -- Looking for mmap
2025-12-13T21:30:10 -- Looking for mmap - found
2025-12-13T21:30:10 -- Looking for mprotect
2025-12-13T21:30:10 -- Looking for mprotect - found
2025-12-13T21:30:10 -- Looking for munmap
2025-12-13T21:30:10 -- Looking for munmap - found
2025-12-13T21:30:10 -- Looking for qsort
2025-12-13T21:30:10 -- Looking for qsort - found
2025-12-13T21:30:10 -- Looking for raise
2025-12-13T21:30:10 -- Looking for raise - found
2025-12-13T21:30:10 -- Looking for rmdir
2025-12-13T21:30:10 -- Looking for rmdir - found
2025-12-13T21:30:10 -- Looking for setjmp
2025-12-13T21:30:10 -- Looking for setjmp - found
2025-12-13T21:30:10 -- Looking for signal
2025-12-13T21:30:10 -- Looking for signal - found
2025-12-13T21:30:10 -- Looking for snprintf
2025-12-13T21:30:10 -- Looking for snprintf - found
2025-12-13T21:30:10 -- Looking for strcasecmp
2025-12-13T21:30:10 -- Looking for strcasecmp - found
2025-12-13T21:30:10 -- Looking for strchr
2025-12-13T21:30:10 -- Looking for strchr - found
2025-12-13T21:30:10 -- Looking for strdup
2025-12-13T21:30:10 -- Looking for strdup - found
2025-12-13T21:30:10 -- Looking for strerror
2025-12-13T21:30:10 -- Looking for strerror - found
2025-12-13T21:30:10 -- Looking for strftime
2025-12-13T21:30:10 -- Looking for strftime - found
2025-12-13T21:30:10 -- Looking for stricmp
2025-12-13T21:30:10 -- Looking for stricmp - not found
2025-12-13T21:30:10 -- Looking for strncasecmp
2025-12-13T21:30:10 -- Looking for strncasecmp - found
2025-12-13T21:30:10 -- Looking for strnicmp
2025-12-13T21:30:10 -- Looking for strnicmp - not found
2025-12-13T21:30:10 -- Looking for strrchr
2025-12-13T21:30:10 -- Looking for strrchr - found
2025-12-13T21:30:10 -- Looking for strstr
2025-12-13T21:30:10 -- Looking for strstr - found
2025-12-13T21:30:10 -- Looking for time
2025-12-13T21:30:10 -- Looking for time - found
2025-12-13T21:30:10 -- Looking for umask
2025-12-13T21:30:10 -- Looking for umask - found
2025-12-13T21:30:10 -- Looking for utime
2025-12-13T21:30:10 -- Looking for utime - found
2025-12-13T21:30:10 -- Looking for vsnprintf
2025-12-13T21:30:10 -- Looking for vsnprintf - found
2025-12-13T21:30:10 -- CMAKE_BUILD_TYPE = Release
2025-12-13T21:30:10 -- Configuring done
2025-12-13T21:30:10 -- Generating done
2025-12-13T21:30:10 [33mCMake Warning:
2025-12-13T21:30:10 Manually-specified variables were not used by the project:
2025-12-13T21:30:10 
2025-12-13T21:30:10 BUILD_DOC
2025-12-13T21:30:10 BUILD_DOCS
2025-12-13T21:30:10 BUILD_EXAMPLE
2025-12-13T21:30:10 BUILD_EXAMPLES
2025-12-13T21:30:10 BUILD_TEST
2025-12-13T21:30:10 BUILD_TESTS
2025-12-13T21:30:10 CMAKE_ASM_COMPILER
2025-12-13T21:30:10 CMAKE_CXX_COMPILER
2025-12-13T21:30:10 CMAKE_CXX_FLAGS
2025-12-13T21:30:10 CMAKE_FIND_ROOT_PATH_MODE_LIBRARY
2025-12-13T21:30:10 
2025-12-13T21:30:10 [0m
2025-12-13T21:30:10 -- Build files have been written to: /home/VuAirOS/buildroot-2021.05/output/build/host-lzo-2.10/buildroot-build
2025-12-13T21:30:10 [7m>>> host-lzo 2.10 Building[27m
2025-12-13T21:30:10 PATH="/home/VuAirOS/buildroot-2021.05/output/host/bin:/home/VuAirOS/buildroot-2021.05/output/host/sbin:/usr/local/sbin:/usr/local/bin:/usr/sbin:/usr/bin:/sbin:/bin:/usr/games:/usr/local/games:/usr/lib/wsl/lib" PKG_CONFIG="/home/VuAirOS/buildroot-2021.05/output/host/bin/pkg-config" PKG_CONFIG_SYSROOT_DIR="/" PKG_CONFIG_ALLOW_SYSTEM_CFLAGS=1 PKG_CONFIG_ALLOW_SYSTEM_LIBS=1 PKG_CONFIG_LIBDIR="/home/VuAirOS/buildroot-2021.05/output/host/lib/pkgconfig:/home/VuAirOS/buildroot-2021.05/output/host/share/pkgconfig"  /usr/bin/make   -C /home/VuAirOS/buildroot-2021.05/output/build/host-lzo-2.10//buildroot-build
2025-12-13T21:30:10 make[1]: Entering directory '/home/VuAirOS/buildroot-2021.05/output/build/host-lzo-2.10/buildroot-build'
2025-12-13T21:30:10 make[2]: Entering directory '/home/VuAirOS/buildroot-2021.05/output/build/host-lzo-2.10/buildroot-build'
2025-12-13T21:30:10 make[3]: Entering directory '/home/VuAirOS/buildroot-2021.05/output/build/host-lzo-2.10/buildroot-build'
2025-12-13T21:30:10 make[3]: Entering directory '/home/VuAirOS/buildroot-2021.05/output/build/host-lzo-2.10/buildroot-build'
2025-12-13T21:30:10 make[3]: Leaving directory '/home/VuAirOS/buildroot-2021.05/output/build/host-lzo-2.10/buildroot-build'
2025-12-13T21:30:10 make[3]: Leaving directory '/home/VuAirOS/buildroot-2021.05/output/build/host-lzo-2.10/buildroot-build'
2025-12-13T21:30:10 make[3]: Entering directory '/home/VuAirOS/buildroot-2021.05/output/build/host-lzo-2.10/buildroot-build'
2025-12-13T21:30:10 make[3]: Entering directory '/home/VuAirOS/buildroot-2021.05/output/build/host-lzo-2.10/buildroot-build'
2025-12-13T21:30:10 [  3%] Building C object CMakeFiles/testmini.dir/minilzo/minilzo.c.o
2025-12-13T21:30:10 [  3%] Building C object CMakeFiles/testmini.dir/minilzo/testmini.c.o
2025-12-13T21:30:10 [  3%] Building C object CMakeFiles/lzo_shared_lib.dir/src/lzo1.c.o
2025-12-13T21:30:10 [  5%] Building C object CMakeFiles/lzo_shared_lib.dir/src/lzo1a.c.o
2025-12-13T21:30:10 [  5%] Building C object CMakeFiles/lzo_shared_lib.dir/src/lzo1_99.c.o
2025-12-13T21:30:10 [  7%] Building C object CMakeFiles/lzo_shared_lib.dir/src/lzo1a_99.c.o
2025-12-13T21:30:10 [  8%] Building C object CMakeFiles/lzo_shared_lib.dir/src/lzo1b_2.c.o
2025-12-13T21:30:10 [  9%] Building C object CMakeFiles/lzo_shared_lib.dir/src/lzo1b_1.c.o
2025-12-13T21:30:10 [ 10%] Building C object CMakeFiles/lzo_shared_lib.dir/src/lzo1b_3.c.o
2025-12-13T21:30:10 [ 11%] Building C object CMakeFiles/lzo_shared_lib.dir/src/lzo1b_4.c.o
2025-12-13T21:30:10 [ 12%] Building C object CMakeFiles/lzo_shared_lib.dir/src/lzo1b_9.c.o
2025-12-13T21:30:10 [ 14%] Building C object CMakeFiles/lzo_shared_lib.dir/src/lzo1b_6.c.o
2025-12-13T21:30:10 [ 15%] Building C object CMakeFiles/lzo_shared_lib.dir/src/lzo1b_5.c.o
2025-12-13T21:30:10 [ 16%] Building C object CMakeFiles/lzo_shared_lib.dir/src/lzo1b_99.c.o
2025-12-13T21:30:10 [ 17%] Building C object CMakeFiles/lzo_shared_lib.dir/src/lzo1b_7.c.o
2025-12-13T21:30:10 [ 18%] Building C object CMakeFiles/lzo_shared_lib.dir/src/lzo1b_8.c.o
2025-12-13T21:30:10 [ 20%] Building C object CMakeFiles/lzo_shared_lib.dir/src/lzo1b_9x.c.o
2025-12-13T21:30:10 [ 21%] Building C object CMakeFiles/lzo_shared_lib.dir/src/lzo1b_cc.c.o
2025-12-13T21:30:10 [ 23%] Building C object CMakeFiles/lzo_shared_lib.dir/src/lzo1b_d2.c.o
2025-12-13T21:30:10 [ 23%] Building C object CMakeFiles/lzo_shared_lib.dir/src/lzo1b_d1.c.o
2025-12-13T21:30:11 [ 24%] Building C object CMakeFiles/lzo_shared_lib.dir/src/lzo1b_xx.c.o
2025-12-13T21:30:11 [ 27%] Building C object CMakeFiles/lzo_shared_lib.dir/src/lzo1c_1.c.o
2025-12-13T21:30:11 [ 27%] Building C object CMakeFiles/lzo_shared_lib.dir/src/lzo1c_3.c.o
2025-12-13T21:30:11 [ 30%] Building C object CMakeFiles/lzo_shared_lib.dir/src/lzo1b_rr.c.o
2025-12-13T21:30:11 [ 30%] Building C object CMakeFiles/lzo_shared_lib.dir/src/lzo1c_2.c.o
2025-12-13T21:30:11 [ 30%] Building C object CMakeFiles/lzo_shared_lib.dir/src/lzo1c_4.c.o
2025-12-13T21:30:11 [ 32%] Building C object CMakeFiles/lzo_shared_lib.dir/src/lzo1c_6.c.o
2025-12-13T21:30:11 [ 32%] Building C object CMakeFiles/lzo_shared_lib.dir/src/lzo1c_5.c.o
2025-12-13T21:30:11 [ 34%] Building C object CMakeFiles/lzo_shared_lib.dir/src/lzo1c_7.c.o
2025-12-13T21:30:11 [ 35%] Building C object CMakeFiles/lzo_shared_lib.dir/src/lzo1c_8.c.o
2025-12-13T21:30:11 [ 36%] Building C object CMakeFiles/lzo_shared_lib.dir/src/lzo1c_9.c.o
2025-12-13T21:30:11 [ 38%] Building C object CMakeFiles/lzo_shared_lib.dir/src/lzo1c_99.c.o
2025-12-13T21:30:11 [ 38%] Building C object CMakeFiles/lzo_shared_lib.dir/src/lzo1c_9x.c.o
2025-12-13T21:30:11 [ 40%] Building C object CMakeFiles/lzo_shared_lib.dir/src/lzo1c_cc.c.o
2025-12-13T21:30:11 [ 41%] Building C object CMakeFiles/lzo_shared_lib.dir/src/lzo1c_d1.c.o
2025-12-13T21:30:11 [ 42%] Building C object CMakeFiles/lzo_shared_lib.dir/src/lzo1c_d2.c.o
2025-12-13T21:30:11 [ 43%] Building C object CMakeFiles/lzo_shared_lib.dir/src/lzo1c_rr.c.o
2025-12-13T21:30:11 [ 44%] Building C object CMakeFiles/lzo_shared_lib.dir/src/lzo1c_xx.c.o
2025-12-13T21:30:11 [ 45%] Building C object CMakeFiles/lzo_shared_lib.dir/src/lzo1f_1.c.o
2025-12-13T21:30:11 [ 47%] Building C object CMakeFiles/lzo_shared_lib.dir/src/lzo1f_9x.c.o
2025-12-13T21:30:11 [ 48%] Building C object CMakeFiles/lzo_shared_lib.dir/src/lzo1f_d1.c.o
2025-12-13T21:30:11 [ 49%] Building C object CMakeFiles/lzo_shared_lib.dir/src/lzo1f_d2.c.o
2025-12-13T21:30:11 [ 50%] Building C object CMakeFiles/lzo_shared_lib.dir/src/lzo1x_1.c.o
2025-12-13T21:30:11 [ 51%] Linking C executable testmini
2025-12-13T21:30:11 [ 52%] Building C object CMakeFiles/lzo_shared_lib.dir/src/lzo1x_1k.c.o
2025-12-13T21:30:11 [ 54%] Building C object CMakeFiles/lzo_shared_lib.dir/src/lzo1x_1l.c.o
2025-12-13T21:30:11 [ 55%] Building C object CMakeFiles/lzo_shared_lib.dir/src/lzo1x_9x.c.o
2025-12-13T21:30:11 [ 56%] Building C object CMakeFiles/lzo_shared_lib.dir/src/lzo1x_d1.c.o
2025-12-13T21:30:11 make[3]: Leaving directory '/home/VuAirOS/buildroot-2021.05/output/build/host-lzo-2.10/buildroot-build'
2025-12-13T21:30:11 [ 57%] Building C object CMakeFiles/lzo_shared_lib.dir/src/lzo1x_d2.c.o
2025-12-13T21:30:11 [ 58%] Building C object CMakeFiles/lzo_shared_lib.dir/src/lzo1x_d3.c.o
2025-12-13T21:30:11 [ 58%] Built target testmini
2025-12-13T21:30:11 [ 60%] Building C object CMakeFiles/lzo_shared_lib.dir/src/lzo1x_1o.c.o
2025-12-13T21:30:11 [ 63%] Building C object CMakeFiles/lzo_shared_lib.dir/src/lzo1x_o.c.o
2025-12-13T21:30:11 [ 63%] Building C object CMakeFiles/lzo_shared_lib.dir/src/lzo1y_9x.c.o
2025-12-13T21:30:11 [ 63%] Building C object CMakeFiles/lzo_shared_lib.dir/src/lzo1y_1.c.o
2025-12-13T21:30:11 [ 64%] Building C object CMakeFiles/lzo_shared_lib.dir/src/lzo1y_d2.c.o
2025-12-13T21:30:11 [ 65%] Building C object CMakeFiles/lzo_shared_lib.dir/src/lzo1y_d3.c.o
2025-12-13T21:30:11 [ 67%] Building C object CMakeFiles/lzo_shared_lib.dir/src/lzo1y_o.c.o
2025-12-13T21:30:11 [ 68%] Building C object CMakeFiles/lzo_shared_lib.dir/src/lzo1y_d1.c.o
2025-12-13T21:30:11 [ 69%] Building C object CMakeFiles/lzo_shared_lib.dir/src/lzo1z_9x.c.o
2025-12-13T21:30:11 [ 70%] Building C object CMakeFiles/lzo_shared_lib.dir/src/lzo1z_d1.c.o
2025-12-13T21:30:11 [ 72%] Building C object CMakeFiles/lzo_shared_lib.dir/src/lzo1z_d2.c.o
2025-12-13T21:30:11 [ 74%] Building C object CMakeFiles/lzo_shared_lib.dir/src/lzo2a_d1.c.o
2025-12-13T21:30:11 [ 74%] Building C object CMakeFiles/lzo_shared_lib.dir/src/lzo2a_9x.c.o
2025-12-13T21:30:11 [ 75%] Building C object CMakeFiles/lzo_shared_lib.dir/src/lzo2a_d2.c.o
2025-12-13T21:30:11 [ 76%] Building C object CMakeFiles/lzo_shared_lib.dir/src/lzo1z_d3.c.o
2025-12-13T21:30:11 [ 77%] Building C object CMakeFiles/lzo_shared_lib.dir/src/lzo_crc.c.o
2025-12-13T21:30:11 [ 78%] Building C object CMakeFiles/lzo_shared_lib.dir/src/lzo_init.c.o
2025-12-13T21:30:11 [ 80%] Building C object CMakeFiles/lzo_shared_lib.dir/src/lzo_str.c.o
2025-12-13T21:30:11 [ 81%] Building C object CMakeFiles/lzo_shared_lib.dir/src/lzo_util.c.o
2025-12-13T21:30:11 [ 82%] Building C object CMakeFiles/lzo_shared_lib.dir/src/lzo_ptr.c.o
2025-12-13T21:30:11 [ 83%] Linking C shared library liblzo2.so
2025-12-13T21:30:11 make[3]: Leaving directory '/home/VuAirOS/buildroot-2021.05/output/build/host-lzo-2.10/buildroot-build'
2025-12-13T21:30:11 [ 83%] Built target lzo_shared_lib
2025-12-13T21:30:11 make[3]: Entering directory '/home/VuAirOS/buildroot-2021.05/output/build/host-lzo-2.10/buildroot-build'
2025-12-13T21:30:11 make[3]: Entering directory '/home/VuAirOS/buildroot-2021.05/output/build/host-lzo-2.10/buildroot-build'
2025-12-13T21:30:11 make[3]: Entering directory '/home/VuAirOS/buildroot-2021.05/output/build/host-lzo-2.10/buildroot-build'
2025-12-13T21:30:11 make[3]: Entering directory '/home/VuAirOS/buildroot-2021.05/output/build/host-lzo-2.10/buildroot-build'
2025-12-13T21:30:11 make[3]: Entering directory '/home/VuAirOS/buildroot-2021.05/output/build/host-lzo-2.10/buildroot-build'
2025-12-13T21:30:11 make[3]: Entering directory '/home/VuAirOS/buildroot-2021.05/output/build/host-lzo-2.10/buildroot-build'
2025-12-13T21:30:11 make[3]: Entering directory '/home/VuAirOS/buildroot-2021.05/output/build/host-lzo-2.10/buildroot-build'
2025-12-13T21:30:11 make[3]: Leaving directory '/home/VuAirOS/buildroot-2021.05/output/build/host-lzo-2.10/buildroot-build'
2025-12-13T21:30:11 make[3]: Leaving directory '/home/VuAirOS/buildroot-2021.05/output/build/host-lzo-2.10/buildroot-build'
2025-12-13T21:30:11 make[3]: Leaving directory '/home/VuAirOS/buildroot-2021.05/output/build/host-lzo-2.10/buildroot-build'
2025-12-13T21:30:11 make[3]: Leaving directory '/home/VuAirOS/buildroot-2021.05/output/build/host-lzo-2.10/buildroot-build'
2025-12-13T21:30:11 make[3]: Leaving directory '/home/VuAirOS/buildroot-2021.05/output/build/host-lzo-2.10/buildroot-build'
2025-12-13T21:30:11 make[3]: Leaving directory '/home/VuAirOS/buildroot-2021.05/output/build/host-lzo-2.10/buildroot-build'
2025-12-13T21:30:11 make[3]: Leaving directory '/home/VuAirOS/buildroot-2021.05/output/build/host-lzo-2.10/buildroot-build'
2025-12-13T21:30:11 make[3]: Entering directory '/home/VuAirOS/buildroot-2021.05/output/build/host-lzo-2.10/buildroot-build'
2025-12-13T21:30:11 make[3]: Entering directory '/home/VuAirOS/buildroot-2021.05/output/build/host-lzo-2.10/buildroot-build'
2025-12-13T21:30:11 make[3]: Entering directory '/home/VuAirOS/buildroot-2021.05/output/build/host-lzo-2.10/buildroot-build'
2025-12-13T21:30:11 make[3]: Entering directory '/home/VuAirOS/buildroot-2021.05/output/build/host-lzo-2.10/buildroot-build'
2025-12-13T21:30:11 make[3]: Entering directory '/home/VuAirOS/buildroot-2021.05/output/build/host-lzo-2.10/buildroot-build'
2025-12-13T21:30:11 make[3]: Entering directory '/home/VuAirOS/buildroot-2021.05/output/build/host-lzo-2.10/buildroot-build'
2025-12-13T21:30:11 make[3]: Entering directory '/home/VuAirOS/buildroot-2021.05/output/build/host-lzo-2.10/buildroot-build'
2025-12-13T21:30:11 [ 85%] Building C object CMakeFiles/dict.dir/examples/dict.c.o
2025-12-13T21:30:11 [ 85%] Building C object CMakeFiles/lzopack.dir/examples/lzopack.c.o
2025-12-13T21:30:11 [ 88%] Building C object CMakeFiles/precomp.dir/examples/precomp.c.o
2025-12-13T21:30:11 [ 88%] Building C object CMakeFiles/precomp2.dir/examples/precomp2.c.o
2025-12-13T21:30:11 [ 89%] Building C object CMakeFiles/lzotest.dir/lzotest/lzotest.c.o
2025-12-13T21:30:11 [ 90%] Building C object CMakeFiles/simple.dir/examples/simple.c.o
2025-12-13T21:30:11 [ 91%] Building C object CMakeFiles/overlap.dir/examples/overlap.c.o
2025-12-13T21:30:11 In file included from [01m[K/usr/include/stdio.h:894[m[K,
2025-12-13T21:30:11 from [01m[K/home/VuAirOS/buildroot-2021.05/output/build/host-lzo-2.10/src/lzo_supp.h:737[m[K,
2025-12-13T21:30:11 from [01m[K/home/VuAirOS/buildroot-2021.05/output/build/host-lzo-2.10/examples/portab_a.h:49[m[K,
2025-12-13T21:30:11 from [01m[K/home/VuAirOS/buildroot-2021.05/output/build/host-lzo-2.10/examples/portab.h:62[m[K,
2025-12-13T21:30:11 from [01m[K/home/VuAirOS/buildroot-2021.05/output/build/host-lzo-2.10/examples/simple.c:47[m[K:
2025-12-13T21:30:11 In function ‘[01m[Kprintf[m[K’,
2025-12-13T21:30:11 inlined from ‘[01m[Kxmalloc[m[K’ at [01m[K/home/VuAirOS/buildroot-2021.05/output/build/host-lzo-2.10/examples/portab.h:135:9[m[K:
2025-12-13T21:30:11 [01m[K/usr/include/x86_64-linux-gnu/bits/stdio2.h:112:10:[m[K [01;35m[Kwarning: [m[K‘[01m[K%s[m[K’ directive argument is null [[01;35m[K]8;;https://gcc.gnu.org/onlinedocs/gcc/Warning-Options.html#index-Wformat-overflow=-Wformat-overflow=]8;;[m[K]
2025-12-13T21:30:11 112 |   return [01;35m[K__printf_chk (__USE_FORTIFY_LEVEL - 1, __fmt, __va_arg_pack ())[m[K;
2025-12-13T21:30:11 |          [01;35m[K^~~~~~~~~~~~~~~~~~~~~~~~~~~~~~~~~~~~~~~~~~~~~~~~~~~~~~~~~~~~~~~[m[K
2025-12-13T21:30:11 In function ‘[01m[Kprintf[m[K’,
2025-12-13T21:30:11 inlined from ‘[01m[Kxmalloc[m[K’ at [01m[K/home/VuAirOS/buildroot-2021.05/output/build/host-lzo-2.10/examples/portab.h:130:9[m[K,
2025-12-13T21:30:11 inlined from ‘[01m[Kxmalloc[m[K’ at [01m[K/home/VuAirOS/buildroot-2021.05/output/build/host-lzo-2.10/examples/portab.h:122:18[m[K:
2025-12-13T21:30:11 [01m[K/usr/include/x86_64-linux-gnu/bits/stdio2.h:112:10:[m[K [01;35m[Kwarning: [m[K‘[01m[K%s[m[K’ directive argument is null [[01;35m[K]8;;https://gcc.gnu.org/onlinedocs/gcc/Warning-Options.html#index-Wformat-overflow=-Wformat-overflow=]8;;[m[K]
2025-12-13T21:30:11 112 |   return [01;35m[K__printf_chk (__USE_FORTIFY_LEVEL - 1, __fmt, __va_arg_pack ())[m[K;
2025-12-13T21:30:11 |          [01;35m[K^~~~~~~~~~~~~~~~~~~~~~~~~~~~~~~~~~~~~~~~~~~~~~~~~~~~~~~~~~~~~~~[m[K
2025-12-13T21:30:11 [ 92%] Linking C executable simple
2025-12-13T21:30:11 make[3]: Leaving directory '/home/VuAirOS/buildroot-2021.05/output/build/host-lzo-2.10/buildroot-build'
2025-12-13T21:30:11 [ 92%] Built target simple
2025-12-13T21:30:11 [ 94%] Linking C executable precomp
2025-12-13T21:30:11 [ 95%] Linking C executable precomp2
2025-12-13T21:30:11 [ 96%] Linking C executable overlap
2025-12-13T21:30:11 [ 97%] Linking C executable dict
2025-12-13T21:30:11 make[3]: Leaving directory '/home/VuAirOS/buildroot-2021.05/output/build/host-lzo-2.10/buildroot-build'
2025-12-13T21:30:11 make[3]: Leaving directory '/home/VuAirOS/buildroot-2021.05/output/build/host-lzo-2.10/buildroot-build'
2025-12-13T21:30:11 make[3]: Leaving directory '/home/VuAirOS/buildroot-2021.05/output/build/host-lzo-2.10/buildroot-build'
2025-12-13T21:30:11 [ 97%] Built target precomp
2025-12-13T21:30:11 [ 97%] Built target overlap
2025-12-13T21:30:11 [ 97%] Built target precomp2
2025-12-13T21:30:11 make[3]: Leaving directory '/home/VuAirOS/buildroot-2021.05/output/build/host-lzo-2.10/buildroot-build'
2025-12-13T21:30:11 [ 97%] Built target dict
2025-12-13T21:30:11 [ 98%] Linking C executable lzopack
2025-12-13T21:30:11 make[3]: Leaving directory '/home/VuAirOS/buildroot-2021.05/output/build/host-lzo-2.10/buildroot-build'
2025-12-13T21:30:11 [ 98%] Built target lzopack
2025-12-13T21:30:12 [100%] Linking C executable lzotest
2025-12-13T21:30:12 make[3]: Leaving directory '/home/VuAirOS/buildroot-2021.05/output/build/host-lzo-2.10/buildroot-build'
2025-12-13T21:30:12 [100%] Built target lzotest
2025-12-13T21:30:12 make[2]: Leaving directory '/home/VuAirOS/buildroot-2021.05/output/build/host-lzo-2.10/buildroot-build'
2025-12-13T21:30:12 make[1]: Leaving directory '/home/VuAirOS/buildroot-2021.05/output/build/host-lzo-2.10/buildroot-build'
2025-12-13T21:30:12 [7m>>> host-lzo 2.10 Installing to host directory[27m
2025-12-13T21:30:12 PATH="/home/VuAirOS/buildroot-2021.05/output/host/bin:/home/VuAirOS/buildroot-2021.05/output/host/sbin:/usr/local/sbin:/usr/local/bin:/usr/sbin:/usr/bin:/sbin:/bin:/usr/games:/usr/local/games:/usr/lib/wsl/lib" PKG_CONFIG="/home/VuAirOS/buildroot-2021.05/output/host/bin/pkg-config" PKG_CONFIG_SYSROOT_DIR="/" PKG_CONFIG_ALLOW_SYSTEM_CFLAGS=1 PKG_CONFIG_ALLOW_SYSTEM_LIBS=1 PKG_CONFIG_LIBDIR="/home/VuAirOS/buildroot-2021.05/output/host/lib/pkgconfig:/home/VuAirOS/buildroot-2021.05/output/host/share/pkgconfig"  /usr/bin/make   install -C /home/VuAirOS/buildroot-2021.05/output/build/host-lzo-2.10//buildroot-build
2025-12-13T21:30:12 make[1]: Entering directory '/home/VuAirOS/buildroot-2021.05/output/build/host-lzo-2.10/buildroot-build'
2025-12-13T21:30:12 make[2]: Entering directory '/home/VuAirOS/buildroot-2021.05/output/build/host-lzo-2.10/buildroot-build'
2025-12-13T21:30:12 make[3]: Entering directory '/home/VuAirOS/buildroot-2021.05/output/build/host-lzo-2.10/buildroot-build'
2025-12-13T21:30:12 make[3]: Entering directory '/home/VuAirOS/buildroot-2021.05/output/build/host-lzo-2.10/buildroot-build'
2025-12-13T21:30:12 Consolidate compiler generated dependencies of target testmini
2025-12-13T21:30:12 make[3]: Leaving directory '/home/VuAirOS/buildroot-2021.05/output/build/host-lzo-2.10/buildroot-build'
2025-12-13T21:30:12 Consolidate compiler generated dependencies of target lzo_shared_lib
2025-12-13T21:30:12 [  3%] Built target testmini
2025-12-13T21:30:12 make[3]: Leaving directory '/home/VuAirOS/buildroot-2021.05/output/build/host-lzo-2.10/buildroot-build'
2025-12-13T21:30:12 [ 83%] Built target lzo_shared_lib
2025-12-13T21:30:12 make[3]: Entering directory '/home/VuAirOS/buildroot-2021.05/output/build/host-lzo-2.10/buildroot-build'
2025-12-13T21:30:12 make[3]: Entering directory '/home/VuAirOS/buildroot-2021.05/output/build/host-lzo-2.10/buildroot-build'
2025-12-13T21:30:12 make[3]: Entering directory '/home/VuAirOS/buildroot-2021.05/output/build/host-lzo-2.10/buildroot-build'
2025-12-13T21:30:12 make[3]: Entering directory '/home/VuAirOS/buildroot-2021.05/output/build/host-lzo-2.10/buildroot-build'
2025-12-13T21:30:12 make[3]: Entering directory '/home/VuAirOS/buildroot-2021.05/output/build/host-lzo-2.10/buildroot-build'
2025-12-13T21:30:12 make[3]: Entering directory '/home/VuAirOS/buildroot-2021.05/output/build/host-lzo-2.10/buildroot-build'
2025-12-13T21:30:12 make[3]: Entering directory '/home/VuAirOS/buildroot-2021.05/output/build/host-lzo-2.10/buildroot-build'
2025-12-13T21:30:12 Consolidate compiler generated dependencies of target overlap
2025-12-13T21:30:12 Consolidate compiler generated dependencies of target dict
2025-12-13T21:30:12 Consolidate compiler generated dependencies of target lzotest
2025-12-13T21:30:12 Consolidate compiler generated dependencies of target lzopack
2025-12-13T21:30:12 Consolidate compiler generated dependencies of target precomp
2025-12-13T21:30:12 Consolidate compiler generated dependencies of target precomp2
2025-12-13T21:30:12 Consolidate compiler generated dependencies of target simple
2025-12-13T21:30:12 make[3]: Leaving directory '/home/VuAirOS/buildroot-2021.05/output/build/host-lzo-2.10/buildroot-build'
2025-12-13T21:30:12 make[3]: Leaving directory '/home/VuAirOS/buildroot-2021.05/output/build/host-lzo-2.10/buildroot-build'
2025-12-13T21:30:12 make[3]: Leaving directory '/home/VuAirOS/buildroot-2021.05/output/build/host-lzo-2.10/buildroot-build'
2025-12-13T21:30:12 make[3]: Leaving directory '/home/VuAirOS/buildroot-2021.05/output/build/host-lzo-2.10/buildroot-build'
2025-12-13T21:30:12 make[3]: Leaving directory '/home/VuAirOS/buildroot-2021.05/output/build/host-lzo-2.10/buildroot-build'
2025-12-13T21:30:12 make[3]: Leaving directory '/home/VuAirOS/buildroot-2021.05/output/build/host-lzo-2.10/buildroot-build'
2025-12-13T21:30:12 make[3]: Leaving directory '/home/VuAirOS/buildroot-2021.05/output/build/host-lzo-2.10/buildroot-build'
2025-12-13T21:30:12 [ 94%] Built target overlap
2025-12-13T21:30:12 [ 96%] Built target lzopack
2025-12-13T21:30:12 [ 94%] Built target precomp2
2025-12-13T21:30:12 [ 96%] Built target dict
2025-12-13T21:30:12 [ 94%] Built target lzotest
2025-12-13T21:30:12 [ 97%] Built target precomp
2025-12-13T21:30:12 [100%] Built target simple
2025-12-13T21:30:12 make[2]: Leaving directory '/home/VuAirOS/buildroot-2021.05/output/build/host-lzo-2.10/buildroot-build'
2025-12-13T21:30:12 Install the project...
2025-12-13T21:30:12 -- Install configuration: "Release"
2025-12-13T21:30:12 -- Installing: /home/VuAirOS/buildroot-2021.05/output/host/share/doc/lzo/AUTHORS
2025-12-13T21:30:12 -- Installing: /home/VuAirOS/buildroot-2021.05/output/host/share/doc/lzo/COPYING
2025-12-13T21:30:12 -- Installing: /home/VuAirOS/buildroot-2021.05/output/host/share/doc/lzo/NEWS
2025-12-13T21:30:12 -- Installing: /home/VuAirOS/buildroot-2021.05/output/host/share/doc/lzo/THANKS
2025-12-13T21:30:12 -- Installing: /home/VuAirOS/buildroot-2021.05/output/host/share/doc/lzo/LZO.FAQ
2025-12-13T21:30:12 -- Installing: /home/VuAirOS/buildroot-2021.05/output/host/share/doc/lzo/LZO.TXT
2025-12-13T21:30:12 -- Installing: /home/VuAirOS/buildroot-2021.05/output/host/share/doc/lzo/LZOAPI.TXT
2025-12-13T21:30:12 -- Installing: /home/VuAirOS/buildroot-2021.05/output/host/include/lzo/lzo1.h
2025-12-13T21:30:12 -- Installing: /home/VuAirOS/buildroot-2021.05/output/host/include/lzo/lzo1a.h
2025-12-13T21:30:12 -- Installing: /home/VuAirOS/buildroot-2021.05/output/host/include/lzo/lzo1b.h
2025-12-13T21:30:12 -- Installing: /home/VuAirOS/buildroot-2021.05/output/host/include/lzo/lzo1c.h
2025-12-13T21:30:12 -- Installing: /home/VuAirOS/buildroot-2021.05/output/host/include/lzo/lzo1f.h
2025-12-13T21:30:12 -- Installing: /home/VuAirOS/buildroot-2021.05/output/host/include/lzo/lzo1x.h
2025-12-13T21:30:12 -- Installing: /home/VuAirOS/buildroot-2021.05/output/host/include/lzo/lzo1y.h
2025-12-13T21:30:12 -- Installing: /home/VuAirOS/buildroot-2021.05/output/host/include/lzo/lzo1z.h
2025-12-13T21:30:12 -- Installing: /home/VuAirOS/buildroot-2021.05/output/host/include/lzo/lzo2a.h
2025-12-13T21:30:12 -- Installing: /home/VuAirOS/buildroot-2021.05/output/host/include/lzo/lzo_asm.h
2025-12-13T21:30:12 -- Installing: /home/VuAirOS/buildroot-2021.05/output/host/include/lzo/lzoconf.h
2025-12-13T21:30:12 -- Installing: /home/VuAirOS/buildroot-2021.05/output/host/include/lzo/lzodefs.h
2025-12-13T21:30:12 -- Installing: /home/VuAirOS/buildroot-2021.05/output/host/include/lzo/lzoutil.h
2025-12-13T21:30:12 -- Installing: /home/VuAirOS/buildroot-2021.05/output/host/lib/liblzo2.so.2.0.0
2025-12-13T21:30:12 -- Installing: /home/VuAirOS/buildroot-2021.05/output/host/lib/liblzo2.so.2
2025-12-13T21:30:12 -- Installing: /home/VuAirOS/buildroot-2021.05/output/host/lib/liblzo2.so
2025-12-13T21:30:12 -- Installing: /home/VuAirOS/buildroot-2021.05/output/host/libexec/lzo/examples/lzopack
2025-12-13T21:30:12 -- Set runtime path of "/home/VuAirOS/buildroot-2021.05/output/host/libexec/lzo/examples/lzopack" to "/home/VuAirOS/buildroot-2021.05/output/host/lib"
2025-12-13T21:30:12 -- Installing: /home/VuAirOS/buildroot-2021.05/output/host/libexec/lzo/examples/lzotest
2025-12-13T21:30:12 -- Set runtime path of "/home/VuAirOS/buildroot-2021.05/output/host/libexec/lzo/examples/lzotest" to "/home/VuAirOS/buildroot-2021.05/output/host/lib"
2025-12-13T21:30:12 -- Installing: /home/VuAirOS/buildroot-2021.05/output/host/libexec/lzo/examples/simple
2025-12-13T21:30:12 -- Set runtime path of "/home/VuAirOS/buildroot-2021.05/output/host/libexec/lzo/examples/simple" to "/home/VuAirOS/buildroot-2021.05/output/host/lib"
2025-12-13T21:30:12 -- Installing: /home/VuAirOS/buildroot-2021.05/output/host/libexec/lzo/examples/testmini
2025-12-13T21:30:12 -- Installing: /home/VuAirOS/buildroot-2021.05/output/host/lib/pkgconfig/lzo2.pc
2025-12-13T21:30:12 make[1]: Leaving directory '/home/VuAirOS/buildroot-2021.05/output/build/host-lzo-2.10/buildroot-build'
2025-12-13T21:30:12 xz-5.2.5.tar.bz2: OK (sha256: 5117f930900b341493827d63aa910ff5e011e0b994197c3b71c08a20228a42df)
2025-12-13T21:30:12 [7m>>> host-xz 5.2.5 Extracting[27m
2025-12-13T21:30:12 bzcat /home/VuAirOS/buildroot-2021.05/dl/xz/xz-5.2.5.tar.bz2 | tar --strip-components=1 -C /home/VuAirOS/buildroot-2021.05/output/build/host-xz-5.2.5   -xf -
2025-12-13T21:30:12 [7m>>> host-xz 5.2.5 Patching[27m
2025-12-13T21:30:12 [7m>>> host-xz 5.2.5 Updating config.sub and config.guess[27m
2025-12-13T21:30:12 for file in config.guess config.sub; do for i in $(find /home/VuAirOS/buildroot-2021.05/output/build/host-xz-5.2.5 -name $file); do cp support/gnuconfig/$file $i; done; done
2025-12-13T21:30:12 [7m>>> host-xz 5.2.5 Patching libtool[27m
2025-12-13T21:30:12 patching file /home/VuAirOS/buildroot-2021.05/output/build/host-xz-5.2.5/build-aux/ltmain.sh
2025-12-13T21:30:12 Hunk #1 succeeded at 2908 (offset 221 lines).
2025-12-13T21:30:12 Hunk #2 succeeded at 4498 (offset 221 lines).
2025-12-13T21:30:12 Hunk #3 succeeded at 6794 (offset 240 lines).
2025-12-13T21:30:12 Hunk #4 succeeded at 6804 (offset 240 lines).
2025-12-13T21:30:12 Hunk #5 succeeded at 7097 (offset 240 lines).
2025-12-13T21:30:12 Hunk #6 succeeded at 7389 (offset 240 lines).
2025-12-13T21:30:12 Hunk #7 succeeded at 8359 (offset 247 lines).
2025-12-13T21:30:12 Hunk #8 succeeded at 10991 (offset 281 lines).
2025-12-13T21:30:12 [7m>>> host-xz 5.2.5 Configuring[27m
2025-12-13T21:30:12 (cd /home/VuAirOS/buildroot-2021.05/output/build/host-xz-5.2.5/ && rm -rf config.cache; PATH="/home/VuAirOS/buildroot-2021.05/output/host/bin:/home/VuAirOS/buildroot-2021.05/output/host/sbin:/usr/local/sbin:/usr/local/bin:/usr/sbin:/usr/bin:/sbin:/bin:/usr/games:/usr/local/games:/usr/lib/wsl/lib" PKG_CONFIG="/home/VuAirOS/buildroot-2021.05/output/host/bin/pkg-config" PKG_CONFIG_SYSROOT_DIR="/" PKG_CONFIG_ALLOW_SYSTEM_CFLAGS=1 PKG_CONFIG_ALLOW_SYSTEM_LIBS=1 PKG_CONFIG_LIBDIR="/home/VuAirOS/buildroot-2021.05/output/host/lib/pkgconfig:/home/VuAirOS/buildroot-2021.05/output/host/share/pkgconfig" AR="/usr/bin/ar" AS="/usr/bin/as" LD="/usr/bin/ld" NM="/usr/bin/nm" CC="/usr/bin/gcc" GCC="/usr/bin/gcc" CXX="/usr/bin/g++" CPP="/usr/bin/cpp" OBJCOPY="/usr/bin/objcopy" RANLIB="/usr/bin/ranlib" CPPFLAGS="-I/home/VuAirOS/buildroot-2021.05/output/host/include" CFLAGS="-O2 -I/home/VuAirOS/buildroot-2021.05/output/host/include" CXXFLAGS="-O2 -I/home/VuAirOS/buildroot-2021.05/output/host/include" LDFLAGS="-L/home/VuAirOS/buildroot-2021.05/output/host/lib -Wl,-rpath,/home/VuAirOS/buildroot-2021.05/output/host/lib" INTLTOOL_PERL=/usr/bin/perl CFLAGS="-O2 -I/home/VuAirOS/buildroot-2021.05/output/host/include" LDFLAGS="-L/home/VuAirOS/buildroot-2021.05/output/host/lib -Wl,-rpath,/home/VuAirOS/buildroot-2021.05/output/host/lib" CC="/usr/bin/gcc" CXX="/usr/bin/g++" CONFIG_SITE=/dev/null ./configure --prefix="/home/VuAirOS/buildroot-2021.05/output/host" --sysconfdir="/home/VuAirOS/buildroot-2021.05/output/host/etc" --localstatedir="/home/VuAirOS/buildroot-2021.05/output/host/var" --enable-shared --disable-static --disable-gtk-doc --disable-gtk-doc-html --disable-doc --disable-docs --disable-documentation --disable-debug --with-xmlto=no --with-fop=no --disable-nls --disable-dependency-tracking   )
2025-12-13T21:30:12 configure: WARNING: unrecognized options: --disable-gtk-doc, --disable-gtk-doc-html, --disable-docs, --disable-documentation, --with-xmlto, --with-fop
2025-12-13T21:30:12 
2025-12-13T21:30:12 XZ Utils 5.2.5
2025-12-13T21:30:12 
2025-12-13T21:30:12 System type:
2025-12-13T21:30:12 checking build system type... x86_64-pc-linux-gnu
2025-12-13T21:30:12 checking host system type... x86_64-pc-linux-gnu
2025-12-13T21:30:12 
2025-12-13T21:30:12 Configure options:
2025-12-13T21:30:12 checking if debugging code should be compiled... no
2025-12-13T21:30:12 checking which encoders to build... lzma1 lzma2 delta x86 powerpc ia64 arm armthumb sparc
2025-12-13T21:30:12 checking which decoders to build... lzma1 lzma2 delta x86 powerpc ia64 arm armthumb sparc
2025-12-13T21:30:12 checking which match finders to build... hc3 hc4 bt2 bt3 bt4
2025-12-13T21:30:12 checking which integrity checks to build... crc32 crc64 sha256
2025-12-13T21:30:12 checking if external SHA-256 should be used... no
2025-12-13T21:30:12 checking if assembler optimizations should be used... x86_64
2025-12-13T21:30:12 checking if small size is preferred over speed... no
2025-12-13T21:30:12 checking if threading support is wanted... yes, posix
2025-12-13T21:30:12 checking how much RAM to assume if the real amount is unknown... 128 MiB
2025-12-13T21:30:12 checking if library symbol versioning should be used... yes
2025-12-13T21:30:12 checking if sandboxing should be used... maybe (autodetect)
2025-12-13T21:30:12 
2025-12-13T21:30:12 checking for a shell that conforms to POSIX... /bin/bash
2025-12-13T21:30:12 
2025-12-13T21:30:12 Initializing Automake:
2025-12-13T21:30:12 checking for a BSD-compatible install... /usr/bin/install -c
2025-12-13T21:30:12 checking whether build environment is sane... yes
2025-12-13T21:30:12 checking for a thread-safe mkdir -p... /usr/bin/mkdir -p
2025-12-13T21:30:12 checking for gawk... gawk
2025-12-13T21:30:12 checking whether make sets $(MAKE)... yes
2025-12-13T21:30:12 checking whether make supports nested variables... yes
2025-12-13T21:30:12 checking whether ln -s works... yes
2025-12-13T21:30:12 checking whether make supports the include directive... yes (GNU style)
2025-12-13T21:30:12 checking for gcc... /usr/bin/gcc
2025-12-13T21:30:12 checking whether the C compiler works... yes
2025-12-13T21:30:12 checking for C compiler default output file name... a.out
2025-12-13T21:30:12 checking for suffix of executables...
2025-12-13T21:30:12 checking whether we are cross compiling... no
2025-12-13T21:30:12 checking for suffix of object files... o
2025-12-13T21:30:12 checking whether we are using the GNU C compiler... yes
2025-12-13T21:30:12 checking whether /usr/bin/gcc accepts -g... yes
2025-12-13T21:30:12 checking for /usr/bin/gcc option to accept ISO C89... none needed
2025-12-13T21:30:12 checking whether /usr/bin/gcc understands -c and -o together... yes
2025-12-13T21:30:12 checking dependency style of /usr/bin/gcc... none
2025-12-13T21:30:12 checking for /usr/bin/gcc option to accept ISO C99... none needed
2025-12-13T21:30:12 checking dependency style of /usr/bin/gcc... none
2025-12-13T21:30:12 checking how to run the C preprocessor... /usr/bin/cpp
2025-12-13T21:30:12 checking for grep that handles long lines and -e... /usr/bin/grep
2025-12-13T21:30:12 checking for egrep... /usr/bin/grep -E
2025-12-13T21:30:12 checking for ANSI C header files... yes
2025-12-13T21:30:12 checking for sys/types.h... yes
2025-12-13T21:30:12 checking for sys/stat.h... yes
2025-12-13T21:30:12 checking for stdlib.h... yes
2025-12-13T21:30:12 checking for string.h... yes
2025-12-13T21:30:12 checking for memory.h... yes
2025-12-13T21:30:12 checking for strings.h... yes
2025-12-13T21:30:12 checking for inttypes.h... yes
2025-12-13T21:30:12 checking for stdint.h... yes
2025-12-13T21:30:12 checking for unistd.h... yes
2025-12-13T21:30:12 checking minix/config.h usability... no
2025-12-13T21:30:12 checking minix/config.h presence... no
2025-12-13T21:30:12 checking for minix/config.h... no
2025-12-13T21:30:12 checking whether it is safe to define __EXTENSIONS__... yes
2025-12-13T21:30:12 
2025-12-13T21:30:12 POSIX threading support:
2025-12-13T21:30:12 checking for a sed that does not truncate output... /usr/bin/sed
2025-12-13T21:30:12 checking whether /usr/bin/gcc is Clang... no
2025-12-13T21:30:12 checking whether pthreads work with "-pthread" and "-lpthread"... yes
2025-12-13T21:30:12 checking for joinable pthread attribute... PTHREAD_CREATE_JOINABLE
2025-12-13T21:30:12 checking whether more special flags are required for pthreads... no
2025-12-13T21:30:12 checking for PTHREAD_PRIO_INHERIT... yes
2025-12-13T21:30:13 checking for library containing clock_gettime... none required
2025-12-13T21:30:13 checking for clock_gettime... yes
2025-12-13T21:30:13 checking for pthread_condattr_setclock... yes
2025-12-13T21:30:13 checking whether CLOCK_MONOTONIC is declared... yes
2025-12-13T21:30:13 
2025-12-13T21:30:13 Initializing Libtool:
2025-12-13T21:30:13 checking how to print strings... printf
2025-12-13T21:30:13 checking for a sed that does not truncate output... (cached) /usr/bin/sed
2025-12-13T21:30:13 checking for fgrep... /usr/bin/grep -F
2025-12-13T21:30:13 checking for ld used by /usr/bin/gcc... /usr/bin/ld
2025-12-13T21:30:13 checking if the linker (/usr/bin/ld) is GNU ld... yes
2025-12-13T21:30:13 checking for BSD- or MS-compatible name lister (nm)... /usr/bin/nm
2025-12-13T21:30:13 checking the name lister (/usr/bin/nm) interface... BSD nm
2025-12-13T21:30:13 checking the maximum length of command line arguments... 1572864
2025-12-13T21:30:13 checking how to convert x86_64-pc-linux-gnu file names to x86_64-pc-linux-gnu format... func_convert_file_noop
2025-12-13T21:30:13 checking how to convert x86_64-pc-linux-gnu file names to toolchain format... func_convert_file_noop
2025-12-13T21:30:13 checking for /usr/bin/ld option to reload object files... -r
2025-12-13T21:30:13 checking for objdump... objdump
2025-12-13T21:30:13 checking how to recognize dependent libraries... pass_all
2025-12-13T21:30:13 checking for dlltool... no
2025-12-13T21:30:13 checking how to associate runtime and link libraries... printf %sn
2025-12-13T21:30:13 checking for archiver @FILE support... @
2025-12-13T21:30:13 checking for strip... strip
2025-12-13T21:30:13 checking for ranlib... /usr/bin/ranlib
2025-12-13T21:30:13 checking command to parse /usr/bin/nm output from /usr/bin/gcc object... ok
2025-12-13T21:30:13 checking for sysroot... no
2025-12-13T21:30:13 checking for a working dd... /usr/bin/dd
2025-12-13T21:30:13 checking how to truncate binary pipes... /usr/bin/dd bs=4096 count=1
2025-12-13T21:30:13 checking for mt... mt
2025-12-13T21:30:13 checking if mt is a manifest tool... no
2025-12-13T21:30:13 checking for dlfcn.h... yes
2025-12-13T21:30:13 checking for objdir... .libs
2025-12-13T21:30:13 checking if /usr/bin/gcc supports -fno-rtti -fno-exceptions... no
2025-12-13T21:30:13 checking for /usr/bin/gcc option to produce PIC... -fPIC -DPIC
2025-12-13T21:30:13 checking if /usr/bin/gcc PIC flag -fPIC -DPIC works... yes
2025-12-13T21:30:13 checking if /usr/bin/gcc static flag -static works... yes
2025-12-13T21:30:13 checking if /usr/bin/gcc supports -c -o file.o... yes
2025-12-13T21:30:13 checking if /usr/bin/gcc supports -c -o file.o... (cached) yes
2025-12-13T21:30:13 checking whether the /usr/bin/gcc linker (/usr/bin/ld -m elf_x86_64) supports shared libraries... yes
2025-12-13T21:30:13 checking whether -lc should be explicitly linked in... no
2025-12-13T21:30:13 checking dynamic linker characteristics... GNU/Linux ld.so
2025-12-13T21:30:13 checking how to hardcode library paths into programs... immediate
2025-12-13T21:30:13 checking whether stripping libraries is possible... yes
2025-12-13T21:30:13 checking if libtool supports shared libraries... yes
2025-12-13T21:30:13 checking whether to build shared libraries... yes
2025-12-13T21:30:13 checking whether to build static libraries... no
2025-12-13T21:30:13 checking for windres... no
2025-12-13T21:30:13 
2025-12-13T21:30:13 Initializing gettext:
2025-12-13T21:30:13 checking whether NLS is requested... no
2025-12-13T21:30:13 checking for msgfmt... /usr/bin/msgfmt
2025-12-13T21:30:13 checking for gmsgfmt... /usr/bin/msgfmt
2025-12-13T21:30:13 checking for xgettext... /usr/bin/xgettext
2025-12-13T21:30:13 checking for msgmerge... /usr/bin/msgmerge
2025-12-13T21:30:13 checking for ld... /usr/bin/ld -m elf_x86_64
2025-12-13T21:30:13 checking if the linker (/usr/bin/ld -m elf_x86_64) is GNU ld... yes
2025-12-13T21:30:13 checking for shared library run path origin... done
2025-12-13T21:30:13 checking 32-bit host C ABI... no
2025-12-13T21:30:13 checking for the common suffixes of directories in the library search path... lib,lib
2025-12-13T21:30:13 checking for CFPreferencesCopyAppValue... no
2025-12-13T21:30:13 checking for CFLocaleCopyCurrent... no
2025-12-13T21:30:13 checking for CFLocaleCopyPreferredLanguages... no
2025-12-13T21:30:13 checking whether to use NLS... no
2025-12-13T21:30:13 
2025-12-13T21:30:13 System headers and functions:
2025-12-13T21:30:13 checking fcntl.h usability... yes
2025-12-13T21:30:13 checking fcntl.h presence... yes
2025-12-13T21:30:13 checking for fcntl.h... yes
2025-12-13T21:30:13 checking limits.h usability... yes
2025-12-13T21:30:13 checking limits.h presence... yes
2025-12-13T21:30:13 checking for limits.h... yes
2025-12-13T21:30:13 checking sys/time.h usability... yes
2025-12-13T21:30:13 checking sys/time.h presence... yes
2025-12-13T21:30:13 checking for sys/time.h... yes
2025-12-13T21:30:13 checking immintrin.h usability... yes
2025-12-13T21:30:13 checking immintrin.h presence... yes
2025-12-13T21:30:13 checking for immintrin.h... yes
2025-12-13T21:30:13 checking for stdbool.h that conforms to C99... yes
2025-12-13T21:30:13 checking for _Bool... yes
2025-12-13T21:30:13 checking for uint8_t... yes
2025-12-13T21:30:13 checking for uint16_t... yes
2025-12-13T21:30:13 checking for int32_t... yes
2025-12-13T21:30:13 checking for uint32_t... yes
2025-12-13T21:30:13 checking for int64_t... yes
2025-12-13T21:30:13 checking for uint64_t... yes
2025-12-13T21:30:14 checking for uintptr_t... yes
2025-12-13T21:30:14 checking size of size_t... 8
2025-12-13T21:30:14 checking for struct stat.st_atim.tv_nsec... yes
2025-12-13T21:30:14 checking for struct stat.st_atimespec.tv_nsec... no
2025-12-13T21:30:14 checking for struct stat.st_atimensec... no
2025-12-13T21:30:14 checking for struct stat.st_uatime... no
2025-12-13T21:30:14 checking for struct stat.st_atim.st__tim.tv_nsec... no
2025-12-13T21:30:14 checking for special C compiler options needed for large files... no
2025-12-13T21:30:14 checking for _FILE_OFFSET_BITS value needed for large files... no
2025-12-13T21:30:14 checking whether byte ordering is bigendian... no
2025-12-13T21:30:14 checking getopt.h usability... yes
2025-12-13T21:30:14 checking getopt.h presence... yes
2025-12-13T21:30:14 checking for getopt.h... yes
2025-12-13T21:30:14 checking for getopt_long... yes
2025-12-13T21:30:14 checking whether optreset is declared... no
2025-12-13T21:30:14 checking for futimens... yes
2025-12-13T21:30:14 checking for posix_fadvise... yes
2025-12-13T21:30:14 checking whether program_invocation_name is declared... yes
2025-12-13T21:30:14 checking if __builtin_bswap16/32/64 are supported... yes
2025-12-13T21:30:14 checking if unaligned memory access should be used... yes
2025-12-13T21:30:14 checking if unsafe type punning should be used... no
2025-12-13T21:30:14 checking if __builtin_assume_aligned is supported... yes
2025-12-13T21:30:14 checking sys/param.h usability... yes
2025-12-13T21:30:14 checking sys/param.h presence... yes
2025-12-13T21:30:14 checking for sys/param.h... yes
2025-12-13T21:30:14 checking how to detect the amount of physical memory... sysconf
2025-12-13T21:30:14 checking for sys/param.h... (cached) yes
2025-12-13T21:30:14 checking how to detect the number of available CPU cores... sched_getaffinity
2025-12-13T21:30:14 checking whether mbrtowc and mbstate_t are properly declared... yes
2025-12-13T21:30:14 checking for wcwidth... yes
2025-12-13T21:30:14 checking whether _mm_movemask_epi8 is declared... yes
2025-12-13T21:30:14 checking sys/capsicum.h usability... no
2025-12-13T21:30:14 checking sys/capsicum.h presence... no
2025-12-13T21:30:14 checking for sys/capsicum.h... no
2025-12-13T21:30:14 checking whether cap_rights_limit is declared... no
2025-12-13T21:30:14 
2025-12-13T21:30:14 GCC extensions:
2025-12-13T21:30:14 checking whether the -Werror option is usable... yes
2025-12-13T21:30:14 checking for simple visibility declarations... yes
2025-12-13T21:30:14 checking if /usr/bin/gcc accepts -Wall... yes
2025-12-13T21:30:14 checking if /usr/bin/gcc accepts -Wextra... yes
2025-12-13T21:30:14 checking if /usr/bin/gcc accepts -Wvla... yes
2025-12-13T21:30:14 checking if /usr/bin/gcc accepts -Wformat=2... yes
2025-12-13T21:30:14 checking if /usr/bin/gcc accepts -Winit-self... yes
2025-12-13T21:30:14 checking if /usr/bin/gcc accepts -Wmissing-include-dirs... yes
2025-12-13T21:30:14 checking if /usr/bin/gcc accepts -Wstrict-aliasing... yes
2025-12-13T21:30:14 checking if /usr/bin/gcc accepts -Wfloat-equal... yes
2025-12-13T21:30:14 checking if /usr/bin/gcc accepts -Wundef... yes
2025-12-13T21:30:14 checking if /usr/bin/gcc accepts -Wshadow... yes
2025-12-13T21:30:14 checking if /usr/bin/gcc accepts -Wpointer-arith... yes
2025-12-13T21:30:14 checking if /usr/bin/gcc accepts -Wbad-function-cast... yes
2025-12-13T21:30:14 checking if /usr/bin/gcc accepts -Wwrite-strings... yes
2025-12-13T21:30:14 checking if /usr/bin/gcc accepts -Wlogical-op... yes
2025-12-13T21:30:14 checking if /usr/bin/gcc accepts -Waggregate-return... yes
2025-12-13T21:30:14 checking if /usr/bin/gcc accepts -Wstrict-prototypes... yes
2025-12-13T21:30:14 checking if /usr/bin/gcc accepts -Wold-style-definition... yes
2025-12-13T21:30:14 checking if /usr/bin/gcc accepts -Wmissing-prototypes... yes
2025-12-13T21:30:14 checking if /usr/bin/gcc accepts -Wmissing-declarations... yes
2025-12-13T21:30:14 checking if /usr/bin/gcc accepts -Wmissing-noreturn... yes
2025-12-13T21:30:14 checking if /usr/bin/gcc accepts -Wredundant-decls... yes
2025-12-13T21:30:14 
2025-12-13T21:30:14 checking that generated files are newer than configure... done
2025-12-13T21:30:14 configure: creating ./config.status
2025-12-13T21:30:15 config.status: creating Doxyfile
2025-12-13T21:30:15 config.status: creating Makefile
2025-12-13T21:30:15 config.status: creating po/Makefile.in
2025-12-13T21:30:15 config.status: creating lib/Makefile
2025-12-13T21:30:15 config.status: creating src/Makefile
2025-12-13T21:30:15 config.status: creating src/liblzma/Makefile
2025-12-13T21:30:15 config.status: creating src/liblzma/api/Makefile
2025-12-13T21:30:15 config.status: creating src/xz/Makefile
2025-12-13T21:30:15 config.status: creating src/xzdec/Makefile
2025-12-13T21:30:15 config.status: creating src/lzmainfo/Makefile
2025-12-13T21:30:15 config.status: creating src/scripts/Makefile
2025-12-13T21:30:15 config.status: creating tests/Makefile
2025-12-13T21:30:15 config.status: creating debug/Makefile
2025-12-13T21:30:15 config.status: creating src/scripts/xzdiff
2025-12-13T21:30:15 config.status: creating src/scripts/xzgrep
2025-12-13T21:30:15 config.status: creating src/scripts/xzmore
2025-12-13T21:30:15 config.status: creating src/scripts/xzless
2025-12-13T21:30:15 config.status: creating config.h
2025-12-13T21:30:15 config.status: executing depfiles commands
2025-12-13T21:30:15 config.status: executing libtool commands
2025-12-13T21:30:15 config.status: executing po-directories commands
2025-12-13T21:30:15 config.status: creating po/POTFILES
2025-12-13T21:30:15 config.status: creating po/Makefile
2025-12-13T21:30:15 configure: WARNING: unrecognized options: --disable-gtk-doc, --disable-gtk-doc-html, --disable-docs, --disable-documentation, --with-xmlto, --with-fop
2025-12-13T21:30:15 [7m>>> host-xz 5.2.5 Building[27m
2025-12-13T21:30:15 PATH="/home/VuAirOS/buildroot-2021.05/output/host/bin:/home/VuAirOS/buildroot-2021.05/output/host/sbin:/usr/local/sbin:/usr/local/bin:/usr/sbin:/usr/bin:/sbin:/bin:/usr/games:/usr/local/games:/usr/lib/wsl/lib" PKG_CONFIG="/home/VuAirOS/buildroot-2021.05/output/host/bin/pkg-config" PKG_CONFIG_SYSROOT_DIR="/" PKG_CONFIG_ALLOW_SYSTEM_CFLAGS=1 PKG_CONFIG_ALLOW_SYSTEM_LIBS=1 PKG_CONFIG_LIBDIR="/home/VuAirOS/buildroot-2021.05/output/host/lib/pkgconfig:/home/VuAirOS/buildroot-2021.05/output/host/share/pkgconfig"  /usr/bin/make   -C /home/VuAirOS/buildroot-2021.05/output/build/host-xz-5.2.5/
2025-12-13T21:30:15 make[1]: Entering directory '/home/VuAirOS/buildroot-2021.05/output/build/host-xz-5.2.5'
2025-12-13T21:30:15 /usr/bin/make  all-recursive
2025-12-13T21:30:15 make[2]: Entering directory '/home/VuAirOS/buildroot-2021.05/output/build/host-xz-5.2.5'
2025-12-13T21:30:15 Making all in src
2025-12-13T21:30:15 make[3]: Entering directory '/home/VuAirOS/buildroot-2021.05/output/build/host-xz-5.2.5/src'
2025-12-13T21:30:15 Making all in liblzma
2025-12-13T21:30:15 make[4]: Entering directory '/home/VuAirOS/buildroot-2021.05/output/build/host-xz-5.2.5/src/liblzma'
2025-12-13T21:30:15 Making all in api
2025-12-13T21:30:15 make[5]: Entering directory '/home/VuAirOS/buildroot-2021.05/output/build/host-xz-5.2.5/src/liblzma/api'
2025-12-13T21:30:15 make[5]: Nothing to be done for 'all'.
2025-12-13T21:30:15 make[5]: Leaving directory '/home/VuAirOS/buildroot-2021.05/output/build/host-xz-5.2.5/src/liblzma/api'
2025-12-13T21:30:15 make[5]: Entering directory '/home/VuAirOS/buildroot-2021.05/output/build/host-xz-5.2.5/src/liblzma'
2025-12-13T21:30:15 /bin/bash ../../libtool  --tag=CC   --mode=compile /usr/bin/gcc -DHAVE_CONFIG_H -I. -I../..  -I../../src/liblzma/api -I../../src/liblzma/common -I../../src/liblzma/check -I../../src/liblzma/lz -I../../src/liblzma/rangecoder -I../../src/liblzma/lzma -I../../src/liblzma/delta -I../../src/liblzma/simple -I../../src/common -DTUKLIB_SYMBOL_PREFIX=lzma_ -I/home/VuAirOS/buildroot-2021.05/output/host/include -pthread -fvisibility=hidden -Wall -Wextra -Wvla -Wformat=2 -Winit-self -Wmissing-include-dirs -Wstrict-aliasing -Wfloat-equal -Wundef -Wshadow -Wpointer-arith -Wbad-function-cast -Wwrite-strings -Wlogical-op -Waggregate-return -Wstrict-prototypes -Wold-style-definition -Wmissing-prototypes -Wmissing-declarations -Wmissing-noreturn -Wredundant-decls -O2 -I/home/VuAirOS/buildroot-2021.05/output/host/include -c -o liblzma_la-tuklib_physmem.lo `test -f '../common/tuklib_physmem.c' || echo './'`../common/tuklib_physmem.c
2025-12-13T21:30:15 /bin/bash ../../libtool  --tag=CC   --mode=compile /usr/bin/gcc -DHAVE_CONFIG_H -I. -I../..  -I../../src/liblzma/api -I../../src/liblzma/common -I../../src/liblzma/check -I../../src/liblzma/lz -I../../src/liblzma/rangecoder -I../../src/liblzma/lzma -I../../src/liblzma/delta -I../../src/liblzma/simple -I../../src/common -DTUKLIB_SYMBOL_PREFIX=lzma_ -I/home/VuAirOS/buildroot-2021.05/output/host/include -pthread -fvisibility=hidden -Wall -Wextra -Wvla -Wformat=2 -Winit-self -Wmissing-include-dirs -Wstrict-aliasing -Wfloat-equal -Wundef -Wshadow -Wpointer-arith -Wbad-function-cast -Wwrite-strings -Wlogical-op -Waggregate-return -Wstrict-prototypes -Wold-style-definition -Wmissing-prototypes -Wmissing-declarations -Wmissing-noreturn -Wredundant-decls -O2 -I/home/VuAirOS/buildroot-2021.05/output/host/include -c -o liblzma_la-tuklib_cpucores.lo `test -f '../common/tuklib_cpucores.c' || echo './'`../common/tuklib_cpucores.c
2025-12-13T21:30:15 /bin/bash ../../libtool  --tag=CC   --mode=compile /usr/bin/gcc -DHAVE_CONFIG_H -I. -I../..  -I../../src/liblzma/api -I../../src/liblzma/common -I../../src/liblzma/check -I../../src/liblzma/lz -I../../src/liblzma/rangecoder -I../../src/liblzma/lzma -I../../src/liblzma/delta -I../../src/liblzma/simple -I../../src/common -DTUKLIB_SYMBOL_PREFIX=lzma_ -I/home/VuAirOS/buildroot-2021.05/output/host/include -pthread -fvisibility=hidden -Wall -Wextra -Wvla -Wformat=2 -Winit-self -Wmissing-include-dirs -Wstrict-aliasing -Wfloat-equal -Wundef -Wshadow -Wpointer-arith -Wbad-function-cast -Wwrite-strings -Wlogical-op -Waggregate-return -Wstrict-prototypes -Wold-style-definition -Wmissing-prototypes -Wmissing-declarations -Wmissing-noreturn -Wredundant-decls -O2 -I/home/VuAirOS/buildroot-2021.05/output/host/include -c -o liblzma_la-common.lo `test -f 'common/common.c' || echo './'`common/common.c
2025-12-13T21:30:15 /bin/bash ../../libtool  --tag=CC   --mode=compile /usr/bin/gcc -DHAVE_CONFIG_H -I. -I../..  -I../../src/liblzma/api -I../../src/liblzma/common -I../../src/liblzma/check -I../../src/liblzma/lz -I../../src/liblzma/rangecoder -I../../src/liblzma/lzma -I../../src/liblzma/delta -I../../src/liblzma/simple -I../../src/common -DTUKLIB_SYMBOL_PREFIX=lzma_ -I/home/VuAirOS/buildroot-2021.05/output/host/include -pthread -fvisibility=hidden -Wall -Wextra -Wvla -Wformat=2 -Winit-self -Wmissing-include-dirs -Wstrict-aliasing -Wfloat-equal -Wundef -Wshadow -Wpointer-arith -Wbad-function-cast -Wwrite-strings -Wlogical-op -Waggregate-return -Wstrict-prototypes -Wold-style-definition -Wmissing-prototypes -Wmissing-declarations -Wmissing-noreturn -Wredundant-decls -O2 -I/home/VuAirOS/buildroot-2021.05/output/host/include -c -o liblzma_la-block_util.lo `test -f 'common/block_util.c' || echo './'`common/block_util.c
2025-12-13T21:30:15 /bin/bash ../../libtool  --tag=CC   --mode=compile /usr/bin/gcc -DHAVE_CONFIG_H -I. -I../..  -I../../src/liblzma/api -I../../src/liblzma/common -I../../src/liblzma/check -I../../src/liblzma/lz -I../../src/liblzma/rangecoder -I../../src/liblzma/lzma -I../../src/liblzma/delta -I../../src/liblzma/simple -I../../src/common -DTUKLIB_SYMBOL_PREFIX=lzma_ -I/home/VuAirOS/buildroot-2021.05/output/host/include -pthread -fvisibility=hidden -Wall -Wextra -Wvla -Wformat=2 -Winit-self -Wmissing-include-dirs -Wstrict-aliasing -Wfloat-equal -Wundef -Wshadow -Wpointer-arith -Wbad-function-cast -Wwrite-strings -Wlogical-op -Waggregate-return -Wstrict-prototypes -Wold-style-definition -Wmissing-prototypes -Wmissing-declarations -Wmissing-noreturn -Wredundant-decls -O2 -I/home/VuAirOS/buildroot-2021.05/output/host/include -c -o liblzma_la-easy_preset.lo `test -f 'common/easy_preset.c' || echo './'`common/easy_preset.c
2025-12-13T21:30:15 /bin/bash ../../libtool  --tag=CC   --mode=compile /usr/bin/gcc -DHAVE_CONFIG_H -I. -I../..  -I../../src/liblzma/api -I../../src/liblzma/common -I../../src/liblzma/check -I../../src/liblzma/lz -I../../src/liblzma/rangecoder -I../../src/liblzma/lzma -I../../src/liblzma/delta -I../../src/liblzma/simple -I../../src/common -DTUKLIB_SYMBOL_PREFIX=lzma_ -I/home/VuAirOS/buildroot-2021.05/output/host/include -pthread -fvisibility=hidden -Wall -Wextra -Wvla -Wformat=2 -Winit-self -Wmissing-include-dirs -Wstrict-aliasing -Wfloat-equal -Wundef -Wshadow -Wpointer-arith -Wbad-function-cast -Wwrite-strings -Wlogical-op -Waggregate-return -Wstrict-prototypes -Wold-style-definition -Wmissing-prototypes -Wmissing-declarations -Wmissing-noreturn -Wredundant-decls -O2 -I/home/VuAirOS/buildroot-2021.05/output/host/include -c -o liblzma_la-filter_common.lo `test -f 'common/filter_common.c' || echo './'`common/filter_common.c
2025-12-13T21:30:15 /bin/bash ../../libtool  --tag=CC   --mode=compile /usr/bin/gcc -DHAVE_CONFIG_H -I. -I../..  -I../../src/liblzma/api -I../../src/liblzma/common -I../../src/liblzma/check -I../../src/liblzma/lz -I../../src/liblzma/rangecoder -I../../src/liblzma/lzma -I../../src/liblzma/delta -I../../src/liblzma/simple -I../../src/common -DTUKLIB_SYMBOL_PREFIX=lzma_ -I/home/VuAirOS/buildroot-2021.05/output/host/include -pthread -fvisibility=hidden -Wall -Wextra -Wvla -Wformat=2 -Winit-self -Wmissing-include-dirs -Wstrict-aliasing -Wfloat-equal -Wundef -Wshadow -Wpointer-arith -Wbad-function-cast -Wwrite-strings -Wlogical-op -Waggregate-return -Wstrict-prototypes -Wold-style-definition -Wmissing-prototypes -Wmissing-declarations -Wmissing-noreturn -Wredundant-decls -O2 -I/home/VuAirOS/buildroot-2021.05/output/host/include -c -o liblzma_la-hardware_physmem.lo `test -f 'common/hardware_physmem.c' || echo './'`common/hardware_physmem.c
2025-12-13T21:30:15 /bin/bash ../../libtool  --tag=CC   --mode=compile /usr/bin/gcc -DHAVE_CONFIG_H -I. -I../..  -I../../src/liblzma/api -I../../src/liblzma/common -I../../src/liblzma/check -I../../src/liblzma/lz -I../../src/liblzma/rangecoder -I../../src/liblzma/lzma -I../../src/liblzma/delta -I../../src/liblzma/simple -I../../src/common -DTUKLIB_SYMBOL_PREFIX=lzma_ -I/home/VuAirOS/buildroot-2021.05/output/host/include -pthread -fvisibility=hidden -Wall -Wextra -Wvla -Wformat=2 -Winit-self -Wmissing-include-dirs -Wstrict-aliasing -Wfloat-equal -Wundef -Wshadow -Wpointer-arith -Wbad-function-cast -Wwrite-strings -Wlogical-op -Waggregate-return -Wstrict-prototypes -Wold-style-definition -Wmissing-prototypes -Wmissing-declarations -Wmissing-noreturn -Wredundant-decls -O2 -I/home/VuAirOS/buildroot-2021.05/output/host/include -c -o liblzma_la-index.lo `test -f 'common/index.c' || echo './'`common/index.c
2025-12-13T21:30:15 /bin/bash ../../libtool  --tag=CC   --mode=compile /usr/bin/gcc -DHAVE_CONFIG_H -I. -I../..  -I../../src/liblzma/api -I../../src/liblzma/common -I../../src/liblzma/check -I../../src/liblzma/lz -I../../src/liblzma/rangecoder -I../../src/liblzma/lzma -I../../src/liblzma/delta -I../../src/liblzma/simple -I../../src/common -DTUKLIB_SYMBOL_PREFIX=lzma_ -I/home/VuAirOS/buildroot-2021.05/output/host/include -pthread -fvisibility=hidden -Wall -Wextra -Wvla -Wformat=2 -Winit-self -Wmissing-include-dirs -Wstrict-aliasing -Wfloat-equal -Wundef -Wshadow -Wpointer-arith -Wbad-function-cast -Wwrite-strings -Wlogical-op -Waggregate-return -Wstrict-prototypes -Wold-style-definition -Wmissing-prototypes -Wmissing-declarations -Wmissing-noreturn -Wredundant-decls -O2 -I/home/VuAirOS/buildroot-2021.05/output/host/include -c -o liblzma_la-stream_flags_common.lo `test -f 'common/stream_flags_common.c' || echo './'`common/stream_flags_common.c
2025-12-13T21:30:15 /bin/bash ../../libtool  --tag=CC   --mode=compile /usr/bin/gcc -DHAVE_CONFIG_H -I. -I../..  -I../../src/liblzma/api -I../../src/liblzma/common -I../../src/liblzma/check -I../../src/liblzma/lz -I../../src/liblzma/rangecoder -I../../src/liblzma/lzma -I../../src/liblzma/delta -I../../src/liblzma/simple -I../../src/common -DTUKLIB_SYMBOL_PREFIX=lzma_ -I/home/VuAirOS/buildroot-2021.05/output/host/include -pthread -fvisibility=hidden -Wall -Wextra -Wvla -Wformat=2 -Winit-self -Wmissing-include-dirs -Wstrict-aliasing -Wfloat-equal -Wundef -Wshadow -Wpointer-arith -Wbad-function-cast -Wwrite-strings -Wlogical-op -Waggregate-return -Wstrict-prototypes -Wold-style-definition -Wmissing-prototypes -Wmissing-declarations -Wmissing-noreturn -Wredundant-decls -O2 -I/home/VuAirOS/buildroot-2021.05/output/host/include -c -o liblzma_la-vli_size.lo `test -f 'common/vli_size.c' || echo './'`common/vli_size.c
2025-12-13T21:30:15 /bin/bash ../../libtool  --tag=CC   --mode=compile /usr/bin/gcc -DHAVE_CONFIG_H -I. -I../..  -I../../src/liblzma/api -I../../src/liblzma/common -I../../src/liblzma/check -I../../src/liblzma/lz -I../../src/liblzma/rangecoder -I../../src/liblzma/lzma -I../../src/liblzma/delta -I../../src/liblzma/simple -I../../src/common -DTUKLIB_SYMBOL_PREFIX=lzma_ -I/home/VuAirOS/buildroot-2021.05/output/host/include -pthread -fvisibility=hidden -Wall -Wextra -Wvla -Wformat=2 -Winit-self -Wmissing-include-dirs -Wstrict-aliasing -Wfloat-equal -Wundef -Wshadow -Wpointer-arith -Wbad-function-cast -Wwrite-strings -Wlogical-op -Waggregate-return -Wstrict-prototypes -Wold-style-definition -Wmissing-prototypes -Wmissing-declarations -Wmissing-noreturn -Wredundant-decls -O2 -I/home/VuAirOS/buildroot-2021.05/output/host/include -c -o liblzma_la-hardware_cputhreads.lo `test -f 'common/hardware_cputhreads.c' || echo './'`common/hardware_cputhreads.c
2025-12-13T21:30:15 /bin/bash ../../libtool  --tag=CC   --mode=compile /usr/bin/gcc -DHAVE_CONFIG_H -I. -I../..  -I../../src/liblzma/api -I../../src/liblzma/common -I../../src/liblzma/check -I../../src/liblzma/lz -I../../src/liblzma/rangecoder -I../../src/liblzma/lzma -I../../src/liblzma/delta -I../../src/liblzma/simple -I../../src/common -DTUKLIB_SYMBOL_PREFIX=lzma_ -I/home/VuAirOS/buildroot-2021.05/output/host/include -pthread -fvisibility=hidden -Wall -Wextra -Wvla -Wformat=2 -Winit-self -Wmissing-include-dirs -Wstrict-aliasing -Wfloat-equal -Wundef -Wshadow -Wpointer-arith -Wbad-function-cast -Wwrite-strings -Wlogical-op -Waggregate-return -Wstrict-prototypes -Wold-style-definition -Wmissing-prototypes -Wmissing-declarations -Wmissing-noreturn -Wredundant-decls -O2 -I/home/VuAirOS/buildroot-2021.05/output/host/include -c -o liblzma_la-alone_encoder.lo `test -f 'common/alone_encoder.c' || echo './'`common/alone_encoder.c
2025-12-13T21:30:15 /bin/bash ../../libtool  --tag=CC   --mode=compile /usr/bin/gcc -DHAVE_CONFIG_H -I. -I../..  -I../../src/liblzma/api -I../../src/liblzma/common -I../../src/liblzma/check -I../../src/liblzma/lz -I../../src/liblzma/rangecoder -I../../src/liblzma/lzma -I../../src/liblzma/delta -I../../src/liblzma/simple -I../../src/common -DTUKLIB_SYMBOL_PREFIX=lzma_ -I/home/VuAirOS/buildroot-2021.05/output/host/include -pthread -fvisibility=hidden -Wall -Wextra -Wvla -Wformat=2 -Winit-self -Wmissing-include-dirs -Wstrict-aliasing -Wfloat-equal -Wundef -Wshadow -Wpointer-arith -Wbad-function-cast -Wwrite-strings -Wlogical-op -Waggregate-return -Wstrict-prototypes -Wold-style-definition -Wmissing-prototypes -Wmissing-declarations -Wmissing-noreturn -Wredundant-decls -O2 -I/home/VuAirOS/buildroot-2021.05/output/host/include -c -o liblzma_la-block_buffer_encoder.lo `test -f 'common/block_buffer_encoder.c' || echo './'`common/block_buffer_encoder.c
2025-12-13T21:30:15 /bin/bash ../../libtool  --tag=CC   --mode=compile /usr/bin/gcc -DHAVE_CONFIG_H -I. -I../..  -I../../src/liblzma/api -I../../src/liblzma/common -I../../src/liblzma/check -I../../src/liblzma/lz -I../../src/liblzma/rangecoder -I../../src/liblzma/lzma -I../../src/liblzma/delta -I../../src/liblzma/simple -I../../src/common -DTUKLIB_SYMBOL_PREFIX=lzma_ -I/home/VuAirOS/buildroot-2021.05/output/host/include -pthread -fvisibility=hidden -Wall -Wextra -Wvla -Wformat=2 -Winit-self -Wmissing-include-dirs -Wstrict-aliasing -Wfloat-equal -Wundef -Wshadow -Wpointer-arith -Wbad-function-cast -Wwrite-strings -Wlogical-op -Waggregate-return -Wstrict-prototypes -Wold-style-definition -Wmissing-prototypes -Wmissing-declarations -Wmissing-noreturn -Wredundant-decls -O2 -I/home/VuAirOS/buildroot-2021.05/output/host/include -c -o liblzma_la-block_encoder.lo `test -f 'common/block_encoder.c' || echo './'`common/block_encoder.c
2025-12-13T21:30:15 /bin/bash ../../libtool  --tag=CC   --mode=compile /usr/bin/gcc -DHAVE_CONFIG_H -I. -I../..  -I../../src/liblzma/api -I../../src/liblzma/common -I../../src/liblzma/check -I../../src/liblzma/lz -I../../src/liblzma/rangecoder -I../../src/liblzma/lzma -I../../src/liblzma/delta -I../../src/liblzma/simple -I../../src/common -DTUKLIB_SYMBOL_PREFIX=lzma_ -I/home/VuAirOS/buildroot-2021.05/output/host/include -pthread -fvisibility=hidden -Wall -Wextra -Wvla -Wformat=2 -Winit-self -Wmissing-include-dirs -Wstrict-aliasing -Wfloat-equal -Wundef -Wshadow -Wpointer-arith -Wbad-function-cast -Wwrite-strings -Wlogical-op -Waggregate-return -Wstrict-prototypes -Wold-style-definition -Wmissing-prototypes -Wmissing-declarations -Wmissing-noreturn -Wredundant-decls -O2 -I/home/VuAirOS/buildroot-2021.05/output/host/include -c -o liblzma_la-block_header_encoder.lo `test -f 'common/block_header_encoder.c' || echo './'`common/block_header_encoder.c
2025-12-13T21:30:15 /bin/bash ../../libtool  --tag=CC   --mode=compile /usr/bin/gcc -DHAVE_CONFIG_H -I. -I../..  -I../../src/liblzma/api -I../../src/liblzma/common -I../../src/liblzma/check -I../../src/liblzma/lz -I../../src/liblzma/rangecoder -I../../src/liblzma/lzma -I../../src/liblzma/delta -I../../src/liblzma/simple -I../../src/common -DTUKLIB_SYMBOL_PREFIX=lzma_ -I/home/VuAirOS/buildroot-2021.05/output/host/include -pthread -fvisibility=hidden -Wall -Wextra -Wvla -Wformat=2 -Winit-self -Wmissing-include-dirs -Wstrict-aliasing -Wfloat-equal -Wundef -Wshadow -Wpointer-arith -Wbad-function-cast -Wwrite-strings -Wlogical-op -Waggregate-return -Wstrict-prototypes -Wold-style-definition -Wmissing-prototypes -Wmissing-declarations -Wmissing-noreturn -Wredundant-decls -O2 -I/home/VuAirOS/buildroot-2021.05/output/host/include -c -o liblzma_la-easy_buffer_encoder.lo `test -f 'common/easy_buffer_encoder.c' || echo './'`common/easy_buffer_encoder.c
2025-12-13T21:30:15 libtool: compile:  /usr/bin/gcc -DHAVE_CONFIG_H -I. -I../.. -I../../src/liblzma/api -I../../src/liblzma/common -I../../src/liblzma/check -I../../src/liblzma/lz -I../../src/liblzma/rangecoder -I../../src/liblzma/lzma -I../../src/liblzma/delta -I../../src/liblzma/simple -I../../src/common -DTUKLIB_SYMBOL_PREFIX=lzma_ -I/home/VuAirOS/buildroot-2021.05/output/host/include -pthread -fvisibility=hidden -Wall -Wextra -Wvla -Wformat=2 -Winit-self -Wmissing-include-dirs -Wstrict-aliasing -Wfloat-equal -Wundef -Wshadow -Wpointer-arith -Wbad-function-cast -Wwrite-strings -Wlogical-op -Waggregate-return -Wstrict-prototypes -Wold-style-definition -Wmissing-prototypes -Wmissing-declarations -Wmissing-noreturn -Wredundant-decls -O2 -I/home/VuAirOS/buildroot-2021.05/output/host/include -c common/hardware_physmem.c  -fPIC -DPIC -o .libs/liblzma_la-hardware_physmem.o
2025-12-13T21:30:15 libtool: compile:  /usr/bin/gcc -DHAVE_CONFIG_H -I. -I../.. -I../../src/liblzma/api -I../../src/liblzma/common -I../../src/liblzma/check -I../../src/liblzma/lz -I../../src/liblzma/rangecoder -I../../src/liblzma/lzma -I../../src/liblzma/delta -I../../src/liblzma/simple -I../../src/common -DTUKLIB_SYMBOL_PREFIX=lzma_ -I/home/VuAirOS/buildroot-2021.05/output/host/include -pthread -fvisibility=hidden -Wall -Wextra -Wvla -Wformat=2 -Winit-self -Wmissing-include-dirs -Wstrict-aliasing -Wfloat-equal -Wundef -Wshadow -Wpointer-arith -Wbad-function-cast -Wwrite-strings -Wlogical-op -Waggregate-return -Wstrict-prototypes -Wold-style-definition -Wmissing-prototypes -Wmissing-declarations -Wmissing-noreturn -Wredundant-decls -O2 -I/home/VuAirOS/buildroot-2021.05/output/host/include -c ../common/tuklib_cpucores.c  -fPIC -DPIC -o .libs/liblzma_la-tuklib_cpucores.o
2025-12-13T21:30:15 libtool: compile:  /usr/bin/gcc -DHAVE_CONFIG_H -I. -I../.. -I../../src/liblzma/api -I../../src/liblzma/common -I../../src/liblzma/check -I../../src/liblzma/lz -I../../src/liblzma/rangecoder -I../../src/liblzma/lzma -I../../src/liblzma/delta -I../../src/liblzma/simple -I../../src/common -DTUKLIB_SYMBOL_PREFIX=lzma_ -I/home/VuAirOS/buildroot-2021.05/output/host/include -pthread -fvisibility=hidden -Wall -Wextra -Wvla -Wformat=2 -Winit-self -Wmissing-include-dirs -Wstrict-aliasing -Wfloat-equal -Wundef -Wshadow -Wpointer-arith -Wbad-function-cast -Wwrite-strings -Wlogical-op -Waggregate-return -Wstrict-prototypes -Wold-style-definition -Wmissing-prototypes -Wmissing-declarations -Wmissing-noreturn -Wredundant-decls -O2 -I/home/VuAirOS/buildroot-2021.05/output/host/include -c common/block_util.c  -fPIC -DPIC -o .libs/liblzma_la-block_util.o
2025-12-13T21:30:15 libtool: compile:  /usr/bin/gcc -DHAVE_CONFIG_H -I. -I../.. -I../../src/liblzma/api -I../../src/liblzma/common -I../../src/liblzma/check -I../../src/liblzma/lz -I../../src/liblzma/rangecoder -I../../src/liblzma/lzma -I../../src/liblzma/delta -I../../src/liblzma/simple -I../../src/common -DTUKLIB_SYMBOL_PREFIX=lzma_ -I/home/VuAirOS/buildroot-2021.05/output/host/include -pthread -fvisibility=hidden -Wall -Wextra -Wvla -Wformat=2 -Winit-self -Wmissing-include-dirs -Wstrict-aliasing -Wfloat-equal -Wundef -Wshadow -Wpointer-arith -Wbad-function-cast -Wwrite-strings -Wlogical-op -Waggregate-return -Wstrict-prototypes -Wold-style-definition -Wmissing-prototypes -Wmissing-declarations -Wmissing-noreturn -Wredundant-decls -O2 -I/home/VuAirOS/buildroot-2021.05/output/host/include -c common/common.c  -fPIC -DPIC -o .libs/liblzma_la-common.o
2025-12-13T21:30:15 libtool: compile:  /usr/bin/gcc -DHAVE_CONFIG_H -I. -I../.. -I../../src/liblzma/api -I../../src/liblzma/common -I../../src/liblzma/check -I../../src/liblzma/lz -I../../src/liblzma/rangecoder -I../../src/liblzma/lzma -I../../src/liblzma/delta -I../../src/liblzma/simple -I../../src/common -DTUKLIB_SYMBOL_PREFIX=lzma_ -I/home/VuAirOS/buildroot-2021.05/output/host/include -pthread -fvisibility=hidden -Wall -Wextra -Wvla -Wformat=2 -Winit-self -Wmissing-include-dirs -Wstrict-aliasing -Wfloat-equal -Wundef -Wshadow -Wpointer-arith -Wbad-function-cast -Wwrite-strings -Wlogical-op -Waggregate-return -Wstrict-prototypes -Wold-style-definition -Wmissing-prototypes -Wmissing-declarations -Wmissing-noreturn -Wredundant-decls -O2 -I/home/VuAirOS/buildroot-2021.05/output/host/include -c common/stream_flags_common.c  -fPIC -DPIC -o .libs/liblzma_la-stream_flags_common.o
2025-12-13T21:30:15 libtool: compile:  /usr/bin/gcc -DHAVE_CONFIG_H -I. -I../.. -I../../src/liblzma/api -I../../src/liblzma/common -I../../src/liblzma/check -I../../src/liblzma/lz -I../../src/liblzma/rangecoder -I../../src/liblzma/lzma -I../../src/liblzma/delta -I../../src/liblzma/simple -I../../src/common -DTUKLIB_SYMBOL_PREFIX=lzma_ -I/home/VuAirOS/buildroot-2021.05/output/host/include -pthread -fvisibility=hidden -Wall -Wextra -Wvla -Wformat=2 -Winit-self -Wmissing-include-dirs -Wstrict-aliasing -Wfloat-equal -Wundef -Wshadow -Wpointer-arith -Wbad-function-cast -Wwrite-strings -Wlogical-op -Waggregate-return -Wstrict-prototypes -Wold-style-definition -Wmissing-prototypes -Wmissing-declarations -Wmissing-noreturn -Wredundant-decls -O2 -I/home/VuAirOS/buildroot-2021.05/output/host/include -c common/alone_encoder.c  -fPIC -DPIC -o .libs/liblzma_la-alone_encoder.o
2025-12-13T21:30:15 libtool: compile:  /usr/bin/gcc -DHAVE_CONFIG_H -I. -I../.. -I../../src/liblzma/api -I../../src/liblzma/common -I../../src/liblzma/check -I../../src/liblzma/lz -I../../src/liblzma/rangecoder -I../../src/liblzma/lzma -I../../src/liblzma/delta -I../../src/liblzma/simple -I../../src/common -DTUKLIB_SYMBOL_PREFIX=lzma_ -I/home/VuAirOS/buildroot-2021.05/output/host/include -pthread -fvisibility=hidden -Wall -Wextra -Wvla -Wformat=2 -Winit-self -Wmissing-include-dirs -Wstrict-aliasing -Wfloat-equal -Wundef -Wshadow -Wpointer-arith -Wbad-function-cast -Wwrite-strings -Wlogical-op -Waggregate-return -Wstrict-prototypes -Wold-style-definition -Wmissing-prototypes -Wmissing-declarations -Wmissing-noreturn -Wredundant-decls -O2 -I/home/VuAirOS/buildroot-2021.05/output/host/include -c common/easy_preset.c  -fPIC -DPIC -o .libs/liblzma_la-easy_preset.o
2025-12-13T21:30:15 libtool: compile:  /usr/bin/gcc -DHAVE_CONFIG_H -I. -I../.. -I../../src/liblzma/api -I../../src/liblzma/common -I../../src/liblzma/check -I../../src/liblzma/lz -I../../src/liblzma/rangecoder -I../../src/liblzma/lzma -I../../src/liblzma/delta -I../../src/liblzma/simple -I../../src/common -DTUKLIB_SYMBOL_PREFIX=lzma_ -I/home/VuAirOS/buildroot-2021.05/output/host/include -pthread -fvisibility=hidden -Wall -Wextra -Wvla -Wformat=2 -Winit-self -Wmissing-include-dirs -Wstrict-aliasing -Wfloat-equal -Wundef -Wshadow -Wpointer-arith -Wbad-function-cast -Wwrite-strings -Wlogical-op -Waggregate-return -Wstrict-prototypes -Wold-style-definition -Wmissing-prototypes -Wmissing-declarations -Wmissing-noreturn -Wredundant-decls -O2 -I/home/VuAirOS/buildroot-2021.05/output/host/include -c common/hardware_cputhreads.c  -fPIC -DPIC -o .libs/liblzma_la-hardware_cputhreads.o
2025-12-13T21:30:15 libtool: compile:  /usr/bin/gcc -DHAVE_CONFIG_H -I. -I../.. -I../../src/liblzma/api -I../../src/liblzma/common -I../../src/liblzma/check -I../../src/liblzma/lz -I../../src/liblzma/rangecoder -I../../src/liblzma/lzma -I../../src/liblzma/delta -I../../src/liblzma/simple -I../../src/common -DTUKLIB_SYMBOL_PREFIX=lzma_ -I/home/VuAirOS/buildroot-2021.05/output/host/include -pthread -fvisibility=hidden -Wall -Wextra -Wvla -Wformat=2 -Winit-self -Wmissing-include-dirs -Wstrict-aliasing -Wfloat-equal -Wundef -Wshadow -Wpointer-arith -Wbad-function-cast -Wwrite-strings -Wlogical-op -Waggregate-return -Wstrict-prototypes -Wold-style-definition -Wmissing-prototypes -Wmissing-declarations -Wmissing-noreturn -Wredundant-decls -O2 -I/home/VuAirOS/buildroot-2021.05/output/host/include -c common/filter_common.c  -fPIC -DPIC -o .libs/liblzma_la-filter_common.o
2025-12-13T21:30:15 libtool: compile:  /usr/bin/gcc -DHAVE_CONFIG_H -I. -I../.. -I../../src/liblzma/api -I../../src/liblzma/common -I../../src/liblzma/check -I../../src/liblzma/lz -I../../src/liblzma/rangecoder -I../../src/liblzma/lzma -I../../src/liblzma/delta -I../../src/liblzma/simple -I../../src/common -DTUKLIB_SYMBOL_PREFIX=lzma_ -I/home/VuAirOS/buildroot-2021.05/output/host/include -pthread -fvisibility=hidden -Wall -Wextra -Wvla -Wformat=2 -Winit-self -Wmissing-include-dirs -Wstrict-aliasing -Wfloat-equal -Wundef -Wshadow -Wpointer-arith -Wbad-function-cast -Wwrite-strings -Wlogical-op -Waggregate-return -Wstrict-prototypes -Wold-style-definition -Wmissing-prototypes -Wmissing-declarations -Wmissing-noreturn -Wredundant-decls -O2 -I/home/VuAirOS/buildroot-2021.05/output/host/include -c common/block_buffer_encoder.c  -fPIC -DPIC -o .libs/liblzma_la-block_buffer_encoder.o
2025-12-13T21:30:15 libtool: compile:  /usr/bin/gcc -DHAVE_CONFIG_H -I. -I../.. -I../../src/liblzma/api -I../../src/liblzma/common -I../../src/liblzma/check -I../../src/liblzma/lz -I../../src/liblzma/rangecoder -I../../src/liblzma/lzma -I../../src/liblzma/delta -I../../src/liblzma/simple -I../../src/common -DTUKLIB_SYMBOL_PREFIX=lzma_ -I/home/VuAirOS/buildroot-2021.05/output/host/include -pthread -fvisibility=hidden -Wall -Wextra -Wvla -Wformat=2 -Winit-self -Wmissing-include-dirs -Wstrict-aliasing -Wfloat-equal -Wundef -Wshadow -Wpointer-arith -Wbad-function-cast -Wwrite-strings -Wlogical-op -Waggregate-return -Wstrict-prototypes -Wold-style-definition -Wmissing-prototypes -Wmissing-declarations -Wmissing-noreturn -Wredundant-decls -O2 -I/home/VuAirOS/buildroot-2021.05/output/host/include -c common/easy_buffer_encoder.c  -fPIC -DPIC -o .libs/liblzma_la-easy_buffer_encoder.o
2025-12-13T21:30:15 libtool: compile:  /usr/bin/gcc -DHAVE_CONFIG_H -I. -I../.. -I../../src/liblzma/api -I../../src/liblzma/common -I../../src/liblzma/check -I../../src/liblzma/lz -I../../src/liblzma/rangecoder -I../../src/liblzma/lzma -I../../src/liblzma/delta -I../../src/liblzma/simple -I../../src/common -DTUKLIB_SYMBOL_PREFIX=lzma_ -I/home/VuAirOS/buildroot-2021.05/output/host/include -pthread -fvisibility=hidden -Wall -Wextra -Wvla -Wformat=2 -Winit-self -Wmissing-include-dirs -Wstrict-aliasing -Wfloat-equal -Wundef -Wshadow -Wpointer-arith -Wbad-function-cast -Wwrite-strings -Wlogical-op -Waggregate-return -Wstrict-prototypes -Wold-style-definition -Wmissing-prototypes -Wmissing-declarations -Wmissing-noreturn -Wredundant-decls -O2 -I/home/VuAirOS/buildroot-2021.05/output/host/include -c common/index.c  -fPIC -DPIC -o .libs/liblzma_la-index.o
2025-12-13T21:30:15 libtool: compile:  /usr/bin/gcc -DHAVE_CONFIG_H -I. -I../.. -I../../src/liblzma/api -I../../src/liblzma/common -I../../src/liblzma/check -I../../src/liblzma/lz -I../../src/liblzma/rangecoder -I../../src/liblzma/lzma -I../../src/liblzma/delta -I../../src/liblzma/simple -I../../src/common -DTUKLIB_SYMBOL_PREFIX=lzma_ -I/home/VuAirOS/buildroot-2021.05/output/host/include -pthread -fvisibility=hidden -Wall -Wextra -Wvla -Wformat=2 -Winit-self -Wmissing-include-dirs -Wstrict-aliasing -Wfloat-equal -Wundef -Wshadow -Wpointer-arith -Wbad-function-cast -Wwrite-strings -Wlogical-op -Waggregate-return -Wstrict-prototypes -Wold-style-definition -Wmissing-prototypes -Wmissing-declarations -Wmissing-noreturn -Wredundant-decls -O2 -I/home/VuAirOS/buildroot-2021.05/output/host/include -c common/vli_size.c  -fPIC -DPIC -o .libs/liblzma_la-vli_size.o
2025-12-13T21:30:15 /bin/bash ../../libtool  --tag=CC   --mode=compile /usr/bin/gcc -DHAVE_CONFIG_H -I. -I../..  -I../../src/liblzma/api -I../../src/liblzma/common -I../../src/liblzma/check -I../../src/liblzma/lz -I../../src/liblzma/rangecoder -I../../src/liblzma/lzma -I../../src/liblzma/delta -I../../src/liblzma/simple -I../../src/common -DTUKLIB_SYMBOL_PREFIX=lzma_ -I/home/VuAirOS/buildroot-2021.05/output/host/include -pthread -fvisibility=hidden -Wall -Wextra -Wvla -Wformat=2 -Winit-self -Wmissing-include-dirs -Wstrict-aliasing -Wfloat-equal -Wundef -Wshadow -Wpointer-arith -Wbad-function-cast -Wwrite-strings -Wlogical-op -Waggregate-return -Wstrict-prototypes -Wold-style-definition -Wmissing-prototypes -Wmissing-declarations -Wmissing-noreturn -Wredundant-decls -O2 -I/home/VuAirOS/buildroot-2021.05/output/host/include -c -o liblzma_la-easy_encoder.lo `test -f 'common/easy_encoder.c' || echo './'`common/easy_encoder.c
2025-12-13T21:30:15 libtool: compile:  /usr/bin/gcc -DHAVE_CONFIG_H -I. -I../.. -I../../src/liblzma/api -I../../src/liblzma/common -I../../src/liblzma/check -I../../src/liblzma/lz -I../../src/liblzma/rangecoder -I../../src/liblzma/lzma -I../../src/liblzma/delta -I../../src/liblzma/simple -I../../src/common -DTUKLIB_SYMBOL_PREFIX=lzma_ -I/home/VuAirOS/buildroot-2021.05/output/host/include -pthread -fvisibility=hidden -Wall -Wextra -Wvla -Wformat=2 -Winit-self -Wmissing-include-dirs -Wstrict-aliasing -Wfloat-equal -Wundef -Wshadow -Wpointer-arith -Wbad-function-cast -Wwrite-strings -Wlogical-op -Waggregate-return -Wstrict-prototypes -Wold-style-definition -Wmissing-prototypes -Wmissing-declarations -Wmissing-noreturn -Wredundant-decls -O2 -I/home/VuAirOS/buildroot-2021.05/output/host/include -c common/block_header_encoder.c  -fPIC -DPIC -o .libs/liblzma_la-block_header_encoder.o
2025-12-13T21:30:15 libtool: compile:  /usr/bin/gcc -DHAVE_CONFIG_H -I. -I../.. -I../../src/liblzma/api -I../../src/liblzma/common -I../../src/liblzma/check -I../../src/liblzma/lz -I../../src/liblzma/rangecoder -I../../src/liblzma/lzma -I../../src/liblzma/delta -I../../src/liblzma/simple -I../../src/common -DTUKLIB_SYMBOL_PREFIX=lzma_ -I/home/VuAirOS/buildroot-2021.05/output/host/include -pthread -fvisibility=hidden -Wall -Wextra -Wvla -Wformat=2 -Winit-self -Wmissing-include-dirs -Wstrict-aliasing -Wfloat-equal -Wundef -Wshadow -Wpointer-arith -Wbad-function-cast -Wwrite-strings -Wlogical-op -Waggregate-return -Wstrict-prototypes -Wold-style-definition -Wmissing-prototypes -Wmissing-declarations -Wmissing-noreturn -Wredundant-decls -O2 -I/home/VuAirOS/buildroot-2021.05/output/host/include -c common/block_encoder.c  -fPIC -DPIC -o .libs/liblzma_la-block_encoder.o
2025-12-13T21:30:15 libtool: compile:  /usr/bin/gcc -DHAVE_CONFIG_H -I. -I../.. -I../../src/liblzma/api -I../../src/liblzma/common -I../../src/liblzma/check -I../../src/liblzma/lz -I../../src/liblzma/rangecoder -I../../src/liblzma/lzma -I../../src/liblzma/delta -I../../src/liblzma/simple -I../../src/common -DTUKLIB_SYMBOL_PREFIX=lzma_ -I/home/VuAirOS/buildroot-2021.05/output/host/include -pthread -fvisibility=hidden -Wall -Wextra -Wvla -Wformat=2 -Winit-self -Wmissing-include-dirs -Wstrict-aliasing -Wfloat-equal -Wundef -Wshadow -Wpointer-arith -Wbad-function-cast -Wwrite-strings -Wlogical-op -Waggregate-return -Wstrict-prototypes -Wold-style-definition -Wmissing-prototypes -Wmissing-declarations -Wmissing-noreturn -Wredundant-decls -O2 -I/home/VuAirOS/buildroot-2021.05/output/host/include -c ../common/tuklib_physmem.c  -fPIC -DPIC -o .libs/liblzma_la-tuklib_physmem.o
2025-12-13T21:30:15 /bin/bash ../../libtool  --tag=CC   --mode=compile /usr/bin/gcc -DHAVE_CONFIG_H -I. -I../..  -I../../src/liblzma/api -I../../src/liblzma/common -I../../src/liblzma/check -I../../src/liblzma/lz -I../../src/liblzma/rangecoder -I../../src/liblzma/lzma -I../../src/liblzma/delta -I../../src/liblzma/simple -I../../src/common -DTUKLIB_SYMBOL_PREFIX=lzma_ -I/home/VuAirOS/buildroot-2021.05/output/host/include -pthread -fvisibility=hidden -Wall -Wextra -Wvla -Wformat=2 -Winit-self -Wmissing-include-dirs -Wstrict-aliasing -Wfloat-equal -Wundef -Wshadow -Wpointer-arith -Wbad-function-cast -Wwrite-strings -Wlogical-op -Waggregate-return -Wstrict-prototypes -Wold-style-definition -Wmissing-prototypes -Wmissing-declarations -Wmissing-noreturn -Wredundant-decls -O2 -I/home/VuAirOS/buildroot-2021.05/output/host/include -c -o liblzma_la-easy_encoder_memusage.lo `test -f 'common/easy_encoder_memusage.c' || echo './'`common/easy_encoder_memusage.c
2025-12-13T21:30:15 /bin/bash ../../libtool  --tag=CC   --mode=compile /usr/bin/gcc -DHAVE_CONFIG_H -I. -I../..  -I../../src/liblzma/api -I../../src/liblzma/common -I../../src/liblzma/check -I../../src/liblzma/lz -I../../src/liblzma/rangecoder -I../../src/liblzma/lzma -I../../src/liblzma/delta -I../../src/liblzma/simple -I../../src/common -DTUKLIB_SYMBOL_PREFIX=lzma_ -I/home/VuAirOS/buildroot-2021.05/output/host/include -pthread -fvisibility=hidden -Wall -Wextra -Wvla -Wformat=2 -Winit-self -Wmissing-include-dirs -Wstrict-aliasing -Wfloat-equal -Wundef -Wshadow -Wpointer-arith -Wbad-function-cast -Wwrite-strings -Wlogical-op -Waggregate-return -Wstrict-prototypes -Wold-style-definition -Wmissing-prototypes -Wmissing-declarations -Wmissing-noreturn -Wredundant-decls -O2 -I/home/VuAirOS/buildroot-2021.05/output/host/include -c -o liblzma_la-filter_buffer_encoder.lo `test -f 'common/filter_buffer_encoder.c' || echo './'`common/filter_buffer_encoder.c
2025-12-13T21:30:15 /bin/bash ../../libtool  --tag=CC   --mode=compile /usr/bin/gcc -DHAVE_CONFIG_H -I. -I../..  -I../../src/liblzma/api -I../../src/liblzma/common -I../../src/liblzma/check -I../../src/liblzma/lz -I../../src/liblzma/rangecoder -I../../src/liblzma/lzma -I../../src/liblzma/delta -I../../src/liblzma/simple -I../../src/common -DTUKLIB_SYMBOL_PREFIX=lzma_ -I/home/VuAirOS/buildroot-2021.05/output/host/include -pthread -fvisibility=hidden -Wall -Wextra -Wvla -Wformat=2 -Winit-self -Wmissing-include-dirs -Wstrict-aliasing -Wfloat-equal -Wundef -Wshadow -Wpointer-arith -Wbad-function-cast -Wwrite-strings -Wlogical-op -Waggregate-return -Wstrict-prototypes -Wold-style-definition -Wmissing-prototypes -Wmissing-declarations -Wmissing-noreturn -Wredundant-decls -O2 -I/home/VuAirOS/buildroot-2021.05/output/host/include -c -o liblzma_la-filter_encoder.lo `test -f 'common/filter_encoder.c' || echo './'`common/filter_encoder.c
2025-12-13T21:30:15 /bin/bash ../../libtool  --tag=CC   --mode=compile /usr/bin/gcc -DHAVE_CONFIG_H -I. -I../..  -I../../src/liblzma/api -I../../src/liblzma/common -I../../src/liblzma/check -I../../src/liblzma/lz -I../../src/liblzma/rangecoder -I../../src/liblzma/lzma -I../../src/liblzma/delta -I../../src/liblzma/simple -I../../src/common -DTUKLIB_SYMBOL_PREFIX=lzma_ -I/home/VuAirOS/buildroot-2021.05/output/host/include -pthread -fvisibility=hidden -Wall -Wextra -Wvla -Wformat=2 -Winit-self -Wmissing-include-dirs -Wstrict-aliasing -Wfloat-equal -Wundef -Wshadow -Wpointer-arith -Wbad-function-cast -Wwrite-strings -Wlogical-op -Waggregate-return -Wstrict-prototypes -Wold-style-definition -Wmissing-prototypes -Wmissing-declarations -Wmissing-noreturn -Wredundant-decls -O2 -I/home/VuAirOS/buildroot-2021.05/output/host/include -c -o liblzma_la-filter_flags_encoder.lo `test -f 'common/filter_flags_encoder.c' || echo './'`common/filter_flags_encoder.c
2025-12-13T21:30:15 /bin/bash ../../libtool  --tag=CC   --mode=compile /usr/bin/gcc -DHAVE_CONFIG_H -I. -I../..  -I../../src/liblzma/api -I../../src/liblzma/common -I../../src/liblzma/check -I../../src/liblzma/lz -I../../src/liblzma/rangecoder -I../../src/liblzma/lzma -I../../src/liblzma/delta -I../../src/liblzma/simple -I../../src/common -DTUKLIB_SYMBOL_PREFIX=lzma_ -I/home/VuAirOS/buildroot-2021.05/output/host/include -pthread -fvisibility=hidden -Wall -Wextra -Wvla -Wformat=2 -Winit-self -Wmissing-include-dirs -Wstrict-aliasing -Wfloat-equal -Wundef -Wshadow -Wpointer-arith -Wbad-function-cast -Wwrite-strings -Wlogical-op -Waggregate-return -Wstrict-prototypes -Wold-style-definition -Wmissing-prototypes -Wmissing-declarations -Wmissing-noreturn -Wredundant-decls -O2 -I/home/VuAirOS/buildroot-2021.05/output/host/include -c -o liblzma_la-index_encoder.lo `test -f 'common/index_encoder.c' || echo './'`common/index_encoder.c
2025-12-13T21:30:15 /bin/bash ../../libtool  --tag=CC   --mode=compile /usr/bin/gcc -DHAVE_CONFIG_H -I. -I../..  -I../../src/liblzma/api -I../../src/liblzma/common -I../../src/liblzma/check -I../../src/liblzma/lz -I../../src/liblzma/rangecoder -I../../src/liblzma/lzma -I../../src/liblzma/delta -I../../src/liblzma/simple -I../../src/common -DTUKLIB_SYMBOL_PREFIX=lzma_ -I/home/VuAirOS/buildroot-2021.05/output/host/include -pthread -fvisibility=hidden -Wall -Wextra -Wvla -Wformat=2 -Winit-self -Wmissing-include-dirs -Wstrict-aliasing -Wfloat-equal -Wundef -Wshadow -Wpointer-arith -Wbad-function-cast -Wwrite-strings -Wlogical-op -Waggregate-return -Wstrict-prototypes -Wold-style-definition -Wmissing-prototypes -Wmissing-declarations -Wmissing-noreturn -Wredundant-decls -O2 -I/home/VuAirOS/buildroot-2021.05/output/host/include -c -o liblzma_la-stream_buffer_encoder.lo `test -f 'common/stream_buffer_encoder.c' || echo './'`common/stream_buffer_encoder.c
2025-12-13T21:30:15 /bin/bash ../../libtool  --tag=CC   --mode=compile /usr/bin/gcc -DHAVE_CONFIG_H -I. -I../..  -I../../src/liblzma/api -I../../src/liblzma/common -I../../src/liblzma/check -I../../src/liblzma/lz -I../../src/liblzma/rangecoder -I../../src/liblzma/lzma -I../../src/liblzma/delta -I../../src/liblzma/simple -I../../src/common -DTUKLIB_SYMBOL_PREFIX=lzma_ -I/home/VuAirOS/buildroot-2021.05/output/host/include -pthread -fvisibility=hidden -Wall -Wextra -Wvla -Wformat=2 -Winit-self -Wmissing-include-dirs -Wstrict-aliasing -Wfloat-equal -Wundef -Wshadow -Wpointer-arith -Wbad-function-cast -Wwrite-strings -Wlogical-op -Waggregate-return -Wstrict-prototypes -Wold-style-definition -Wmissing-prototypes -Wmissing-declarations -Wmissing-noreturn -Wredundant-decls -O2 -I/home/VuAirOS/buildroot-2021.05/output/host/include -c -o liblzma_la-stream_encoder.lo `test -f 'common/stream_encoder.c' || echo './'`common/stream_encoder.c
2025-12-13T21:30:15 /bin/bash ../../libtool  --tag=CC   --mode=compile /usr/bin/gcc -DHAVE_CONFIG_H -I. -I../..  -I../../src/liblzma/api -I../../src/liblzma/common -I../../src/liblzma/check -I../../src/liblzma/lz -I../../src/liblzma/rangecoder -I../../src/liblzma/lzma -I../../src/liblzma/delta -I../../src/liblzma/simple -I../../src/common -DTUKLIB_SYMBOL_PREFIX=lzma_ -I/home/VuAirOS/buildroot-2021.05/output/host/include -pthread -fvisibility=hidden -Wall -Wextra -Wvla -Wformat=2 -Winit-self -Wmissing-include-dirs -Wstrict-aliasing -Wfloat-equal -Wundef -Wshadow -Wpointer-arith -Wbad-function-cast -Wwrite-strings -Wlogical-op -Waggregate-return -Wstrict-prototypes -Wold-style-definition -Wmissing-prototypes -Wmissing-declarations -Wmissing-noreturn -Wredundant-decls -O2 -I/home/VuAirOS/buildroot-2021.05/output/host/include -c -o liblzma_la-stream_flags_encoder.lo `test -f 'common/stream_flags_encoder.c' || echo './'`common/stream_flags_encoder.c
2025-12-13T21:30:15 /bin/bash ../../libtool  --tag=CC   --mode=compile /usr/bin/gcc -DHAVE_CONFIG_H -I. -I../..  -I../../src/liblzma/api -I../../src/liblzma/common -I../../src/liblzma/check -I../../src/liblzma/lz -I../../src/liblzma/rangecoder -I../../src/liblzma/lzma -I../../src/liblzma/delta -I../../src/liblzma/simple -I../../src/common -DTUKLIB_SYMBOL_PREFIX=lzma_ -I/home/VuAirOS/buildroot-2021.05/output/host/include -pthread -fvisibility=hidden -Wall -Wextra -Wvla -Wformat=2 -Winit-self -Wmissing-include-dirs -Wstrict-aliasing -Wfloat-equal -Wundef -Wshadow -Wpointer-arith -Wbad-function-cast -Wwrite-strings -Wlogical-op -Waggregate-return -Wstrict-prototypes -Wold-style-definition -Wmissing-prototypes -Wmissing-declarations -Wmissing-noreturn -Wredundant-decls -O2 -I/home/VuAirOS/buildroot-2021.05/output/host/include -c -o liblzma_la-vli_encoder.lo `test -f 'common/vli_encoder.c' || echo './'`common/vli_encoder.c
2025-12-13T21:30:15 /bin/bash ../../libtool  --tag=CC   --mode=compile /usr/bin/gcc -DHAVE_CONFIG_H -I. -I../..  -I../../src/liblzma/api -I../../src/liblzma/common -I../../src/liblzma/check -I../../src/liblzma/lz -I../../src/liblzma/rangecoder -I../../src/liblzma/lzma -I../../src/liblzma/delta -I../../src/liblzma/simple -I../../src/common -DTUKLIB_SYMBOL_PREFIX=lzma_ -I/home/VuAirOS/buildroot-2021.05/output/host/include -pthread -fvisibility=hidden -Wall -Wextra -Wvla -Wformat=2 -Winit-self -Wmissing-include-dirs -Wstrict-aliasing -Wfloat-equal -Wundef -Wshadow -Wpointer-arith -Wbad-function-cast -Wwrite-strings -Wlogical-op -Waggregate-return -Wstrict-prototypes -Wold-style-definition -Wmissing-prototypes -Wmissing-declarations -Wmissing-noreturn -Wredundant-decls -O2 -I/home/VuAirOS/buildroot-2021.05/output/host/include -c -o liblzma_la-outqueue.lo `test -f 'common/outqueue.c' || echo './'`common/outqueue.c
2025-12-13T21:30:15 /bin/bash ../../libtool  --tag=CC   --mode=compile /usr/bin/gcc -DHAVE_CONFIG_H -I. -I../..  -I../../src/liblzma/api -I../../src/liblzma/common -I../../src/liblzma/check -I../../src/liblzma/lz -I../../src/liblzma/rangecoder -I../../src/liblzma/lzma -I../../src/liblzma/delta -I../../src/liblzma/simple -I../../src/common -DTUKLIB_SYMBOL_PREFIX=lzma_ -I/home/VuAirOS/buildroot-2021.05/output/host/include -pthread -fvisibility=hidden -Wall -Wextra -Wvla -Wformat=2 -Winit-self -Wmissing-include-dirs -Wstrict-aliasing -Wfloat-equal -Wundef -Wshadow -Wpointer-arith -Wbad-function-cast -Wwrite-strings -Wlogical-op -Waggregate-return -Wstrict-prototypes -Wold-style-definition -Wmissing-prototypes -Wmissing-declarations -Wmissing-noreturn -Wredundant-decls -O2 -I/home/VuAirOS/buildroot-2021.05/output/host/include -c -o liblzma_la-stream_encoder_mt.lo `test -f 'common/stream_encoder_mt.c' || echo './'`common/stream_encoder_mt.c
2025-12-13T21:30:15 libtool: compile:  /usr/bin/gcc -DHAVE_CONFIG_H -I. -I../.. -I../../src/liblzma/api -I../../src/liblzma/common -I../../src/liblzma/check -I../../src/liblzma/lz -I../../src/liblzma/rangecoder -I../../src/liblzma/lzma -I../../src/liblzma/delta -I../../src/liblzma/simple -I../../src/common -DTUKLIB_SYMBOL_PREFIX=lzma_ -I/home/VuAirOS/buildroot-2021.05/output/host/include -pthread -fvisibility=hidden -Wall -Wextra -Wvla -Wformat=2 -Winit-self -Wmissing-include-dirs -Wstrict-aliasing -Wfloat-equal -Wundef -Wshadow -Wpointer-arith -Wbad-function-cast -Wwrite-strings -Wlogical-op -Waggregate-return -Wstrict-prototypes -Wold-style-definition -Wmissing-prototypes -Wmissing-declarations -Wmissing-noreturn -Wredundant-decls -O2 -I/home/VuAirOS/buildroot-2021.05/output/host/include -c common/easy_encoder_memusage.c  -fPIC -DPIC -o .libs/liblzma_la-easy_encoder_memusage.o
2025-12-13T21:30:15 libtool: compile:  /usr/bin/gcc -DHAVE_CONFIG_H -I. -I../.. -I../../src/liblzma/api -I../../src/liblzma/common -I../../src/liblzma/check -I../../src/liblzma/lz -I../../src/liblzma/rangecoder -I../../src/liblzma/lzma -I../../src/liblzma/delta -I../../src/liblzma/simple -I../../src/common -DTUKLIB_SYMBOL_PREFIX=lzma_ -I/home/VuAirOS/buildroot-2021.05/output/host/include -pthread -fvisibility=hidden -Wall -Wextra -Wvla -Wformat=2 -Winit-self -Wmissing-include-dirs -Wstrict-aliasing -Wfloat-equal -Wundef -Wshadow -Wpointer-arith -Wbad-function-cast -Wwrite-strings -Wlogical-op -Waggregate-return -Wstrict-prototypes -Wold-style-definition -Wmissing-prototypes -Wmissing-declarations -Wmissing-noreturn -Wredundant-decls -O2 -I/home/VuAirOS/buildroot-2021.05/output/host/include -c common/filter_encoder.c  -fPIC -DPIC -o .libs/liblzma_la-filter_encoder.o
2025-12-13T21:30:15 /bin/bash ../../libtool  --tag=CC   --mode=compile /usr/bin/gcc -DHAVE_CONFIG_H -I. -I../..  -I../../src/liblzma/api -I../../src/liblzma/common -I../../src/liblzma/check -I../../src/liblzma/lz -I../../src/liblzma/rangecoder -I../../src/liblzma/lzma -I../../src/liblzma/delta -I../../src/liblzma/simple -I../../src/common -DTUKLIB_SYMBOL_PREFIX=lzma_ -I/home/VuAirOS/buildroot-2021.05/output/host/include -pthread -fvisibility=hidden -Wall -Wextra -Wvla -Wformat=2 -Winit-self -Wmissing-include-dirs -Wstrict-aliasing -Wfloat-equal -Wundef -Wshadow -Wpointer-arith -Wbad-function-cast -Wwrite-strings -Wlogical-op -Waggregate-return -Wstrict-prototypes -Wold-style-definition -Wmissing-prototypes -Wmissing-declarations -Wmissing-noreturn -Wredundant-decls -O2 -I/home/VuAirOS/buildroot-2021.05/output/host/include -c -o liblzma_la-alone_decoder.lo `test -f 'common/alone_decoder.c' || echo './'`common/alone_decoder.c
2025-12-13T21:30:15 libtool: compile:  /usr/bin/gcc -DHAVE_CONFIG_H -I. -I../.. -I../../src/liblzma/api -I../../src/liblzma/common -I../../src/liblzma/check -I../../src/liblzma/lz -I../../src/liblzma/rangecoder -I../../src/liblzma/lzma -I../../src/liblzma/delta -I../../src/liblzma/simple -I../../src/common -DTUKLIB_SYMBOL_PREFIX=lzma_ -I/home/VuAirOS/buildroot-2021.05/output/host/include -pthread -fvisibility=hidden -Wall -Wextra -Wvla -Wformat=2 -Winit-self -Wmissing-include-dirs -Wstrict-aliasing -Wfloat-equal -Wundef -Wshadow -Wpointer-arith -Wbad-function-cast -Wwrite-strings -Wlogical-op -Waggregate-return -Wstrict-prototypes -Wold-style-definition -Wmissing-prototypes -Wmissing-declarations -Wmissing-noreturn -Wredundant-decls -O2 -I/home/VuAirOS/buildroot-2021.05/output/host/include -c common/filter_buffer_encoder.c  -fPIC -DPIC -o .libs/liblzma_la-filter_buffer_encoder.o
2025-12-13T21:30:15 libtool: compile:  /usr/bin/gcc -DHAVE_CONFIG_H -I. -I../.. -I../../src/liblzma/api -I../../src/liblzma/common -I../../src/liblzma/check -I../../src/liblzma/lz -I../../src/liblzma/rangecoder -I../../src/liblzma/lzma -I../../src/liblzma/delta -I../../src/liblzma/simple -I../../src/common -DTUKLIB_SYMBOL_PREFIX=lzma_ -I/home/VuAirOS/buildroot-2021.05/output/host/include -pthread -fvisibility=hidden -Wall -Wextra -Wvla -Wformat=2 -Winit-self -Wmissing-include-dirs -Wstrict-aliasing -Wfloat-equal -Wundef -Wshadow -Wpointer-arith -Wbad-function-cast -Wwrite-strings -Wlogical-op -Waggregate-return -Wstrict-prototypes -Wold-style-definition -Wmissing-prototypes -Wmissing-declarations -Wmissing-noreturn -Wredundant-decls -O2 -I/home/VuAirOS/buildroot-2021.05/output/host/include -c common/index_encoder.c  -fPIC -DPIC -o .libs/liblzma_la-index_encoder.o
2025-12-13T21:30:15 libtool: compile:  /usr/bin/gcc -DHAVE_CONFIG_H -I. -I../.. -I../../src/liblzma/api -I../../src/liblzma/common -I../../src/liblzma/check -I../../src/liblzma/lz -I../../src/liblzma/rangecoder -I../../src/liblzma/lzma -I../../src/liblzma/delta -I../../src/liblzma/simple -I../../src/common -DTUKLIB_SYMBOL_PREFIX=lzma_ -I/home/VuAirOS/buildroot-2021.05/output/host/include -pthread -fvisibility=hidden -Wall -Wextra -Wvla -Wformat=2 -Winit-self -Wmissing-include-dirs -Wstrict-aliasing -Wfloat-equal -Wundef -Wshadow -Wpointer-arith -Wbad-function-cast -Wwrite-strings -Wlogical-op -Waggregate-return -Wstrict-prototypes -Wold-style-definition -Wmissing-prototypes -Wmissing-declarations -Wmissing-noreturn -Wredundant-decls -O2 -I/home/VuAirOS/buildroot-2021.05/output/host/include -c common/easy_encoder.c  -fPIC -DPIC -o .libs/liblzma_la-easy_encoder.o
2025-12-13T21:30:15 /bin/bash ../../libtool  --tag=CC   --mode=compile /usr/bin/gcc -DHAVE_CONFIG_H -I. -I../..  -I../../src/liblzma/api -I../../src/liblzma/common -I../../src/liblzma/check -I../../src/liblzma/lz -I../../src/liblzma/rangecoder -I../../src/liblzma/lzma -I../../src/liblzma/delta -I../../src/liblzma/simple -I../../src/common -DTUKLIB_SYMBOL_PREFIX=lzma_ -I/home/VuAirOS/buildroot-2021.05/output/host/include -pthread -fvisibility=hidden -Wall -Wextra -Wvla -Wformat=2 -Winit-self -Wmissing-include-dirs -Wstrict-aliasing -Wfloat-equal -Wundef -Wshadow -Wpointer-arith -Wbad-function-cast -Wwrite-strings -Wlogical-op -Waggregate-return -Wstrict-prototypes -Wold-style-definition -Wmissing-prototypes -Wmissing-declarations -Wmissing-noreturn -Wredundant-decls -O2 -I/home/VuAirOS/buildroot-2021.05/output/host/include -c -o liblzma_la-auto_decoder.lo `test -f 'common/auto_decoder.c' || echo './'`common/auto_decoder.c
2025-12-13T21:30:15 libtool: compile:  /usr/bin/gcc -DHAVE_CONFIG_H -I. -I../.. -I../../src/liblzma/api -I../../src/liblzma/common -I../../src/liblzma/check -I../../src/liblzma/lz -I../../src/liblzma/rangecoder -I../../src/liblzma/lzma -I../../src/liblzma/delta -I../../src/liblzma/simple -I../../src/common -DTUKLIB_SYMBOL_PREFIX=lzma_ -I/home/VuAirOS/buildroot-2021.05/output/host/include -pthread -fvisibility=hidden -Wall -Wextra -Wvla -Wformat=2 -Winit-self -Wmissing-include-dirs -Wstrict-aliasing -Wfloat-equal -Wundef -Wshadow -Wpointer-arith -Wbad-function-cast -Wwrite-strings -Wlogical-op -Waggregate-return -Wstrict-prototypes -Wold-style-definition -Wmissing-prototypes -Wmissing-declarations -Wmissing-noreturn -Wredundant-decls -O2 -I/home/VuAirOS/buildroot-2021.05/output/host/include -c common/filter_flags_encoder.c  -fPIC -DPIC -o .libs/liblzma_la-filter_flags_encoder.o
2025-12-13T21:30:15 /bin/bash ../../libtool  --tag=CC   --mode=compile /usr/bin/gcc -DHAVE_CONFIG_H -I. -I../..  -I../../src/liblzma/api -I../../src/liblzma/common -I../../src/liblzma/check -I../../src/liblzma/lz -I../../src/liblzma/rangecoder -I../../src/liblzma/lzma -I../../src/liblzma/delta -I../../src/liblzma/simple -I../../src/common -DTUKLIB_SYMBOL_PREFIX=lzma_ -I/home/VuAirOS/buildroot-2021.05/output/host/include -pthread -fvisibility=hidden -Wall -Wextra -Wvla -Wformat=2 -Winit-self -Wmissing-include-dirs -Wstrict-aliasing -Wfloat-equal -Wundef -Wshadow -Wpointer-arith -Wbad-function-cast -Wwrite-strings -Wlogical-op -Waggregate-return -Wstrict-prototypes -Wold-style-definition -Wmissing-prototypes -Wmissing-declarations -Wmissing-noreturn -Wredundant-decls -O2 -I/home/VuAirOS/buildroot-2021.05/output/host/include -c -o liblzma_la-block_buffer_decoder.lo `test -f 'common/block_buffer_decoder.c' || echo './'`common/block_buffer_decoder.c
2025-12-13T21:30:15 libtool: compile:  /usr/bin/gcc -DHAVE_CONFIG_H -I. -I../.. -I../../src/liblzma/api -I../../src/liblzma/common -I../../src/liblzma/check -I../../src/liblzma/lz -I../../src/liblzma/rangecoder -I../../src/liblzma/lzma -I../../src/liblzma/delta -I../../src/liblzma/simple -I../../src/common -DTUKLIB_SYMBOL_PREFIX=lzma_ -I/home/VuAirOS/buildroot-2021.05/output/host/include -pthread -fvisibility=hidden -Wall -Wextra -Wvla -Wformat=2 -Winit-self -Wmissing-include-dirs -Wstrict-aliasing -Wfloat-equal -Wundef -Wshadow -Wpointer-arith -Wbad-function-cast -Wwrite-strings -Wlogical-op -Waggregate-return -Wstrict-prototypes -Wold-style-definition -Wmissing-prototypes -Wmissing-declarations -Wmissing-noreturn -Wredundant-decls -O2 -I/home/VuAirOS/buildroot-2021.05/output/host/include -c common/stream_encoder_mt.c  -fPIC -DPIC -o .libs/liblzma_la-stream_encoder_mt.o
2025-12-13T21:30:15 /bin/bash ../../libtool  --tag=CC   --mode=compile /usr/bin/gcc -DHAVE_CONFIG_H -I. -I../..  -I../../src/liblzma/api -I../../src/liblzma/common -I../../src/liblzma/check -I../../src/liblzma/lz -I../../src/liblzma/rangecoder -I../../src/liblzma/lzma -I../../src/liblzma/delta -I../../src/liblzma/simple -I../../src/common -DTUKLIB_SYMBOL_PREFIX=lzma_ -I/home/VuAirOS/buildroot-2021.05/output/host/include -pthread -fvisibility=hidden -Wall -Wextra -Wvla -Wformat=2 -Winit-self -Wmissing-include-dirs -Wstrict-aliasing -Wfloat-equal -Wundef -Wshadow -Wpointer-arith -Wbad-function-cast -Wwrite-strings -Wlogical-op -Waggregate-return -Wstrict-prototypes -Wold-style-definition -Wmissing-prototypes -Wmissing-declarations -Wmissing-noreturn -Wredundant-decls -O2 -I/home/VuAirOS/buildroot-2021.05/output/host/include -c -o liblzma_la-block_decoder.lo `test -f 'common/block_decoder.c' || echo './'`common/block_decoder.c
2025-12-13T21:30:15 libtool: compile:  /usr/bin/gcc -DHAVE_CONFIG_H -I. -I../.. -I../../src/liblzma/api -I../../src/liblzma/common -I../../src/liblzma/check -I../../src/liblzma/lz -I../../src/liblzma/rangecoder -I../../src/liblzma/lzma -I../../src/liblzma/delta -I../../src/liblzma/simple -I../../src/common -DTUKLIB_SYMBOL_PREFIX=lzma_ -I/home/VuAirOS/buildroot-2021.05/output/host/include -pthread -fvisibility=hidden -Wall -Wextra -Wvla -Wformat=2 -Winit-self -Wmissing-include-dirs -Wstrict-aliasing -Wfloat-equal -Wundef -Wshadow -Wpointer-arith -Wbad-function-cast -Wwrite-strings -Wlogical-op -Waggregate-return -Wstrict-prototypes -Wold-style-definition -Wmissing-prototypes -Wmissing-declarations -Wmissing-noreturn -Wredundant-decls -O2 -I/home/VuAirOS/buildroot-2021.05/output/host/include -c common/stream_buffer_encoder.c  -fPIC -DPIC -o .libs/liblzma_la-stream_buffer_encoder.o
2025-12-13T21:30:15 libtool: compile:  /usr/bin/gcc -DHAVE_CONFIG_H -I. -I../.. -I../../src/liblzma/api -I../../src/liblzma/common -I../../src/liblzma/check -I../../src/liblzma/lz -I../../src/liblzma/rangecoder -I../../src/liblzma/lzma -I../../src/liblzma/delta -I../../src/liblzma/simple -I../../src/common -DTUKLIB_SYMBOL_PREFIX=lzma_ -I/home/VuAirOS/buildroot-2021.05/output/host/include -pthread -fvisibility=hidden -Wall -Wextra -Wvla -Wformat=2 -Winit-self -Wmissing-include-dirs -Wstrict-aliasing -Wfloat-equal -Wundef -Wshadow -Wpointer-arith -Wbad-function-cast -Wwrite-strings -Wlogical-op -Waggregate-return -Wstrict-prototypes -Wold-style-definition -Wmissing-prototypes -Wmissing-declarations -Wmissing-noreturn -Wredundant-decls -O2 -I/home/VuAirOS/buildroot-2021.05/output/host/include -c common/outqueue.c  -fPIC -DPIC -o .libs/liblzma_la-outqueue.o
2025-12-13T21:30:15 /bin/bash ../../libtool  --tag=CC   --mode=compile /usr/bin/gcc -DHAVE_CONFIG_H -I. -I../..  -I../../src/liblzma/api -I../../src/liblzma/common -I../../src/liblzma/check -I../../src/liblzma/lz -I../../src/liblzma/rangecoder -I../../src/liblzma/lzma -I../../src/liblzma/delta -I../../src/liblzma/simple -I../../src/common -DTUKLIB_SYMBOL_PREFIX=lzma_ -I/home/VuAirOS/buildroot-2021.05/output/host/include -pthread -fvisibility=hidden -Wall -Wextra -Wvla -Wformat=2 -Winit-self -Wmissing-include-dirs -Wstrict-aliasing -Wfloat-equal -Wundef -Wshadow -Wpointer-arith -Wbad-function-cast -Wwrite-strings -Wlogical-op -Waggregate-return -Wstrict-prototypes -Wold-style-definition -Wmissing-prototypes -Wmissing-declarations -Wmissing-noreturn -Wredundant-decls -O2 -I/home/VuAirOS/buildroot-2021.05/output/host/include -c -o liblzma_la-block_header_decoder.lo `test -f 'common/block_header_decoder.c' || echo './'`common/block_header_decoder.c
2025-12-13T21:30:15 libtool: compile:  /usr/bin/gcc -DHAVE_CONFIG_H -I. -I../.. -I../../src/liblzma/api -I../../src/liblzma/common -I../../src/liblzma/check -I../../src/liblzma/lz -I../../src/liblzma/rangecoder -I../../src/liblzma/lzma -I../../src/liblzma/delta -I../../src/liblzma/simple -I../../src/common -DTUKLIB_SYMBOL_PREFIX=lzma_ -I/home/VuAirOS/buildroot-2021.05/output/host/include -pthread -fvisibility=hidden -Wall -Wextra -Wvla -Wformat=2 -Winit-self -Wmissing-include-dirs -Wstrict-aliasing -Wfloat-equal -Wundef -Wshadow -Wpointer-arith -Wbad-function-cast -Wwrite-strings -Wlogical-op -Waggregate-return -Wstrict-prototypes -Wold-style-definition -Wmissing-prototypes -Wmissing-declarations -Wmissing-noreturn -Wredundant-decls -O2 -I/home/VuAirOS/buildroot-2021.05/output/host/include -c common/stream_encoder.c  -fPIC -DPIC -o .libs/liblzma_la-stream_encoder.o
2025-12-13T21:30:15 /bin/bash ../../libtool  --tag=CC   --mode=compile /usr/bin/gcc -DHAVE_CONFIG_H -I. -I../..  -I../../src/liblzma/api -I../../src/liblzma/common -I../../src/liblzma/check -I../../src/liblzma/lz -I../../src/liblzma/rangecoder -I../../src/liblzma/lzma -I../../src/liblzma/delta -I../../src/liblzma/simple -I../../src/common -DTUKLIB_SYMBOL_PREFIX=lzma_ -I/home/VuAirOS/buildroot-2021.05/output/host/include -pthread -fvisibility=hidden -Wall -Wextra -Wvla -Wformat=2 -Winit-self -Wmissing-include-dirs -Wstrict-aliasing -Wfloat-equal -Wundef -Wshadow -Wpointer-arith -Wbad-function-cast -Wwrite-strings -Wlogical-op -Waggregate-return -Wstrict-prototypes -Wold-style-definition -Wmissing-prototypes -Wmissing-declarations -Wmissing-noreturn -Wredundant-decls -O2 -I/home/VuAirOS/buildroot-2021.05/output/host/include -c -o liblzma_la-easy_decoder_memusage.lo `test -f 'common/easy_decoder_memusage.c' || echo './'`common/easy_decoder_memusage.c
2025-12-13T21:30:15 libtool: compile:  /usr/bin/gcc -DHAVE_CONFIG_H -I. -I../.. -I../../src/liblzma/api -I../../src/liblzma/common -I../../src/liblzma/check -I../../src/liblzma/lz -I../../src/liblzma/rangecoder -I../../src/liblzma/lzma -I../../src/liblzma/delta -I../../src/liblzma/simple -I../../src/common -DTUKLIB_SYMBOL_PREFIX=lzma_ -I/home/VuAirOS/buildroot-2021.05/output/host/include -pthread -fvisibility=hidden -Wall -Wextra -Wvla -Wformat=2 -Winit-self -Wmissing-include-dirs -Wstrict-aliasing -Wfloat-equal -Wundef -Wshadow -Wpointer-arith -Wbad-function-cast -Wwrite-strings -Wlogical-op -Waggregate-return -Wstrict-prototypes -Wold-style-definition -Wmissing-prototypes -Wmissing-declarations -Wmissing-noreturn -Wredundant-decls -O2 -I/home/VuAirOS/buildroot-2021.05/output/host/include -c common/vli_encoder.c  -fPIC -DPIC -o .libs/liblzma_la-vli_encoder.o
2025-12-13T21:30:15 libtool: compile:  /usr/bin/gcc -DHAVE_CONFIG_H -I. -I../.. -I../../src/liblzma/api -I../../src/liblzma/common -I../../src/liblzma/check -I../../src/liblzma/lz -I../../src/liblzma/rangecoder -I../../src/liblzma/lzma -I../../src/liblzma/delta -I../../src/liblzma/simple -I../../src/common -DTUKLIB_SYMBOL_PREFIX=lzma_ -I/home/VuAirOS/buildroot-2021.05/output/host/include -pthread -fvisibility=hidden -Wall -Wextra -Wvla -Wformat=2 -Winit-self -Wmissing-include-dirs -Wstrict-aliasing -Wfloat-equal -Wundef -Wshadow -Wpointer-arith -Wbad-function-cast -Wwrite-strings -Wlogical-op -Waggregate-return -Wstrict-prototypes -Wold-style-definition -Wmissing-prototypes -Wmissing-declarations -Wmissing-noreturn -Wredundant-decls -O2 -I/home/VuAirOS/buildroot-2021.05/output/host/include -c common/alone_decoder.c  -fPIC -DPIC -o .libs/liblzma_la-alone_decoder.o
2025-12-13T21:30:15 libtool: compile:  /usr/bin/gcc -DHAVE_CONFIG_H -I. -I../.. -I../../src/liblzma/api -I../../src/liblzma/common -I../../src/liblzma/check -I../../src/liblzma/lz -I../../src/liblzma/rangecoder -I../../src/liblzma/lzma -I../../src/liblzma/delta -I../../src/liblzma/simple -I../../src/common -DTUKLIB_SYMBOL_PREFIX=lzma_ -I/home/VuAirOS/buildroot-2021.05/output/host/include -pthread -fvisibility=hidden -Wall -Wextra -Wvla -Wformat=2 -Winit-self -Wmissing-include-dirs -Wstrict-aliasing -Wfloat-equal -Wundef -Wshadow -Wpointer-arith -Wbad-function-cast -Wwrite-strings -Wlogical-op -Waggregate-return -Wstrict-prototypes -Wold-style-definition -Wmissing-prototypes -Wmissing-declarations -Wmissing-noreturn -Wredundant-decls -O2 -I/home/VuAirOS/buildroot-2021.05/output/host/include -c common/stream_flags_encoder.c  -fPIC -DPIC -o .libs/liblzma_la-stream_flags_encoder.o
2025-12-13T21:30:15 /bin/bash ../../libtool  --tag=CC   --mode=compile /usr/bin/gcc -DHAVE_CONFIG_H -I. -I../..  -I../../src/liblzma/api -I../../src/liblzma/common -I../../src/liblzma/check -I../../src/liblzma/lz -I../../src/liblzma/rangecoder -I../../src/liblzma/lzma -I../../src/liblzma/delta -I../../src/liblzma/simple -I../../src/common -DTUKLIB_SYMBOL_PREFIX=lzma_ -I/home/VuAirOS/buildroot-2021.05/output/host/include -pthread -fvisibility=hidden -Wall -Wextra -Wvla -Wformat=2 -Winit-self -Wmissing-include-dirs -Wstrict-aliasing -Wfloat-equal -Wundef -Wshadow -Wpointer-arith -Wbad-function-cast -Wwrite-strings -Wlogical-op -Waggregate-return -Wstrict-prototypes -Wold-style-definition -Wmissing-prototypes -Wmissing-declarations -Wmissing-noreturn -Wredundant-decls -O2 -I/home/VuAirOS/buildroot-2021.05/output/host/include -c -o liblzma_la-filter_buffer_decoder.lo `test -f 'common/filter_buffer_decoder.c' || echo './'`common/filter_buffer_decoder.c
2025-12-13T21:30:15 /bin/bash ../../libtool  --tag=CC   --mode=compile /usr/bin/gcc -DHAVE_CONFIG_H -I. -I../..  -I../../src/liblzma/api -I../../src/liblzma/common -I../../src/liblzma/check -I../../src/liblzma/lz -I../../src/liblzma/rangecoder -I../../src/liblzma/lzma -I../../src/liblzma/delta -I../../src/liblzma/simple -I../../src/common -DTUKLIB_SYMBOL_PREFIX=lzma_ -I/home/VuAirOS/buildroot-2021.05/output/host/include -pthread -fvisibility=hidden -Wall -Wextra -Wvla -Wformat=2 -Winit-self -Wmissing-include-dirs -Wstrict-aliasing -Wfloat-equal -Wundef -Wshadow -Wpointer-arith -Wbad-function-cast -Wwrite-strings -Wlogical-op -Waggregate-return -Wstrict-prototypes -Wold-style-definition -Wmissing-prototypes -Wmissing-declarations -Wmissing-noreturn -Wredundant-decls -O2 -I/home/VuAirOS/buildroot-2021.05/output/host/include -c -o liblzma_la-filter_decoder.lo `test -f 'common/filter_decoder.c' || echo './'`common/filter_decoder.c
2025-12-13T21:30:15 libtool: compile:  /usr/bin/gcc -DHAVE_CONFIG_H -I. -I../.. -I../../src/liblzma/api -I../../src/liblzma/common -I../../src/liblzma/check -I../../src/liblzma/lz -I../../src/liblzma/rangecoder -I../../src/liblzma/lzma -I../../src/liblzma/delta -I../../src/liblzma/simple -I../../src/common -DTUKLIB_SYMBOL_PREFIX=lzma_ -I/home/VuAirOS/buildroot-2021.05/output/host/include -pthread -fvisibility=hidden -Wall -Wextra -Wvla -Wformat=2 -Winit-self -Wmissing-include-dirs -Wstrict-aliasing -Wfloat-equal -Wundef -Wshadow -Wpointer-arith -Wbad-function-cast -Wwrite-strings -Wlogical-op -Waggregate-return -Wstrict-prototypes -Wold-style-definition -Wmissing-prototypes -Wmissing-declarations -Wmissing-noreturn -Wredundant-decls -O2 -I/home/VuAirOS/buildroot-2021.05/output/host/include -c common/block_buffer_decoder.c  -fPIC -DPIC -o .libs/liblzma_la-block_buffer_decoder.o
2025-12-13T21:30:15 /bin/bash ../../libtool  --tag=CC   --mode=compile /usr/bin/gcc -DHAVE_CONFIG_H -I. -I../..  -I../../src/liblzma/api -I../../src/liblzma/common -I../../src/liblzma/check -I../../src/liblzma/lz -I../../src/liblzma/rangecoder -I../../src/liblzma/lzma -I../../src/liblzma/delta -I../../src/liblzma/simple -I../../src/common -DTUKLIB_SYMBOL_PREFIX=lzma_ -I/home/VuAirOS/buildroot-2021.05/output/host/include -pthread -fvisibility=hidden -Wall -Wextra -Wvla -Wformat=2 -Winit-self -Wmissing-include-dirs -Wstrict-aliasing -Wfloat-equal -Wundef -Wshadow -Wpointer-arith -Wbad-function-cast -Wwrite-strings -Wlogical-op -Waggregate-return -Wstrict-prototypes -Wold-style-definition -Wmissing-prototypes -Wmissing-declarations -Wmissing-noreturn -Wredundant-decls -O2 -I/home/VuAirOS/buildroot-2021.05/output/host/include -c -o liblzma_la-filter_flags_decoder.lo `test -f 'common/filter_flags_decoder.c' || echo './'`common/filter_flags_decoder.c
2025-12-13T21:30:15 libtool: compile:  /usr/bin/gcc -DHAVE_CONFIG_H -I. -I../.. -I../../src/liblzma/api -I../../src/liblzma/common -I../../src/liblzma/check -I../../src/liblzma/lz -I../../src/liblzma/rangecoder -I../../src/liblzma/lzma -I../../src/liblzma/delta -I../../src/liblzma/simple -I../../src/common -DTUKLIB_SYMBOL_PREFIX=lzma_ -I/home/VuAirOS/buildroot-2021.05/output/host/include -pthread -fvisibility=hidden -Wall -Wextra -Wvla -Wformat=2 -Winit-self -Wmissing-include-dirs -Wstrict-aliasing -Wfloat-equal -Wundef -Wshadow -Wpointer-arith -Wbad-function-cast -Wwrite-strings -Wlogical-op -Waggregate-return -Wstrict-prototypes -Wold-style-definition -Wmissing-prototypes -Wmissing-declarations -Wmissing-noreturn -Wredundant-decls -O2 -I/home/VuAirOS/buildroot-2021.05/output/host/include -c common/auto_decoder.c  -fPIC -DPIC -o .libs/liblzma_la-auto_decoder.o
2025-12-13T21:30:15 /bin/bash ../../libtool  --tag=CC   --mode=compile /usr/bin/gcc -DHAVE_CONFIG_H -I. -I../..  -I../../src/liblzma/api -I../../src/liblzma/common -I../../src/liblzma/check -I../../src/liblzma/lz -I../../src/liblzma/rangecoder -I../../src/liblzma/lzma -I../../src/liblzma/delta -I../../src/liblzma/simple -I../../src/common -DTUKLIB_SYMBOL_PREFIX=lzma_ -I/home/VuAirOS/buildroot-2021.05/output/host/include -pthread -fvisibility=hidden -Wall -Wextra -Wvla -Wformat=2 -Winit-self -Wmissing-include-dirs -Wstrict-aliasing -Wfloat-equal -Wundef -Wshadow -Wpointer-arith -Wbad-function-cast -Wwrite-strings -Wlogical-op -Waggregate-return -Wstrict-prototypes -Wold-style-definition -Wmissing-prototypes -Wmissing-declarations -Wmissing-noreturn -Wredundant-decls -O2 -I/home/VuAirOS/buildroot-2021.05/output/host/include -c -o liblzma_la-index_decoder.lo `test -f 'common/index_decoder.c' || echo './'`common/index_decoder.c
2025-12-13T21:30:15 libtool: compile:  /usr/bin/gcc -DHAVE_CONFIG_H -I. -I../.. -I../../src/liblzma/api -I../../src/liblzma/common -I../../src/liblzma/check -I../../src/liblzma/lz -I../../src/liblzma/rangecoder -I../../src/liblzma/lzma -I../../src/liblzma/delta -I../../src/liblzma/simple -I../../src/common -DTUKLIB_SYMBOL_PREFIX=lzma_ -I/home/VuAirOS/buildroot-2021.05/output/host/include -pthread -fvisibility=hidden -Wall -Wextra -Wvla -Wformat=2 -Winit-self -Wmissing-include-dirs -Wstrict-aliasing -Wfloat-equal -Wundef -Wshadow -Wpointer-arith -Wbad-function-cast -Wwrite-strings -Wlogical-op -Waggregate-return -Wstrict-prototypes -Wold-style-definition -Wmissing-prototypes -Wmissing-declarations -Wmissing-noreturn -Wredundant-decls -O2 -I/home/VuAirOS/buildroot-2021.05/output/host/include -c common/easy_decoder_memusage.c  -fPIC -DPIC -o .libs/liblzma_la-easy_decoder_memusage.o
2025-12-13T21:30:15 /bin/bash ../../libtool  --tag=CC   --mode=compile /usr/bin/gcc -DHAVE_CONFIG_H -I. -I../..  -I../../src/liblzma/api -I../../src/liblzma/common -I../../src/liblzma/check -I../../src/liblzma/lz -I../../src/liblzma/rangecoder -I../../src/liblzma/lzma -I../../src/liblzma/delta -I../../src/liblzma/simple -I../../src/common -DTUKLIB_SYMBOL_PREFIX=lzma_ -I/home/VuAirOS/buildroot-2021.05/output/host/include -pthread -fvisibility=hidden -Wall -Wextra -Wvla -Wformat=2 -Winit-self -Wmissing-include-dirs -Wstrict-aliasing -Wfloat-equal -Wundef -Wshadow -Wpointer-arith -Wbad-function-cast -Wwrite-strings -Wlogical-op -Waggregate-return -Wstrict-prototypes -Wold-style-definition -Wmissing-prototypes -Wmissing-declarations -Wmissing-noreturn -Wredundant-decls -O2 -I/home/VuAirOS/buildroot-2021.05/output/host/include -c -o liblzma_la-index_hash.lo `test -f 'common/index_hash.c' || echo './'`common/index_hash.c
2025-12-13T21:30:15 libtool: compile:  /usr/bin/gcc -DHAVE_CONFIG_H -I. -I../.. -I../../src/liblzma/api -I../../src/liblzma/common -I../../src/liblzma/check -I../../src/liblzma/lz -I../../src/liblzma/rangecoder -I../../src/liblzma/lzma -I../../src/liblzma/delta -I../../src/liblzma/simple -I../../src/common -DTUKLIB_SYMBOL_PREFIX=lzma_ -I/home/VuAirOS/buildroot-2021.05/output/host/include -pthread -fvisibility=hidden -Wall -Wextra -Wvla -Wformat=2 -Winit-self -Wmissing-include-dirs -Wstrict-aliasing -Wfloat-equal -Wundef -Wshadow -Wpointer-arith -Wbad-function-cast -Wwrite-strings -Wlogical-op -Waggregate-return -Wstrict-prototypes -Wold-style-definition -Wmissing-prototypes -Wmissing-declarations -Wmissing-noreturn -Wredundant-decls -O2 -I/home/VuAirOS/buildroot-2021.05/output/host/include -c common/filter_decoder.c  -fPIC -DPIC -o .libs/liblzma_la-filter_decoder.o
2025-12-13T21:30:15 libtool: compile:  /usr/bin/gcc -DHAVE_CONFIG_H -I. -I../.. -I../../src/liblzma/api -I../../src/liblzma/common -I../../src/liblzma/check -I../../src/liblzma/lz -I../../src/liblzma/rangecoder -I../../src/liblzma/lzma -I../../src/liblzma/delta -I../../src/liblzma/simple -I../../src/common -DTUKLIB_SYMBOL_PREFIX=lzma_ -I/home/VuAirOS/buildroot-2021.05/output/host/include -pthread -fvisibility=hidden -Wall -Wextra -Wvla -Wformat=2 -Winit-self -Wmissing-include-dirs -Wstrict-aliasing -Wfloat-equal -Wundef -Wshadow -Wpointer-arith -Wbad-function-cast -Wwrite-strings -Wlogical-op -Waggregate-return -Wstrict-prototypes -Wold-style-definition -Wmissing-prototypes -Wmissing-declarations -Wmissing-noreturn -Wredundant-decls -O2 -I/home/VuAirOS/buildroot-2021.05/output/host/include -c common/block_header_decoder.c  -fPIC -DPIC -o .libs/liblzma_la-block_header_decoder.o
2025-12-13T21:30:15 /bin/bash ../../libtool  --tag=CC   --mode=compile /usr/bin/gcc -DHAVE_CONFIG_H -I. -I../..  -I../../src/liblzma/api -I../../src/liblzma/common -I../../src/liblzma/check -I../../src/liblzma/lz -I../../src/liblzma/rangecoder -I../../src/liblzma/lzma -I../../src/liblzma/delta -I../../src/liblzma/simple -I../../src/common -DTUKLIB_SYMBOL_PREFIX=lzma_ -I/home/VuAirOS/buildroot-2021.05/output/host/include -pthread -fvisibility=hidden -Wall -Wextra -Wvla -Wformat=2 -Winit-self -Wmissing-include-dirs -Wstrict-aliasing -Wfloat-equal -Wundef -Wshadow -Wpointer-arith -Wbad-function-cast -Wwrite-strings -Wlogical-op -Waggregate-return -Wstrict-prototypes -Wold-style-definition -Wmissing-prototypes -Wmissing-declarations -Wmissing-noreturn -Wredundant-decls -O2 -I/home/VuAirOS/buildroot-2021.05/output/host/include -c -o liblzma_la-stream_buffer_decoder.lo `test -f 'common/stream_buffer_decoder.c' || echo './'`common/stream_buffer_decoder.c
2025-12-13T21:30:15 /bin/bash ../../libtool  --tag=CC   --mode=compile /usr/bin/gcc -DHAVE_CONFIG_H -I. -I../..  -I../../src/liblzma/api -I../../src/liblzma/common -I../../src/liblzma/check -I../../src/liblzma/lz -I../../src/liblzma/rangecoder -I../../src/liblzma/lzma -I../../src/liblzma/delta -I../../src/liblzma/simple -I../../src/common -DTUKLIB_SYMBOL_PREFIX=lzma_ -I/home/VuAirOS/buildroot-2021.05/output/host/include -pthread -fvisibility=hidden -Wall -Wextra -Wvla -Wformat=2 -Winit-self -Wmissing-include-dirs -Wstrict-aliasing -Wfloat-equal -Wundef -Wshadow -Wpointer-arith -Wbad-function-cast -Wwrite-strings -Wlogical-op -Waggregate-return -Wstrict-prototypes -Wold-style-definition -Wmissing-prototypes -Wmissing-declarations -Wmissing-noreturn -Wredundant-decls -O2 -I/home/VuAirOS/buildroot-2021.05/output/host/include -c -o liblzma_la-stream_decoder.lo `test -f 'common/stream_decoder.c' || echo './'`common/stream_decoder.c
2025-12-13T21:30:15 libtool: compile:  /usr/bin/gcc -DHAVE_CONFIG_H -I. -I../.. -I../../src/liblzma/api -I../../src/liblzma/common -I../../src/liblzma/check -I../../src/liblzma/lz -I../../src/liblzma/rangecoder -I../../src/liblzma/lzma -I../../src/liblzma/delta -I../../src/liblzma/simple -I../../src/common -DTUKLIB_SYMBOL_PREFIX=lzma_ -I/home/VuAirOS/buildroot-2021.05/output/host/include -pthread -fvisibility=hidden -Wall -Wextra -Wvla -Wformat=2 -Winit-self -Wmissing-include-dirs -Wstrict-aliasing -Wfloat-equal -Wundef -Wshadow -Wpointer-arith -Wbad-function-cast -Wwrite-strings -Wlogical-op -Waggregate-return -Wstrict-prototypes -Wold-style-definition -Wmissing-prototypes -Wmissing-declarations -Wmissing-noreturn -Wredundant-decls -O2 -I/home/VuAirOS/buildroot-2021.05/output/host/include -c common/filter_flags_decoder.c  -fPIC -DPIC -o .libs/liblzma_la-filter_flags_decoder.o
2025-12-13T21:30:15 libtool: compile:  /usr/bin/gcc -DHAVE_CONFIG_H -I. -I../.. -I../../src/liblzma/api -I../../src/liblzma/common -I../../src/liblzma/check -I../../src/liblzma/lz -I../../src/liblzma/rangecoder -I../../src/liblzma/lzma -I../../src/liblzma/delta -I../../src/liblzma/simple -I../../src/common -DTUKLIB_SYMBOL_PREFIX=lzma_ -I/home/VuAirOS/buildroot-2021.05/output/host/include -pthread -fvisibility=hidden -Wall -Wextra -Wvla -Wformat=2 -Winit-self -Wmissing-include-dirs -Wstrict-aliasing -Wfloat-equal -Wundef -Wshadow -Wpointer-arith -Wbad-function-cast -Wwrite-strings -Wlogical-op -Waggregate-return -Wstrict-prototypes -Wold-style-definition -Wmissing-prototypes -Wmissing-declarations -Wmissing-noreturn -Wredundant-decls -O2 -I/home/VuAirOS/buildroot-2021.05/output/host/include -c common/block_decoder.c  -fPIC -DPIC -o .libs/liblzma_la-block_decoder.o
2025-12-13T21:30:15 /bin/bash ../../libtool  --tag=CC   --mode=compile /usr/bin/gcc -DHAVE_CONFIG_H -I. -I../..  -I../../src/liblzma/api -I../../src/liblzma/common -I../../src/liblzma/check -I../../src/liblzma/lz -I../../src/liblzma/rangecoder -I../../src/liblzma/lzma -I../../src/liblzma/delta -I../../src/liblzma/simple -I../../src/common -DTUKLIB_SYMBOL_PREFIX=lzma_ -I/home/VuAirOS/buildroot-2021.05/output/host/include -pthread -fvisibility=hidden -Wall -Wextra -Wvla -Wformat=2 -Winit-self -Wmissing-include-dirs -Wstrict-aliasing -Wfloat-equal -Wundef -Wshadow -Wpointer-arith -Wbad-function-cast -Wwrite-strings -Wlogical-op -Waggregate-return -Wstrict-prototypes -Wold-style-definition -Wmissing-prototypes -Wmissing-declarations -Wmissing-noreturn -Wredundant-decls -O2 -I/home/VuAirOS/buildroot-2021.05/output/host/include -c -o liblzma_la-stream_flags_decoder.lo `test -f 'common/stream_flags_decoder.c' || echo './'`common/stream_flags_decoder.c
2025-12-13T21:30:15 /bin/bash ../../libtool  --tag=CC   --mode=compile /usr/bin/gcc -DHAVE_CONFIG_H -I. -I../..  -I../../src/liblzma/api -I../../src/liblzma/common -I../../src/liblzma/check -I../../src/liblzma/lz -I../../src/liblzma/rangecoder -I../../src/liblzma/lzma -I../../src/liblzma/delta -I../../src/liblzma/simple -I../../src/common -DTUKLIB_SYMBOL_PREFIX=lzma_ -I/home/VuAirOS/buildroot-2021.05/output/host/include -pthread -fvisibility=hidden -Wall -Wextra -Wvla -Wformat=2 -Winit-self -Wmissing-include-dirs -Wstrict-aliasing -Wfloat-equal -Wundef -Wshadow -Wpointer-arith -Wbad-function-cast -Wwrite-strings -Wlogical-op -Waggregate-return -Wstrict-prototypes -Wold-style-definition -Wmissing-prototypes -Wmissing-declarations -Wmissing-noreturn -Wredundant-decls -O2 -I/home/VuAirOS/buildroot-2021.05/output/host/include -c -o liblzma_la-vli_decoder.lo `test -f 'common/vli_decoder.c' || echo './'`common/vli_decoder.c
2025-12-13T21:30:15 /bin/bash ../../libtool  --tag=CC   --mode=compile /usr/bin/gcc -DHAVE_CONFIG_H -I. -I../..  -I../../src/liblzma/api -I../../src/liblzma/common -I../../src/liblzma/check -I../../src/liblzma/lz -I../../src/liblzma/rangecoder -I../../src/liblzma/lzma -I../../src/liblzma/delta -I../../src/liblzma/simple -I../../src/common -DTUKLIB_SYMBOL_PREFIX=lzma_ -I/home/VuAirOS/buildroot-2021.05/output/host/include -pthread -fvisibility=hidden -Wall -Wextra -Wvla -Wformat=2 -Winit-self -Wmissing-include-dirs -Wstrict-aliasing -Wfloat-equal -Wundef -Wshadow -Wpointer-arith -Wbad-function-cast -Wwrite-strings -Wlogical-op -Waggregate-return -Wstrict-prototypes -Wold-style-definition -Wmissing-prototypes -Wmissing-declarations -Wmissing-noreturn -Wredundant-decls -O2 -I/home/VuAirOS/buildroot-2021.05/output/host/include -c -o liblzma_la-check.lo `test -f 'check/check.c' || echo './'`check/check.c
2025-12-13T21:30:15 libtool: compile:  /usr/bin/gcc -DHAVE_CONFIG_H -I. -I../.. -I../../src/liblzma/api -I../../src/liblzma/common -I../../src/liblzma/check -I../../src/liblzma/lz -I../../src/liblzma/rangecoder -I../../src/liblzma/lzma -I../../src/liblzma/delta -I../../src/liblzma/simple -I../../src/common -DTUKLIB_SYMBOL_PREFIX=lzma_ -I/home/VuAirOS/buildroot-2021.05/output/host/include -pthread -fvisibility=hidden -Wall -Wextra -Wvla -Wformat=2 -Winit-self -Wmissing-include-dirs -Wstrict-aliasing -Wfloat-equal -Wundef -Wshadow -Wpointer-arith -Wbad-function-cast -Wwrite-strings -Wlogical-op -Waggregate-return -Wstrict-prototypes -Wold-style-definition -Wmissing-prototypes -Wmissing-declarations -Wmissing-noreturn -Wredundant-decls -O2 -I/home/VuAirOS/buildroot-2021.05/output/host/include -c common/index_hash.c  -fPIC -DPIC -o .libs/liblzma_la-index_hash.o
2025-12-13T21:30:15 /bin/bash ../../libtool  --tag=CC   --mode=compile /usr/bin/gcc -DHAVE_CONFIG_H -I. -I../..  -I../../src/liblzma/api -I../../src/liblzma/common -I../../src/liblzma/check -I../../src/liblzma/lz -I../../src/liblzma/rangecoder -I../../src/liblzma/lzma -I../../src/liblzma/delta -I../../src/liblzma/simple -I../../src/common -DTUKLIB_SYMBOL_PREFIX=lzma_ -I/home/VuAirOS/buildroot-2021.05/output/host/include -pthread -fvisibility=hidden -Wall -Wextra -Wvla -Wformat=2 -Winit-self -Wmissing-include-dirs -Wstrict-aliasing -Wfloat-equal -Wundef -Wshadow -Wpointer-arith -Wbad-function-cast -Wwrite-strings -Wlogical-op -Waggregate-return -Wstrict-prototypes -Wold-style-definition -Wmissing-prototypes -Wmissing-declarations -Wmissing-noreturn -Wredundant-decls -O2 -I/home/VuAirOS/buildroot-2021.05/output/host/include -c -o liblzma_la-crc32_table.lo `test -f 'check/crc32_table.c' || echo './'`check/crc32_table.c
2025-12-13T21:30:15 libtool: compile:  /usr/bin/gcc -DHAVE_CONFIG_H -I. -I../.. -I../../src/liblzma/api -I../../src/liblzma/common -I../../src/liblzma/check -I../../src/liblzma/lz -I../../src/liblzma/rangecoder -I../../src/liblzma/lzma -I../../src/liblzma/delta -I../../src/liblzma/simple -I../../src/common -DTUKLIB_SYMBOL_PREFIX=lzma_ -I/home/VuAirOS/buildroot-2021.05/output/host/include -pthread -fvisibility=hidden -Wall -Wextra -Wvla -Wformat=2 -Winit-self -Wmissing-include-dirs -Wstrict-aliasing -Wfloat-equal -Wundef -Wshadow -Wpointer-arith -Wbad-function-cast -Wwrite-strings -Wlogical-op -Waggregate-return -Wstrict-prototypes -Wold-style-definition -Wmissing-prototypes -Wmissing-declarations -Wmissing-noreturn -Wredundant-decls -O2 -I/home/VuAirOS/buildroot-2021.05/output/host/include -c common/index_decoder.c  -fPIC -DPIC -o .libs/liblzma_la-index_decoder.o
2025-12-13T21:30:15 libtool: compile:  /usr/bin/gcc -DHAVE_CONFIG_H -I. -I../.. -I../../src/liblzma/api -I../../src/liblzma/common -I../../src/liblzma/check -I../../src/liblzma/lz -I../../src/liblzma/rangecoder -I../../src/liblzma/lzma -I../../src/liblzma/delta -I../../src/liblzma/simple -I../../src/common -DTUKLIB_SYMBOL_PREFIX=lzma_ -I/home/VuAirOS/buildroot-2021.05/output/host/include -pthread -fvisibility=hidden -Wall -Wextra -Wvla -Wformat=2 -Winit-self -Wmissing-include-dirs -Wstrict-aliasing -Wfloat-equal -Wundef -Wshadow -Wpointer-arith -Wbad-function-cast -Wwrite-strings -Wlogical-op -Waggregate-return -Wstrict-prototypes -Wold-style-definition -Wmissing-prototypes -Wmissing-declarations -Wmissing-noreturn -Wredundant-decls -O2 -I/home/VuAirOS/buildroot-2021.05/output/host/include -c common/filter_buffer_decoder.c  -fPIC -DPIC -o .libs/liblzma_la-filter_buffer_decoder.o
2025-12-13T21:30:15 /bin/bash ../../libtool  --tag=CC   --mode=compile /usr/bin/gcc -DHAVE_CONFIG_H -I. -I../..  -I../../src/liblzma/api -I../../src/liblzma/common -I../../src/liblzma/check -I../../src/liblzma/lz -I../../src/liblzma/rangecoder -I../../src/liblzma/lzma -I../../src/liblzma/delta -I../../src/liblzma/simple -I../../src/common -DTUKLIB_SYMBOL_PREFIX=lzma_ -I/home/VuAirOS/buildroot-2021.05/output/host/include -pthread -fvisibility=hidden -Wall -Wextra -Wvla -Wformat=2 -Winit-self -Wmissing-include-dirs -Wstrict-aliasing -Wfloat-equal -Wundef -Wshadow -Wpointer-arith -Wbad-function-cast -Wwrite-strings -Wlogical-op -Waggregate-return -Wstrict-prototypes -Wold-style-definition -Wmissing-prototypes -Wmissing-declarations -Wmissing-noreturn -Wredundant-decls -O2 -I/home/VuAirOS/buildroot-2021.05/output/host/include -c -o liblzma_la-crc32_fast.lo `test -f 'check/crc32_fast.c' || echo './'`check/crc32_fast.c
2025-12-13T21:30:15 /bin/bash ../../libtool  --tag=CC   --mode=compile /usr/bin/gcc -DHAVE_CONFIG_H -I. -I../..  -I../../src/liblzma/api -I../../src/liblzma/common -I../../src/liblzma/check -I../../src/liblzma/lz -I../../src/liblzma/rangecoder -I../../src/liblzma/lzma -I../../src/liblzma/delta -I../../src/liblzma/simple -I../../src/common -DTUKLIB_SYMBOL_PREFIX=lzma_ -I/home/VuAirOS/buildroot-2021.05/output/host/include -pthread -fvisibility=hidden -Wall -Wextra -Wvla -Wformat=2 -Winit-self -Wmissing-include-dirs -Wstrict-aliasing -Wfloat-equal -Wundef -Wshadow -Wpointer-arith -Wbad-function-cast -Wwrite-strings -Wlogical-op -Waggregate-return -Wstrict-prototypes -Wold-style-definition -Wmissing-prototypes -Wmissing-declarations -Wmissing-noreturn -Wredundant-decls -O2 -I/home/VuAirOS/buildroot-2021.05/output/host/include -c -o liblzma_la-crc64_table.lo `test -f 'check/crc64_table.c' || echo './'`check/crc64_table.c
2025-12-13T21:30:15 /bin/bash ../../libtool  --tag=CC   --mode=compile /usr/bin/gcc -DHAVE_CONFIG_H -I. -I../..  -I../../src/liblzma/api -I../../src/liblzma/common -I../../src/liblzma/check -I../../src/liblzma/lz -I../../src/liblzma/rangecoder -I../../src/liblzma/lzma -I../../src/liblzma/delta -I../../src/liblzma/simple -I../../src/common -DTUKLIB_SYMBOL_PREFIX=lzma_ -I/home/VuAirOS/buildroot-2021.05/output/host/include -pthread -fvisibility=hidden -Wall -Wextra -Wvla -Wformat=2 -Winit-self -Wmissing-include-dirs -Wstrict-aliasing -Wfloat-equal -Wundef -Wshadow -Wpointer-arith -Wbad-function-cast -Wwrite-strings -Wlogical-op -Waggregate-return -Wstrict-prototypes -Wold-style-definition -Wmissing-prototypes -Wmissing-declarations -Wmissing-noreturn -Wredundant-decls -O2 -I/home/VuAirOS/buildroot-2021.05/output/host/include -c -o liblzma_la-crc64_fast.lo `test -f 'check/crc64_fast.c' || echo './'`check/crc64_fast.c
2025-12-13T21:30:15 libtool: compile:  /usr/bin/gcc -DHAVE_CONFIG_H -I. -I../.. -I../../src/liblzma/api -I../../src/liblzma/common -I../../src/liblzma/check -I../../src/liblzma/lz -I../../src/liblzma/rangecoder -I../../src/liblzma/lzma -I../../src/liblzma/delta -I../../src/liblzma/simple -I../../src/common -DTUKLIB_SYMBOL_PREFIX=lzma_ -I/home/VuAirOS/buildroot-2021.05/output/host/include -pthread -fvisibility=hidden -Wall -Wextra -Wvla -Wformat=2 -Winit-self -Wmissing-include-dirs -Wstrict-aliasing -Wfloat-equal -Wundef -Wshadow -Wpointer-arith -Wbad-function-cast -Wwrite-strings -Wlogical-op -Waggregate-return -Wstrict-prototypes -Wold-style-definition -Wmissing-prototypes -Wmissing-declarations -Wmissing-noreturn -Wredundant-decls -O2 -I/home/VuAirOS/buildroot-2021.05/output/host/include -c common/stream_buffer_decoder.c  -fPIC -DPIC -o .libs/liblzma_la-stream_buffer_decoder.o
2025-12-13T21:30:15 /bin/bash ../../libtool  --tag=CC   --mode=compile /usr/bin/gcc -DHAVE_CONFIG_H -I. -I../..  -I../../src/liblzma/api -I../../src/liblzma/common -I../../src/liblzma/check -I../../src/liblzma/lz -I../../src/liblzma/rangecoder -I../../src/liblzma/lzma -I../../src/liblzma/delta -I../../src/liblzma/simple -I../../src/common -DTUKLIB_SYMBOL_PREFIX=lzma_ -I/home/VuAirOS/buildroot-2021.05/output/host/include -pthread -fvisibility=hidden -Wall -Wextra -Wvla -Wformat=2 -Winit-self -Wmissing-include-dirs -Wstrict-aliasing -Wfloat-equal -Wundef -Wshadow -Wpointer-arith -Wbad-function-cast -Wwrite-strings -Wlogical-op -Waggregate-return -Wstrict-prototypes -Wold-style-definition -Wmissing-prototypes -Wmissing-declarations -Wmissing-noreturn -Wredundant-decls -O2 -I/home/VuAirOS/buildroot-2021.05/output/host/include -c -o liblzma_la-sha256.lo `test -f 'check/sha256.c' || echo './'`check/sha256.c
2025-12-13T21:30:15 /bin/bash ../../libtool  --tag=CC   --mode=compile /usr/bin/gcc -DHAVE_CONFIG_H -I. -I../..  -I../../src/liblzma/api -I../../src/liblzma/common -I../../src/liblzma/check -I../../src/liblzma/lz -I../../src/liblzma/rangecoder -I../../src/liblzma/lzma -I../../src/liblzma/delta -I../../src/liblzma/simple -I../../src/common -DTUKLIB_SYMBOL_PREFIX=lzma_ -I/home/VuAirOS/buildroot-2021.05/output/host/include -pthread -fvisibility=hidden -Wall -Wextra -Wvla -Wformat=2 -Winit-self -Wmissing-include-dirs -Wstrict-aliasing -Wfloat-equal -Wundef -Wshadow -Wpointer-arith -Wbad-function-cast -Wwrite-strings -Wlogical-op -Waggregate-return -Wstrict-prototypes -Wold-style-definition -Wmissing-prototypes -Wmissing-declarations -Wmissing-noreturn -Wredundant-decls -O2 -I/home/VuAirOS/buildroot-2021.05/output/host/include -c -o liblzma_la-lz_encoder.lo `test -f 'lz/lz_encoder.c' || echo './'`lz/lz_encoder.c
2025-12-13T21:30:15 libtool: compile:  /usr/bin/gcc -DHAVE_CONFIG_H -I. -I../.. -I../../src/liblzma/api -I../../src/liblzma/common -I../../src/liblzma/check -I../../src/liblzma/lz -I../../src/liblzma/rangecoder -I../../src/liblzma/lzma -I../../src/liblzma/delta -I../../src/liblzma/simple -I../../src/common -DTUKLIB_SYMBOL_PREFIX=lzma_ -I/home/VuAirOS/buildroot-2021.05/output/host/include -pthread -fvisibility=hidden -Wall -Wextra -Wvla -Wformat=2 -Winit-self -Wmissing-include-dirs -Wstrict-aliasing -Wfloat-equal -Wundef -Wshadow -Wpointer-arith -Wbad-function-cast -Wwrite-strings -Wlogical-op -Waggregate-return -Wstrict-prototypes -Wold-style-definition -Wmissing-prototypes -Wmissing-declarations -Wmissing-noreturn -Wredundant-decls -O2 -I/home/VuAirOS/buildroot-2021.05/output/host/include -c common/vli_decoder.c  -fPIC -DPIC -o .libs/liblzma_la-vli_decoder.o
2025-12-13T21:30:15 libtool: compile:  /usr/bin/gcc -DHAVE_CONFIG_H -I. -I../.. -I../../src/liblzma/api -I../../src/liblzma/common -I../../src/liblzma/check -I../../src/liblzma/lz -I../../src/liblzma/rangecoder -I../../src/liblzma/lzma -I../../src/liblzma/delta -I../../src/liblzma/simple -I../../src/common -DTUKLIB_SYMBOL_PREFIX=lzma_ -I/home/VuAirOS/buildroot-2021.05/output/host/include -pthread -fvisibility=hidden -Wall -Wextra -Wvla -Wformat=2 -Winit-self -Wmissing-include-dirs -Wstrict-aliasing -Wfloat-equal -Wundef -Wshadow -Wpointer-arith -Wbad-function-cast -Wwrite-strings -Wlogical-op -Waggregate-return -Wstrict-prototypes -Wold-style-definition -Wmissing-prototypes -Wmissing-declarations -Wmissing-noreturn -Wredundant-decls -O2 -I/home/VuAirOS/buildroot-2021.05/output/host/include -c common/stream_decoder.c  -fPIC -DPIC -o .libs/liblzma_la-stream_decoder.o
2025-12-13T21:30:15 libtool: compile:  /usr/bin/gcc -DHAVE_CONFIG_H -I. -I../.. -I../../src/liblzma/api -I../../src/liblzma/common -I../../src/liblzma/check -I../../src/liblzma/lz -I../../src/liblzma/rangecoder -I../../src/liblzma/lzma -I../../src/liblzma/delta -I../../src/liblzma/simple -I../../src/common -DTUKLIB_SYMBOL_PREFIX=lzma_ -I/home/VuAirOS/buildroot-2021.05/output/host/include -pthread -fvisibility=hidden -Wall -Wextra -Wvla -Wformat=2 -Winit-self -Wmissing-include-dirs -Wstrict-aliasing -Wfloat-equal -Wundef -Wshadow -Wpointer-arith -Wbad-function-cast -Wwrite-strings -Wlogical-op -Waggregate-return -Wstrict-prototypes -Wold-style-definition -Wmissing-prototypes -Wmissing-declarations -Wmissing-noreturn -Wredundant-decls -O2 -I/home/VuAirOS/buildroot-2021.05/output/host/include -c common/stream_flags_decoder.c  -fPIC -DPIC -o .libs/liblzma_la-stream_flags_decoder.o
2025-12-13T21:30:15 /bin/bash ../../libtool  --tag=CC   --mode=compile /usr/bin/gcc -DHAVE_CONFIG_H -I. -I../..  -I../../src/liblzma/api -I../../src/liblzma/common -I../../src/liblzma/check -I../../src/liblzma/lz -I../../src/liblzma/rangecoder -I../../src/liblzma/lzma -I../../src/liblzma/delta -I../../src/liblzma/simple -I../../src/common -DTUKLIB_SYMBOL_PREFIX=lzma_ -I/home/VuAirOS/buildroot-2021.05/output/host/include -pthread -fvisibility=hidden -Wall -Wextra -Wvla -Wformat=2 -Winit-self -Wmissing-include-dirs -Wstrict-aliasing -Wfloat-equal -Wundef -Wshadow -Wpointer-arith -Wbad-function-cast -Wwrite-strings -Wlogical-op -Waggregate-return -Wstrict-prototypes -Wold-style-definition -Wmissing-prototypes -Wmissing-declarations -Wmissing-noreturn -Wredundant-decls -O2 -I/home/VuAirOS/buildroot-2021.05/output/host/include -c -o liblzma_la-lz_encoder_mf.lo `test -f 'lz/lz_encoder_mf.c' || echo './'`lz/lz_encoder_mf.c
2025-12-13T21:30:15 libtool: compile:  /usr/bin/gcc -DHAVE_CONFIG_H -I. -I../.. -I../../src/liblzma/api -I../../src/liblzma/common -I../../src/liblzma/check -I../../src/liblzma/lz -I../../src/liblzma/rangecoder -I../../src/liblzma/lzma -I../../src/liblzma/delta -I../../src/liblzma/simple -I../../src/common -DTUKLIB_SYMBOL_PREFIX=lzma_ -I/home/VuAirOS/buildroot-2021.05/output/host/include -pthread -fvisibility=hidden -Wall -Wextra -Wvla -Wformat=2 -Winit-self -Wmissing-include-dirs -Wstrict-aliasing -Wfloat-equal -Wundef -Wshadow -Wpointer-arith -Wbad-function-cast -Wwrite-strings -Wlogical-op -Waggregate-return -Wstrict-prototypes -Wold-style-definition -Wmissing-prototypes -Wmissing-declarations -Wmissing-noreturn -Wredundant-decls -O2 -I/home/VuAirOS/buildroot-2021.05/output/host/include -c check/check.c  -fPIC -DPIC -o .libs/liblzma_la-check.o
2025-12-13T21:30:15 libtool: compile:  /usr/bin/gcc -DHAVE_CONFIG_H -I. -I../.. -I../../src/liblzma/api -I../../src/liblzma/common -I../../src/liblzma/check -I../../src/liblzma/lz -I../../src/liblzma/rangecoder -I../../src/liblzma/lzma -I../../src/liblzma/delta -I../../src/liblzma/simple -I../../src/common -DTUKLIB_SYMBOL_PREFIX=lzma_ -I/home/VuAirOS/buildroot-2021.05/output/host/include -pthread -fvisibility=hidden -Wall -Wextra -Wvla -Wformat=2 -Winit-self -Wmissing-include-dirs -Wstrict-aliasing -Wfloat-equal -Wundef -Wshadow -Wpointer-arith -Wbad-function-cast -Wwrite-strings -Wlogical-op -Waggregate-return -Wstrict-prototypes -Wold-style-definition -Wmissing-prototypes -Wmissing-declarations -Wmissing-noreturn -Wredundant-decls -O2 -I/home/VuAirOS/buildroot-2021.05/output/host/include -c check/crc32_table.c  -fPIC -DPIC -o .libs/liblzma_la-crc32_table.o
2025-12-13T21:30:15 /bin/bash ../../libtool  --tag=CC   --mode=compile /usr/bin/gcc -DHAVE_CONFIG_H -I. -I../..  -I../../src/liblzma/api -I../../src/liblzma/common -I../../src/liblzma/check -I../../src/liblzma/lz -I../../src/liblzma/rangecoder -I../../src/liblzma/lzma -I../../src/liblzma/delta -I../../src/liblzma/simple -I../../src/common -DTUKLIB_SYMBOL_PREFIX=lzma_ -I/home/VuAirOS/buildroot-2021.05/output/host/include -pthread -fvisibility=hidden -Wall -Wextra -Wvla -Wformat=2 -Winit-self -Wmissing-include-dirs -Wstrict-aliasing -Wfloat-equal -Wundef -Wshadow -Wpointer-arith -Wbad-function-cast -Wwrite-strings -Wlogical-op -Waggregate-return -Wstrict-prototypes -Wold-style-definition -Wmissing-prototypes -Wmissing-declarations -Wmissing-noreturn -Wredundant-decls -O2 -I/home/VuAirOS/buildroot-2021.05/output/host/include -c -o liblzma_la-lz_decoder.lo `test -f 'lz/lz_decoder.c' || echo './'`lz/lz_decoder.c
2025-12-13T21:30:15 /bin/bash ../../libtool  --tag=CC   --mode=compile /usr/bin/gcc -DHAVE_CONFIG_H -I. -I../..  -I../../src/liblzma/api -I../../src/liblzma/common -I../../src/liblzma/check -I../../src/liblzma/lz -I../../src/liblzma/rangecoder -I../../src/liblzma/lzma -I../../src/liblzma/delta -I../../src/liblzma/simple -I../../src/common -DTUKLIB_SYMBOL_PREFIX=lzma_ -I/home/VuAirOS/buildroot-2021.05/output/host/include -pthread -fvisibility=hidden -Wall -Wextra -Wvla -Wformat=2 -Winit-self -Wmissing-include-dirs -Wstrict-aliasing -Wfloat-equal -Wundef -Wshadow -Wpointer-arith -Wbad-function-cast -Wwrite-strings -Wlogical-op -Waggregate-return -Wstrict-prototypes -Wold-style-definition -Wmissing-prototypes -Wmissing-declarations -Wmissing-noreturn -Wredundant-decls -O2 -I/home/VuAirOS/buildroot-2021.05/output/host/include -c -o liblzma_la-lzma_encoder_presets.lo `test -f 'lzma/lzma_encoder_presets.c' || echo './'`lzma/lzma_encoder_presets.c
2025-12-13T21:30:15 /bin/bash ../../libtool  --tag=CC   --mode=compile /usr/bin/gcc -DHAVE_CONFIG_H -I. -I../..  -I../../src/liblzma/api -I../../src/liblzma/common -I../../src/liblzma/check -I../../src/liblzma/lz -I../../src/liblzma/rangecoder -I../../src/liblzma/lzma -I../../src/liblzma/delta -I../../src/liblzma/simple -I../../src/common -DTUKLIB_SYMBOL_PREFIX=lzma_ -I/home/VuAirOS/buildroot-2021.05/output/host/include -pthread -fvisibility=hidden -Wall -Wextra -Wvla -Wformat=2 -Winit-self -Wmissing-include-dirs -Wstrict-aliasing -Wfloat-equal -Wundef -Wshadow -Wpointer-arith -Wbad-function-cast -Wwrite-strings -Wlogical-op -Waggregate-return -Wstrict-prototypes -Wold-style-definition -Wmissing-prototypes -Wmissing-declarations -Wmissing-noreturn -Wredundant-decls -O2 -I/home/VuAirOS/buildroot-2021.05/output/host/include -c -o liblzma_la-lzma_encoder.lo `test -f 'lzma/lzma_encoder.c' || echo './'`lzma/lzma_encoder.c
2025-12-13T21:30:15 libtool: compile:  /usr/bin/gcc -DHAVE_CONFIG_H -I. -I../.. -I../../src/liblzma/api -I../../src/liblzma/common -I../../src/liblzma/check -I../../src/liblzma/lz -I../../src/liblzma/rangecoder -I../../src/liblzma/lzma -I../../src/liblzma/delta -I../../src/liblzma/simple -I../../src/common -DTUKLIB_SYMBOL_PREFIX=lzma_ -I/home/VuAirOS/buildroot-2021.05/output/host/include -pthread -fvisibility=hidden -Wall -Wextra -Wvla -Wformat=2 -Winit-self -Wmissing-include-dirs -Wstrict-aliasing -Wfloat-equal -Wundef -Wshadow -Wpointer-arith -Wbad-function-cast -Wwrite-strings -Wlogical-op -Waggregate-return -Wstrict-prototypes -Wold-style-definition -Wmissing-prototypes -Wmissing-declarations -Wmissing-noreturn -Wredundant-decls -O2 -I/home/VuAirOS/buildroot-2021.05/output/host/include -c check/sha256.c  -fPIC -DPIC -o .libs/liblzma_la-sha256.o
2025-12-13T21:30:15 libtool: compile:  /usr/bin/gcc -DHAVE_CONFIG_H -I. -I../.. -I../../src/liblzma/api -I../../src/liblzma/common -I../../src/liblzma/check -I../../src/liblzma/lz -I../../src/liblzma/rangecoder -I../../src/liblzma/lzma -I../../src/liblzma/delta -I../../src/liblzma/simple -I../../src/common -DTUKLIB_SYMBOL_PREFIX=lzma_ -I/home/VuAirOS/buildroot-2021.05/output/host/include -pthread -fvisibility=hidden -Wall -Wextra -Wvla -Wformat=2 -Winit-self -Wmissing-include-dirs -Wstrict-aliasing -Wfloat-equal -Wundef -Wshadow -Wpointer-arith -Wbad-function-cast -Wwrite-strings -Wlogical-op -Waggregate-return -Wstrict-prototypes -Wold-style-definition -Wmissing-prototypes -Wmissing-declarations -Wmissing-noreturn -Wredundant-decls -O2 -I/home/VuAirOS/buildroot-2021.05/output/host/include -c lz/lz_encoder.c  -fPIC -DPIC -o .libs/liblzma_la-lz_encoder.o
2025-12-13T21:30:15 /bin/bash ../../libtool  --tag=CC   --mode=compile /usr/bin/gcc -DHAVE_CONFIG_H -I. -I../..  -I../../src/liblzma/api -I../../src/liblzma/common -I../../src/liblzma/check -I../../src/liblzma/lz -I../../src/liblzma/rangecoder -I../../src/liblzma/lzma -I../../src/liblzma/delta -I../../src/liblzma/simple -I../../src/common -DTUKLIB_SYMBOL_PREFIX=lzma_ -I/home/VuAirOS/buildroot-2021.05/output/host/include -pthread -fvisibility=hidden -Wall -Wextra -Wvla -Wformat=2 -Winit-self -Wmissing-include-dirs -Wstrict-aliasing -Wfloat-equal -Wundef -Wshadow -Wpointer-arith -Wbad-function-cast -Wwrite-strings -Wlogical-op -Waggregate-return -Wstrict-prototypes -Wold-style-definition -Wmissing-prototypes -Wmissing-declarations -Wmissing-noreturn -Wredundant-decls -O2 -I/home/VuAirOS/buildroot-2021.05/output/host/include -c -o liblzma_la-lzma_encoder_optimum_fast.lo `test -f 'lzma/lzma_encoder_optimum_fast.c' || echo './'`lzma/lzma_encoder_optimum_fast.c
2025-12-13T21:30:15 /bin/bash ../../libtool  --tag=CC   --mode=compile /usr/bin/gcc -DHAVE_CONFIG_H -I. -I../..  -I../../src/liblzma/api -I../../src/liblzma/common -I../../src/liblzma/check -I../../src/liblzma/lz -I../../src/liblzma/rangecoder -I../../src/liblzma/lzma -I../../src/liblzma/delta -I../../src/liblzma/simple -I../../src/common -DTUKLIB_SYMBOL_PREFIX=lzma_ -I/home/VuAirOS/buildroot-2021.05/output/host/include -pthread -fvisibility=hidden -Wall -Wextra -Wvla -Wformat=2 -Winit-self -Wmissing-include-dirs -Wstrict-aliasing -Wfloat-equal -Wundef -Wshadow -Wpointer-arith -Wbad-function-cast -Wwrite-strings -Wlogical-op -Waggregate-return -Wstrict-prototypes -Wold-style-definition -Wmissing-prototypes -Wmissing-declarations -Wmissing-noreturn -Wredundant-decls -O2 -I/home/VuAirOS/buildroot-2021.05/output/host/include -c -o liblzma_la-lzma_encoder_optimum_normal.lo `test -f 'lzma/lzma_encoder_optimum_normal.c' || echo './'`lzma/lzma_encoder_optimum_normal.c
2025-12-13T21:30:15 /bin/bash ../../libtool  --tag=CC   --mode=compile /usr/bin/gcc -DHAVE_CONFIG_H -I. -I../..  -I../../src/liblzma/api -I../../src/liblzma/common -I../../src/liblzma/check -I../../src/liblzma/lz -I../../src/liblzma/rangecoder -I../../src/liblzma/lzma -I../../src/liblzma/delta -I../../src/liblzma/simple -I../../src/common -DTUKLIB_SYMBOL_PREFIX=lzma_ -I/home/VuAirOS/buildroot-2021.05/output/host/include -pthread -fvisibility=hidden -Wall -Wextra -Wvla -Wformat=2 -Winit-self -Wmissing-include-dirs -Wstrict-aliasing -Wfloat-equal -Wundef -Wshadow -Wpointer-arith -Wbad-function-cast -Wwrite-strings -Wlogical-op -Waggregate-return -Wstrict-prototypes -Wold-style-definition -Wmissing-prototypes -Wmissing-declarations -Wmissing-noreturn -Wredundant-decls -O2 -I/home/VuAirOS/buildroot-2021.05/output/host/include -c -o liblzma_la-fastpos_table.lo `test -f 'lzma/fastpos_table.c' || echo './'`lzma/fastpos_table.c
2025-12-13T21:30:15 libtool: compile:  /usr/bin/gcc -DHAVE_CONFIG_H -I. -I../.. -I../../src/liblzma/api -I../../src/liblzma/common -I../../src/liblzma/check -I../../src/liblzma/lz -I../../src/liblzma/rangecoder -I../../src/liblzma/lzma -I../../src/liblzma/delta -I../../src/liblzma/simple -I../../src/common -DTUKLIB_SYMBOL_PREFIX=lzma_ -I/home/VuAirOS/buildroot-2021.05/output/host/include -pthread -fvisibility=hidden -Wall -Wextra -Wvla -Wformat=2 -Winit-self -Wmissing-include-dirs -Wstrict-aliasing -Wfloat-equal -Wundef -Wshadow -Wpointer-arith -Wbad-function-cast -Wwrite-strings -Wlogical-op -Waggregate-return -Wstrict-prototypes -Wold-style-definition -Wmissing-prototypes -Wmissing-declarations -Wmissing-noreturn -Wredundant-decls -O2 -I/home/VuAirOS/buildroot-2021.05/output/host/include -c check/crc32_fast.c  -fPIC -DPIC -o .libs/liblzma_la-crc32_fast.o
2025-12-13T21:30:15 libtool: compile:  /usr/bin/gcc -DHAVE_CONFIG_H -I. -I../.. -I../../src/liblzma/api -I../../src/liblzma/common -I../../src/liblzma/check -I../../src/liblzma/lz -I../../src/liblzma/rangecoder -I../../src/liblzma/lzma -I../../src/liblzma/delta -I../../src/liblzma/simple -I../../src/common -DTUKLIB_SYMBOL_PREFIX=lzma_ -I/home/VuAirOS/buildroot-2021.05/output/host/include -pthread -fvisibility=hidden -Wall -Wextra -Wvla -Wformat=2 -Winit-self -Wmissing-include-dirs -Wstrict-aliasing -Wfloat-equal -Wundef -Wshadow -Wpointer-arith -Wbad-function-cast -Wwrite-strings -Wlogical-op -Waggregate-return -Wstrict-prototypes -Wold-style-definition -Wmissing-prototypes -Wmissing-declarations -Wmissing-noreturn -Wredundant-decls -O2 -I/home/VuAirOS/buildroot-2021.05/output/host/include -c lz/lz_encoder_mf.c  -fPIC -DPIC -o .libs/liblzma_la-lz_encoder_mf.o
2025-12-13T21:30:15 /bin/bash ../../libtool  --tag=CC   --mode=compile /usr/bin/gcc -DHAVE_CONFIG_H -I. -I../..  -I../../src/liblzma/api -I../../src/liblzma/common -I../../src/liblzma/check -I../../src/liblzma/lz -I../../src/liblzma/rangecoder -I../../src/liblzma/lzma -I../../src/liblzma/delta -I../../src/liblzma/simple -I../../src/common -DTUKLIB_SYMBOL_PREFIX=lzma_ -I/home/VuAirOS/buildroot-2021.05/output/host/include -pthread -fvisibility=hidden -Wall -Wextra -Wvla -Wformat=2 -Winit-self -Wmissing-include-dirs -Wstrict-aliasing -Wfloat-equal -Wundef -Wshadow -Wpointer-arith -Wbad-function-cast -Wwrite-strings -Wlogical-op -Waggregate-return -Wstrict-prototypes -Wold-style-definition -Wmissing-prototypes -Wmissing-declarations -Wmissing-noreturn -Wredundant-decls -O2 -I/home/VuAirOS/buildroot-2021.05/output/host/include -c -o liblzma_la-lzma_decoder.lo `test -f 'lzma/lzma_decoder.c' || echo './'`lzma/lzma_decoder.c
2025-12-13T21:30:15 libtool: compile:  /usr/bin/gcc -DHAVE_CONFIG_H -I. -I../.. -I../../src/liblzma/api -I../../src/liblzma/common -I../../src/liblzma/check -I../../src/liblzma/lz -I../../src/liblzma/rangecoder -I../../src/liblzma/lzma -I../../src/liblzma/delta -I../../src/liblzma/simple -I../../src/common -DTUKLIB_SYMBOL_PREFIX=lzma_ -I/home/VuAirOS/buildroot-2021.05/output/host/include -pthread -fvisibility=hidden -Wall -Wextra -Wvla -Wformat=2 -Winit-self -Wmissing-include-dirs -Wstrict-aliasing -Wfloat-equal -Wundef -Wshadow -Wpointer-arith -Wbad-function-cast -Wwrite-strings -Wlogical-op -Waggregate-return -Wstrict-prototypes -Wold-style-definition -Wmissing-prototypes -Wmissing-declarations -Wmissing-noreturn -Wredundant-decls -O2 -I/home/VuAirOS/buildroot-2021.05/output/host/include -c check/crc64_table.c  -fPIC -DPIC -o .libs/liblzma_la-crc64_table.o
2025-12-13T21:30:15 /bin/bash ../../libtool  --tag=CC   --mode=compile /usr/bin/gcc -DHAVE_CONFIG_H -I. -I../..  -I../../src/liblzma/api -I../../src/liblzma/common -I../../src/liblzma/check -I../../src/liblzma/lz -I../../src/liblzma/rangecoder -I../../src/liblzma/lzma -I../../src/liblzma/delta -I../../src/liblzma/simple -I../../src/common -DTUKLIB_SYMBOL_PREFIX=lzma_ -I/home/VuAirOS/buildroot-2021.05/output/host/include -pthread -fvisibility=hidden -Wall -Wextra -Wvla -Wformat=2 -Winit-self -Wmissing-include-dirs -Wstrict-aliasing -Wfloat-equal -Wundef -Wshadow -Wpointer-arith -Wbad-function-cast -Wwrite-strings -Wlogical-op -Waggregate-return -Wstrict-prototypes -Wold-style-definition -Wmissing-prototypes -Wmissing-declarations -Wmissing-noreturn -Wredundant-decls -O2 -I/home/VuAirOS/buildroot-2021.05/output/host/include -c -o liblzma_la-lzma2_encoder.lo `test -f 'lzma/lzma2_encoder.c' || echo './'`lzma/lzma2_encoder.c
2025-12-13T21:30:15 /bin/bash ../../libtool  --tag=CC   --mode=compile /usr/bin/gcc -DHAVE_CONFIG_H -I. -I../..  -I../../src/liblzma/api -I../../src/liblzma/common -I../../src/liblzma/check -I../../src/liblzma/lz -I../../src/liblzma/rangecoder -I../../src/liblzma/lzma -I../../src/liblzma/delta -I../../src/liblzma/simple -I../../src/common -DTUKLIB_SYMBOL_PREFIX=lzma_ -I/home/VuAirOS/buildroot-2021.05/output/host/include -pthread -fvisibility=hidden -Wall -Wextra -Wvla -Wformat=2 -Winit-self -Wmissing-include-dirs -Wstrict-aliasing -Wfloat-equal -Wundef -Wshadow -Wpointer-arith -Wbad-function-cast -Wwrite-strings -Wlogical-op -Waggregate-return -Wstrict-prototypes -Wold-style-definition -Wmissing-prototypes -Wmissing-declarations -Wmissing-noreturn -Wredundant-decls -O2 -I/home/VuAirOS/buildroot-2021.05/output/host/include -c -o liblzma_la-lzma2_decoder.lo `test -f 'lzma/lzma2_decoder.c' || echo './'`lzma/lzma2_decoder.c
2025-12-13T21:30:15 libtool: compile:  /usr/bin/gcc -DHAVE_CONFIG_H -I. -I../.. -I../../src/liblzma/api -I../../src/liblzma/common -I../../src/liblzma/check -I../../src/liblzma/lz -I../../src/liblzma/rangecoder -I../../src/liblzma/lzma -I../../src/liblzma/delta -I../../src/liblzma/simple -I../../src/common -DTUKLIB_SYMBOL_PREFIX=lzma_ -I/home/VuAirOS/buildroot-2021.05/output/host/include -pthread -fvisibility=hidden -Wall -Wextra -Wvla -Wformat=2 -Winit-self -Wmissing-include-dirs -Wstrict-aliasing -Wfloat-equal -Wundef -Wshadow -Wpointer-arith -Wbad-function-cast -Wwrite-strings -Wlogical-op -Waggregate-return -Wstrict-prototypes -Wold-style-definition -Wmissing-prototypes -Wmissing-declarations -Wmissing-noreturn -Wredundant-decls -O2 -I/home/VuAirOS/buildroot-2021.05/output/host/include -c lzma/lzma_encoder_presets.c  -fPIC -DPIC -o .libs/liblzma_la-lzma_encoder_presets.o
2025-12-13T21:30:15 libtool: compile:  /usr/bin/gcc -DHAVE_CONFIG_H -I. -I../.. -I../../src/liblzma/api -I../../src/liblzma/common -I../../src/liblzma/check -I../../src/liblzma/lz -I../../src/liblzma/rangecoder -I../../src/liblzma/lzma -I../../src/liblzma/delta -I../../src/liblzma/simple -I../../src/common -DTUKLIB_SYMBOL_PREFIX=lzma_ -I/home/VuAirOS/buildroot-2021.05/output/host/include -pthread -fvisibility=hidden -Wall -Wextra -Wvla -Wformat=2 -Winit-self -Wmissing-include-dirs -Wstrict-aliasing -Wfloat-equal -Wundef -Wshadow -Wpointer-arith -Wbad-function-cast -Wwrite-strings -Wlogical-op -Waggregate-return -Wstrict-prototypes -Wold-style-definition -Wmissing-prototypes -Wmissing-declarations -Wmissing-noreturn -Wredundant-decls -O2 -I/home/VuAirOS/buildroot-2021.05/output/host/include -c lzma/lzma_encoder.c  -fPIC -DPIC -o .libs/liblzma_la-lzma_encoder.o
2025-12-13T21:30:15 libtool: compile:  /usr/bin/gcc -DHAVE_CONFIG_H -I. -I../.. -I../../src/liblzma/api -I../../src/liblzma/common -I../../src/liblzma/check -I../../src/liblzma/lz -I../../src/liblzma/rangecoder -I../../src/liblzma/lzma -I../../src/liblzma/delta -I../../src/liblzma/simple -I../../src/common -DTUKLIB_SYMBOL_PREFIX=lzma_ -I/home/VuAirOS/buildroot-2021.05/output/host/include -pthread -fvisibility=hidden -Wall -Wextra -Wvla -Wformat=2 -Winit-self -Wmissing-include-dirs -Wstrict-aliasing -Wfloat-equal -Wundef -Wshadow -Wpointer-arith -Wbad-function-cast -Wwrite-strings -Wlogical-op -Waggregate-return -Wstrict-prototypes -Wold-style-definition -Wmissing-prototypes -Wmissing-declarations -Wmissing-noreturn -Wredundant-decls -O2 -I/home/VuAirOS/buildroot-2021.05/output/host/include -c lzma/fastpos_table.c  -fPIC -DPIC -o .libs/liblzma_la-fastpos_table.o
2025-12-13T21:30:15 libtool: compile:  /usr/bin/gcc -DHAVE_CONFIG_H -I. -I../.. -I../../src/liblzma/api -I../../src/liblzma/common -I../../src/liblzma/check -I../../src/liblzma/lz -I../../src/liblzma/rangecoder -I../../src/liblzma/lzma -I../../src/liblzma/delta -I../../src/liblzma/simple -I../../src/common -DTUKLIB_SYMBOL_PREFIX=lzma_ -I/home/VuAirOS/buildroot-2021.05/output/host/include -pthread -fvisibility=hidden -Wall -Wextra -Wvla -Wformat=2 -Winit-self -Wmissing-include-dirs -Wstrict-aliasing -Wfloat-equal -Wundef -Wshadow -Wpointer-arith -Wbad-function-cast -Wwrite-strings -Wlogical-op -Waggregate-return -Wstrict-prototypes -Wold-style-definition -Wmissing-prototypes -Wmissing-declarations -Wmissing-noreturn -Wredundant-decls -O2 -I/home/VuAirOS/buildroot-2021.05/output/host/include -c check/crc64_fast.c  -fPIC -DPIC -o .libs/liblzma_la-crc64_fast.o
2025-12-13T21:30:15 /bin/bash ../../libtool  --tag=CC   --mode=compile /usr/bin/gcc -DHAVE_CONFIG_H -I. -I../..  -I../../src/liblzma/api -I../../src/liblzma/common -I../../src/liblzma/check -I../../src/liblzma/lz -I../../src/liblzma/rangecoder -I../../src/liblzma/lzma -I../../src/liblzma/delta -I../../src/liblzma/simple -I../../src/common -DTUKLIB_SYMBOL_PREFIX=lzma_ -I/home/VuAirOS/buildroot-2021.05/output/host/include -pthread -fvisibility=hidden -Wall -Wextra -Wvla -Wformat=2 -Winit-self -Wmissing-include-dirs -Wstrict-aliasing -Wfloat-equal -Wundef -Wshadow -Wpointer-arith -Wbad-function-cast -Wwrite-strings -Wlogical-op -Waggregate-return -Wstrict-prototypes -Wold-style-definition -Wmissing-prototypes -Wmissing-declarations -Wmissing-noreturn -Wredundant-decls -O2 -I/home/VuAirOS/buildroot-2021.05/output/host/include -c -o liblzma_la-price_table.lo `test -f 'rangecoder/price_table.c' || echo './'`rangecoder/price_table.c
2025-12-13T21:30:15 libtool: compile:  /usr/bin/gcc -DHAVE_CONFIG_H -I. -I../.. -I../../src/liblzma/api -I../../src/liblzma/common -I../../src/liblzma/check -I../../src/liblzma/lz -I../../src/liblzma/rangecoder -I../../src/liblzma/lzma -I../../src/liblzma/delta -I../../src/liblzma/simple -I../../src/common -DTUKLIB_SYMBOL_PREFIX=lzma_ -I/home/VuAirOS/buildroot-2021.05/output/host/include -pthread -fvisibility=hidden -Wall -Wextra -Wvla -Wformat=2 -Winit-self -Wmissing-include-dirs -Wstrict-aliasing -Wfloat-equal -Wundef -Wshadow -Wpointer-arith -Wbad-function-cast -Wwrite-strings -Wlogical-op -Waggregate-return -Wstrict-prototypes -Wold-style-definition -Wmissing-prototypes -Wmissing-declarations -Wmissing-noreturn -Wredundant-decls -O2 -I/home/VuAirOS/buildroot-2021.05/output/host/include -c lzma/lzma2_encoder.c  -fPIC -DPIC -o .libs/liblzma_la-lzma2_encoder.o
2025-12-13T21:30:15 /bin/bash ../../libtool  --tag=CC   --mode=compile /usr/bin/gcc -DHAVE_CONFIG_H -I. -I../..  -I../../src/liblzma/api -I../../src/liblzma/common -I../../src/liblzma/check -I../../src/liblzma/lz -I../../src/liblzma/rangecoder -I../../src/liblzma/lzma -I../../src/liblzma/delta -I../../src/liblzma/simple -I../../src/common -DTUKLIB_SYMBOL_PREFIX=lzma_ -I/home/VuAirOS/buildroot-2021.05/output/host/include -pthread -fvisibility=hidden -Wall -Wextra -Wvla -Wformat=2 -Winit-self -Wmissing-include-dirs -Wstrict-aliasing -Wfloat-equal -Wundef -Wshadow -Wpointer-arith -Wbad-function-cast -Wwrite-strings -Wlogical-op -Waggregate-return -Wstrict-prototypes -Wold-style-definition -Wmissing-prototypes -Wmissing-declarations -Wmissing-noreturn -Wredundant-decls -O2 -I/home/VuAirOS/buildroot-2021.05/output/host/include -c -o liblzma_la-delta_common.lo `test -f 'delta/delta_common.c' || echo './'`delta/delta_common.c
2025-12-13T21:30:15 libtool: compile:  /usr/bin/gcc -DHAVE_CONFIG_H -I. -I../.. -I../../src/liblzma/api -I../../src/liblzma/common -I../../src/liblzma/check -I../../src/liblzma/lz -I../../src/liblzma/rangecoder -I../../src/liblzma/lzma -I../../src/liblzma/delta -I../../src/liblzma/simple -I../../src/common -DTUKLIB_SYMBOL_PREFIX=lzma_ -I/home/VuAirOS/buildroot-2021.05/output/host/include -pthread -fvisibility=hidden -Wall -Wextra -Wvla -Wformat=2 -Winit-self -Wmissing-include-dirs -Wstrict-aliasing -Wfloat-equal -Wundef -Wshadow -Wpointer-arith -Wbad-function-cast -Wwrite-strings -Wlogical-op -Waggregate-return -Wstrict-prototypes -Wold-style-definition -Wmissing-prototypes -Wmissing-declarations -Wmissing-noreturn -Wredundant-decls -O2 -I/home/VuAirOS/buildroot-2021.05/output/host/include -c lzma/lzma_decoder.c  -fPIC -DPIC -o .libs/liblzma_la-lzma_decoder.o
2025-12-13T21:30:15 libtool: compile:  /usr/bin/gcc -DHAVE_CONFIG_H -I. -I../.. -I../../src/liblzma/api -I../../src/liblzma/common -I../../src/liblzma/check -I../../src/liblzma/lz -I../../src/liblzma/rangecoder -I../../src/liblzma/lzma -I../../src/liblzma/delta -I../../src/liblzma/simple -I../../src/common -DTUKLIB_SYMBOL_PREFIX=lzma_ -I/home/VuAirOS/buildroot-2021.05/output/host/include -pthread -fvisibility=hidden -Wall -Wextra -Wvla -Wformat=2 -Winit-self -Wmissing-include-dirs -Wstrict-aliasing -Wfloat-equal -Wundef -Wshadow -Wpointer-arith -Wbad-function-cast -Wwrite-strings -Wlogical-op -Waggregate-return -Wstrict-prototypes -Wold-style-definition -Wmissing-prototypes -Wmissing-declarations -Wmissing-noreturn -Wredundant-decls -O2 -I/home/VuAirOS/buildroot-2021.05/output/host/include -c lzma/lzma_encoder_optimum_fast.c  -fPIC -DPIC -o .libs/liblzma_la-lzma_encoder_optimum_fast.o
2025-12-13T21:30:15 libtool: compile:  /usr/bin/gcc -DHAVE_CONFIG_H -I. -I../.. -I../../src/liblzma/api -I../../src/liblzma/common -I../../src/liblzma/check -I../../src/liblzma/lz -I../../src/liblzma/rangecoder -I../../src/liblzma/lzma -I../../src/liblzma/delta -I../../src/liblzma/simple -I../../src/common -DTUKLIB_SYMBOL_PREFIX=lzma_ -I/home/VuAirOS/buildroot-2021.05/output/host/include -pthread -fvisibility=hidden -Wall -Wextra -Wvla -Wformat=2 -Winit-self -Wmissing-include-dirs -Wstrict-aliasing -Wfloat-equal -Wundef -Wshadow -Wpointer-arith -Wbad-function-cast -Wwrite-strings -Wlogical-op -Waggregate-return -Wstrict-prototypes -Wold-style-definition -Wmissing-prototypes -Wmissing-declarations -Wmissing-noreturn -Wredundant-decls -O2 -I/home/VuAirOS/buildroot-2021.05/output/host/include -c lz/lz_decoder.c  -fPIC -DPIC -o .libs/liblzma_la-lz_decoder.o
2025-12-13T21:30:15 /bin/bash ../../libtool  --tag=CC   --mode=compile /usr/bin/gcc -DHAVE_CONFIG_H -I. -I../..  -I../../src/liblzma/api -I../../src/liblzma/common -I../../src/liblzma/check -I../../src/liblzma/lz -I../../src/liblzma/rangecoder -I../../src/liblzma/lzma -I../../src/liblzma/delta -I../../src/liblzma/simple -I../../src/common -DTUKLIB_SYMBOL_PREFIX=lzma_ -I/home/VuAirOS/buildroot-2021.05/output/host/include -pthread -fvisibility=hidden -Wall -Wextra -Wvla -Wformat=2 -Winit-self -Wmissing-include-dirs -Wstrict-aliasing -Wfloat-equal -Wundef -Wshadow -Wpointer-arith -Wbad-function-cast -Wwrite-strings -Wlogical-op -Waggregate-return -Wstrict-prototypes -Wold-style-definition -Wmissing-prototypes -Wmissing-declarations -Wmissing-noreturn -Wredundant-decls -O2 -I/home/VuAirOS/buildroot-2021.05/output/host/include -c -o liblzma_la-delta_encoder.lo `test -f 'delta/delta_encoder.c' || echo './'`delta/delta_encoder.c
2025-12-13T21:30:15 libtool: compile:  /usr/bin/gcc -DHAVE_CONFIG_H -I. -I../.. -I../../src/liblzma/api -I../../src/liblzma/common -I../../src/liblzma/check -I../../src/liblzma/lz -I../../src/liblzma/rangecoder -I../../src/liblzma/lzma -I../../src/liblzma/delta -I../../src/liblzma/simple -I../../src/common -DTUKLIB_SYMBOL_PREFIX=lzma_ -I/home/VuAirOS/buildroot-2021.05/output/host/include -pthread -fvisibility=hidden -Wall -Wextra -Wvla -Wformat=2 -Winit-self -Wmissing-include-dirs -Wstrict-aliasing -Wfloat-equal -Wundef -Wshadow -Wpointer-arith -Wbad-function-cast -Wwrite-strings -Wlogical-op -Waggregate-return -Wstrict-prototypes -Wold-style-definition -Wmissing-prototypes -Wmissing-declarations -Wmissing-noreturn -Wredundant-decls -O2 -I/home/VuAirOS/buildroot-2021.05/output/host/include -c lzma/lzma2_decoder.c  -fPIC -DPIC -o .libs/liblzma_la-lzma2_decoder.o
2025-12-13T21:30:15 libtool: compile:  /usr/bin/gcc -DHAVE_CONFIG_H -I. -I../.. -I../../src/liblzma/api -I../../src/liblzma/common -I../../src/liblzma/check -I../../src/liblzma/lz -I../../src/liblzma/rangecoder -I../../src/liblzma/lzma -I../../src/liblzma/delta -I../../src/liblzma/simple -I../../src/common -DTUKLIB_SYMBOL_PREFIX=lzma_ -I/home/VuAirOS/buildroot-2021.05/output/host/include -pthread -fvisibility=hidden -Wall -Wextra -Wvla -Wformat=2 -Winit-self -Wmissing-include-dirs -Wstrict-aliasing -Wfloat-equal -Wundef -Wshadow -Wpointer-arith -Wbad-function-cast -Wwrite-strings -Wlogical-op -Waggregate-return -Wstrict-prototypes -Wold-style-definition -Wmissing-prototypes -Wmissing-declarations -Wmissing-noreturn -Wredundant-decls -O2 -I/home/VuAirOS/buildroot-2021.05/output/host/include -c lzma/lzma_encoder_optimum_normal.c  -fPIC -DPIC -o .libs/liblzma_la-lzma_encoder_optimum_normal.o
2025-12-13T21:30:15 /bin/bash ../../libtool  --tag=CC   --mode=compile /usr/bin/gcc -DHAVE_CONFIG_H -I. -I../..  -I../../src/liblzma/api -I../../src/liblzma/common -I../../src/liblzma/check -I../../src/liblzma/lz -I../../src/liblzma/rangecoder -I../../src/liblzma/lzma -I../../src/liblzma/delta -I../../src/liblzma/simple -I../../src/common -DTUKLIB_SYMBOL_PREFIX=lzma_ -I/home/VuAirOS/buildroot-2021.05/output/host/include -pthread -fvisibility=hidden -Wall -Wextra -Wvla -Wformat=2 -Winit-self -Wmissing-include-dirs -Wstrict-aliasing -Wfloat-equal -Wundef -Wshadow -Wpointer-arith -Wbad-function-cast -Wwrite-strings -Wlogical-op -Waggregate-return -Wstrict-prototypes -Wold-style-definition -Wmissing-prototypes -Wmissing-declarations -Wmissing-noreturn -Wredundant-decls -O2 -I/home/VuAirOS/buildroot-2021.05/output/host/include -c -o liblzma_la-delta_decoder.lo `test -f 'delta/delta_decoder.c' || echo './'`delta/delta_decoder.c
2025-12-13T21:30:15 /bin/bash ../../libtool  --tag=CC   --mode=compile /usr/bin/gcc -DHAVE_CONFIG_H -I. -I../..  -I../../src/liblzma/api -I../../src/liblzma/common -I../../src/liblzma/check -I../../src/liblzma/lz -I../../src/liblzma/rangecoder -I../../src/liblzma/lzma -I../../src/liblzma/delta -I../../src/liblzma/simple -I../../src/common -DTUKLIB_SYMBOL_PREFIX=lzma_ -I/home/VuAirOS/buildroot-2021.05/output/host/include -pthread -fvisibility=hidden -Wall -Wextra -Wvla -Wformat=2 -Winit-self -Wmissing-include-dirs -Wstrict-aliasing -Wfloat-equal -Wundef -Wshadow -Wpointer-arith -Wbad-function-cast -Wwrite-strings -Wlogical-op -Waggregate-return -Wstrict-prototypes -Wold-style-definition -Wmissing-prototypes -Wmissing-declarations -Wmissing-noreturn -Wredundant-decls -O2 -I/home/VuAirOS/buildroot-2021.05/output/host/include -c -o liblzma_la-simple_coder.lo `test -f 'simple/simple_coder.c' || echo './'`simple/simple_coder.c
2025-12-13T21:30:15 /bin/bash ../../libtool  --tag=CC   --mode=compile /usr/bin/gcc -DHAVE_CONFIG_H -I. -I../..  -I../../src/liblzma/api -I../../src/liblzma/common -I../../src/liblzma/check -I../../src/liblzma/lz -I../../src/liblzma/rangecoder -I../../src/liblzma/lzma -I../../src/liblzma/delta -I../../src/liblzma/simple -I../../src/common -DTUKLIB_SYMBOL_PREFIX=lzma_ -I/home/VuAirOS/buildroot-2021.05/output/host/include -pthread -fvisibility=hidden -Wall -Wextra -Wvla -Wformat=2 -Winit-self -Wmissing-include-dirs -Wstrict-aliasing -Wfloat-equal -Wundef -Wshadow -Wpointer-arith -Wbad-function-cast -Wwrite-strings -Wlogical-op -Waggregate-return -Wstrict-prototypes -Wold-style-definition -Wmissing-prototypes -Wmissing-declarations -Wmissing-noreturn -Wredundant-decls -O2 -I/home/VuAirOS/buildroot-2021.05/output/host/include -c -o liblzma_la-simple_encoder.lo `test -f 'simple/simple_encoder.c' || echo './'`simple/simple_encoder.c
2025-12-13T21:30:15 libtool: compile:  /usr/bin/gcc -DHAVE_CONFIG_H -I. -I../.. -I../../src/liblzma/api -I../../src/liblzma/common -I../../src/liblzma/check -I../../src/liblzma/lz -I../../src/liblzma/rangecoder -I../../src/liblzma/lzma -I../../src/liblzma/delta -I../../src/liblzma/simple -I../../src/common -DTUKLIB_SYMBOL_PREFIX=lzma_ -I/home/VuAirOS/buildroot-2021.05/output/host/include -pthread -fvisibility=hidden -Wall -Wextra -Wvla -Wformat=2 -Winit-self -Wmissing-include-dirs -Wstrict-aliasing -Wfloat-equal -Wundef -Wshadow -Wpointer-arith -Wbad-function-cast -Wwrite-strings -Wlogical-op -Waggregate-return -Wstrict-prototypes -Wold-style-definition -Wmissing-prototypes -Wmissing-declarations -Wmissing-noreturn -Wredundant-decls -O2 -I/home/VuAirOS/buildroot-2021.05/output/host/include -c delta/delta_encoder.c  -fPIC -DPIC -o .libs/liblzma_la-delta_encoder.o
2025-12-13T21:30:15 libtool: compile:  /usr/bin/gcc -DHAVE_CONFIG_H -I. -I../.. -I../../src/liblzma/api -I../../src/liblzma/common -I../../src/liblzma/check -I../../src/liblzma/lz -I../../src/liblzma/rangecoder -I../../src/liblzma/lzma -I../../src/liblzma/delta -I../../src/liblzma/simple -I../../src/common -DTUKLIB_SYMBOL_PREFIX=lzma_ -I/home/VuAirOS/buildroot-2021.05/output/host/include -pthread -fvisibility=hidden -Wall -Wextra -Wvla -Wformat=2 -Winit-self -Wmissing-include-dirs -Wstrict-aliasing -Wfloat-equal -Wundef -Wshadow -Wpointer-arith -Wbad-function-cast -Wwrite-strings -Wlogical-op -Waggregate-return -Wstrict-prototypes -Wold-style-definition -Wmissing-prototypes -Wmissing-declarations -Wmissing-noreturn -Wredundant-decls -O2 -I/home/VuAirOS/buildroot-2021.05/output/host/include -c rangecoder/price_table.c  -fPIC -DPIC -o .libs/liblzma_la-price_table.o
2025-12-13T21:30:15 /bin/bash ../../libtool  --tag=CC   --mode=compile /usr/bin/gcc -DHAVE_CONFIG_H -I. -I../..  -I../../src/liblzma/api -I../../src/liblzma/common -I../../src/liblzma/check -I../../src/liblzma/lz -I../../src/liblzma/rangecoder -I../../src/liblzma/lzma -I../../src/liblzma/delta -I../../src/liblzma/simple -I../../src/common -DTUKLIB_SYMBOL_PREFIX=lzma_ -I/home/VuAirOS/buildroot-2021.05/output/host/include -pthread -fvisibility=hidden -Wall -Wextra -Wvla -Wformat=2 -Winit-self -Wmissing-include-dirs -Wstrict-aliasing -Wfloat-equal -Wundef -Wshadow -Wpointer-arith -Wbad-function-cast -Wwrite-strings -Wlogical-op -Waggregate-return -Wstrict-prototypes -Wold-style-definition -Wmissing-prototypes -Wmissing-declarations -Wmissing-noreturn -Wredundant-decls -O2 -I/home/VuAirOS/buildroot-2021.05/output/host/include -c -o liblzma_la-simple_decoder.lo `test -f 'simple/simple_decoder.c' || echo './'`simple/simple_decoder.c
2025-12-13T21:30:15 /bin/bash ../../libtool  --tag=CC   --mode=compile /usr/bin/gcc -DHAVE_CONFIG_H -I. -I../..  -I../../src/liblzma/api -I../../src/liblzma/common -I../../src/liblzma/check -I../../src/liblzma/lz -I../../src/liblzma/rangecoder -I../../src/liblzma/lzma -I../../src/liblzma/delta -I../../src/liblzma/simple -I../../src/common -DTUKLIB_SYMBOL_PREFIX=lzma_ -I/home/VuAirOS/buildroot-2021.05/output/host/include -pthread -fvisibility=hidden -Wall -Wextra -Wvla -Wformat=2 -Winit-self -Wmissing-include-dirs -Wstrict-aliasing -Wfloat-equal -Wundef -Wshadow -Wpointer-arith -Wbad-function-cast -Wwrite-strings -Wlogical-op -Waggregate-return -Wstrict-prototypes -Wold-style-definition -Wmissing-prototypes -Wmissing-declarations -Wmissing-noreturn -Wredundant-decls -O2 -I/home/VuAirOS/buildroot-2021.05/output/host/include -c -o liblzma_la-x86.lo `test -f 'simple/x86.c' || echo './'`simple/x86.c
2025-12-13T21:30:15 /bin/bash ../../libtool  --tag=CC   --mode=compile /usr/bin/gcc -DHAVE_CONFIG_H -I. -I../..  -I../../src/liblzma/api -I../../src/liblzma/common -I../../src/liblzma/check -I../../src/liblzma/lz -I../../src/liblzma/rangecoder -I../../src/liblzma/lzma -I../../src/liblzma/delta -I../../src/liblzma/simple -I../../src/common -DTUKLIB_SYMBOL_PREFIX=lzma_ -I/home/VuAirOS/buildroot-2021.05/output/host/include -pthread -fvisibility=hidden -Wall -Wextra -Wvla -Wformat=2 -Winit-self -Wmissing-include-dirs -Wstrict-aliasing -Wfloat-equal -Wundef -Wshadow -Wpointer-arith -Wbad-function-cast -Wwrite-strings -Wlogical-op -Waggregate-return -Wstrict-prototypes -Wold-style-definition -Wmissing-prototypes -Wmissing-declarations -Wmissing-noreturn -Wredundant-decls -O2 -I/home/VuAirOS/buildroot-2021.05/output/host/include -c -o liblzma_la-powerpc.lo `test -f 'simple/powerpc.c' || echo './'`simple/powerpc.c
2025-12-13T21:30:15 libtool: compile:  /usr/bin/gcc -DHAVE_CONFIG_H -I. -I../.. -I../../src/liblzma/api -I../../src/liblzma/common -I../../src/liblzma/check -I../../src/liblzma/lz -I../../src/liblzma/rangecoder -I../../src/liblzma/lzma -I../../src/liblzma/delta -I../../src/liblzma/simple -I../../src/common -DTUKLIB_SYMBOL_PREFIX=lzma_ -I/home/VuAirOS/buildroot-2021.05/output/host/include -pthread -fvisibility=hidden -Wall -Wextra -Wvla -Wformat=2 -Winit-self -Wmissing-include-dirs -Wstrict-aliasing -Wfloat-equal -Wundef -Wshadow -Wpointer-arith -Wbad-function-cast -Wwrite-strings -Wlogical-op -Waggregate-return -Wstrict-prototypes -Wold-style-definition -Wmissing-prototypes -Wmissing-declarations -Wmissing-noreturn -Wredundant-decls -O2 -I/home/VuAirOS/buildroot-2021.05/output/host/include -c simple/simple_coder.c  -fPIC -DPIC -o .libs/liblzma_la-simple_coder.o
2025-12-13T21:30:16 libtool: compile:  /usr/bin/gcc -DHAVE_CONFIG_H -I. -I../.. -I../../src/liblzma/api -I../../src/liblzma/common -I../../src/liblzma/check -I../../src/liblzma/lz -I../../src/liblzma/rangecoder -I../../src/liblzma/lzma -I../../src/liblzma/delta -I../../src/liblzma/simple -I../../src/common -DTUKLIB_SYMBOL_PREFIX=lzma_ -I/home/VuAirOS/buildroot-2021.05/output/host/include -pthread -fvisibility=hidden -Wall -Wextra -Wvla -Wformat=2 -Winit-self -Wmissing-include-dirs -Wstrict-aliasing -Wfloat-equal -Wundef -Wshadow -Wpointer-arith -Wbad-function-cast -Wwrite-strings -Wlogical-op -Waggregate-return -Wstrict-prototypes -Wold-style-definition -Wmissing-prototypes -Wmissing-declarations -Wmissing-noreturn -Wredundant-decls -O2 -I/home/VuAirOS/buildroot-2021.05/output/host/include -c delta/delta_common.c  -fPIC -DPIC -o .libs/liblzma_la-delta_common.o
2025-12-13T21:30:16 /bin/bash ../../libtool  --tag=CC   --mode=compile /usr/bin/gcc -DHAVE_CONFIG_H -I. -I../..  -I../../src/liblzma/api -I../../src/liblzma/common -I../../src/liblzma/check -I../../src/liblzma/lz -I../../src/liblzma/rangecoder -I../../src/liblzma/lzma -I../../src/liblzma/delta -I../../src/liblzma/simple -I../../src/common -DTUKLIB_SYMBOL_PREFIX=lzma_ -I/home/VuAirOS/buildroot-2021.05/output/host/include -pthread -fvisibility=hidden -Wall -Wextra -Wvla -Wformat=2 -Winit-self -Wmissing-include-dirs -Wstrict-aliasing -Wfloat-equal -Wundef -Wshadow -Wpointer-arith -Wbad-function-cast -Wwrite-strings -Wlogical-op -Waggregate-return -Wstrict-prototypes -Wold-style-definition -Wmissing-prototypes -Wmissing-declarations -Wmissing-noreturn -Wredundant-decls -O2 -I/home/VuAirOS/buildroot-2021.05/output/host/include -c -o liblzma_la-ia64.lo `test -f 'simple/ia64.c' || echo './'`simple/ia64.c
2025-12-13T21:30:16 libtool: compile:  /usr/bin/gcc -DHAVE_CONFIG_H -I. -I../.. -I../../src/liblzma/api -I../../src/liblzma/common -I../../src/liblzma/check -I../../src/liblzma/lz -I../../src/liblzma/rangecoder -I../../src/liblzma/lzma -I../../src/liblzma/delta -I../../src/liblzma/simple -I../../src/common -DTUKLIB_SYMBOL_PREFIX=lzma_ -I/home/VuAirOS/buildroot-2021.05/output/host/include -pthread -fvisibility=hidden -Wall -Wextra -Wvla -Wformat=2 -Winit-self -Wmissing-include-dirs -Wstrict-aliasing -Wfloat-equal -Wundef -Wshadow -Wpointer-arith -Wbad-function-cast -Wwrite-strings -Wlogical-op -Waggregate-return -Wstrict-prototypes -Wold-style-definition -Wmissing-prototypes -Wmissing-declarations -Wmissing-noreturn -Wredundant-decls -O2 -I/home/VuAirOS/buildroot-2021.05/output/host/include -c delta/delta_decoder.c  -fPIC -DPIC -o .libs/liblzma_la-delta_decoder.o
2025-12-13T21:30:16 /bin/bash ../../libtool  --tag=CC   --mode=compile /usr/bin/gcc -DHAVE_CONFIG_H -I. -I../..  -I../../src/liblzma/api -I../../src/liblzma/common -I../../src/liblzma/check -I../../src/liblzma/lz -I../../src/liblzma/rangecoder -I../../src/liblzma/lzma -I../../src/liblzma/delta -I../../src/liblzma/simple -I../../src/common -DTUKLIB_SYMBOL_PREFIX=lzma_ -I/home/VuAirOS/buildroot-2021.05/output/host/include -pthread -fvisibility=hidden -Wall -Wextra -Wvla -Wformat=2 -Winit-self -Wmissing-include-dirs -Wstrict-aliasing -Wfloat-equal -Wundef -Wshadow -Wpointer-arith -Wbad-function-cast -Wwrite-strings -Wlogical-op -Waggregate-return -Wstrict-prototypes -Wold-style-definition -Wmissing-prototypes -Wmissing-declarations -Wmissing-noreturn -Wredundant-decls -O2 -I/home/VuAirOS/buildroot-2021.05/output/host/include -c -o liblzma_la-arm.lo `test -f 'simple/arm.c' || echo './'`simple/arm.c
2025-12-13T21:30:16 libtool: compile:  /usr/bin/gcc -DHAVE_CONFIG_H -I. -I../.. -I../../src/liblzma/api -I../../src/liblzma/common -I../../src/liblzma/check -I../../src/liblzma/lz -I../../src/liblzma/rangecoder -I../../src/liblzma/lzma -I../../src/liblzma/delta -I../../src/liblzma/simple -I../../src/common -DTUKLIB_SYMBOL_PREFIX=lzma_ -I/home/VuAirOS/buildroot-2021.05/output/host/include -pthread -fvisibility=hidden -Wall -Wextra -Wvla -Wformat=2 -Winit-self -Wmissing-include-dirs -Wstrict-aliasing -Wfloat-equal -Wundef -Wshadow -Wpointer-arith -Wbad-function-cast -Wwrite-strings -Wlogical-op -Waggregate-return -Wstrict-prototypes -Wold-style-definition -Wmissing-prototypes -Wmissing-declarations -Wmissing-noreturn -Wredundant-decls -O2 -I/home/VuAirOS/buildroot-2021.05/output/host/include -c simple/simple_encoder.c  -fPIC -DPIC -o .libs/liblzma_la-simple_encoder.o
2025-12-13T21:30:16 libtool: compile:  /usr/bin/gcc -DHAVE_CONFIG_H -I. -I../.. -I../../src/liblzma/api -I../../src/liblzma/common -I../../src/liblzma/check -I../../src/liblzma/lz -I../../src/liblzma/rangecoder -I../../src/liblzma/lzma -I../../src/liblzma/delta -I../../src/liblzma/simple -I../../src/common -DTUKLIB_SYMBOL_PREFIX=lzma_ -I/home/VuAirOS/buildroot-2021.05/output/host/include -pthread -fvisibility=hidden -Wall -Wextra -Wvla -Wformat=2 -Winit-self -Wmissing-include-dirs -Wstrict-aliasing -Wfloat-equal -Wundef -Wshadow -Wpointer-arith -Wbad-function-cast -Wwrite-strings -Wlogical-op -Waggregate-return -Wstrict-prototypes -Wold-style-definition -Wmissing-prototypes -Wmissing-declarations -Wmissing-noreturn -Wredundant-decls -O2 -I/home/VuAirOS/buildroot-2021.05/output/host/include -c simple/x86.c  -fPIC -DPIC -o .libs/liblzma_la-x86.o
2025-12-13T21:30:16 /bin/bash ../../libtool  --tag=CC   --mode=compile /usr/bin/gcc -DHAVE_CONFIG_H -I. -I../..  -I../../src/liblzma/api -I../../src/liblzma/common -I../../src/liblzma/check -I../../src/liblzma/lz -I../../src/liblzma/rangecoder -I../../src/liblzma/lzma -I../../src/liblzma/delta -I../../src/liblzma/simple -I../../src/common -DTUKLIB_SYMBOL_PREFIX=lzma_ -I/home/VuAirOS/buildroot-2021.05/output/host/include -pthread -fvisibility=hidden -Wall -Wextra -Wvla -Wformat=2 -Winit-self -Wmissing-include-dirs -Wstrict-aliasing -Wfloat-equal -Wundef -Wshadow -Wpointer-arith -Wbad-function-cast -Wwrite-strings -Wlogical-op -Waggregate-return -Wstrict-prototypes -Wold-style-definition -Wmissing-prototypes -Wmissing-declarations -Wmissing-noreturn -Wredundant-decls -O2 -I/home/VuAirOS/buildroot-2021.05/output/host/include -c -o liblzma_la-armthumb.lo `test -f 'simple/armthumb.c' || echo './'`simple/armthumb.c
2025-12-13T21:30:16 /bin/bash ../../libtool  --tag=CC   --mode=compile /usr/bin/gcc -DHAVE_CONFIG_H -I. -I../..  -I../../src/liblzma/api -I../../src/liblzma/common -I../../src/liblzma/check -I../../src/liblzma/lz -I../../src/liblzma/rangecoder -I../../src/liblzma/lzma -I../../src/liblzma/delta -I../../src/liblzma/simple -I../../src/common -DTUKLIB_SYMBOL_PREFIX=lzma_ -I/home/VuAirOS/buildroot-2021.05/output/host/include -pthread -fvisibility=hidden -Wall -Wextra -Wvla -Wformat=2 -Winit-self -Wmissing-include-dirs -Wstrict-aliasing -Wfloat-equal -Wundef -Wshadow -Wpointer-arith -Wbad-function-cast -Wwrite-strings -Wlogical-op -Waggregate-return -Wstrict-prototypes -Wold-style-definition -Wmissing-prototypes -Wmissing-declarations -Wmissing-noreturn -Wredundant-decls -O2 -I/home/VuAirOS/buildroot-2021.05/output/host/include -c -o liblzma_la-sparc.lo `test -f 'simple/sparc.c' || echo './'`simple/sparc.c
2025-12-13T21:30:16 libtool: compile:  /usr/bin/gcc -DHAVE_CONFIG_H -I. -I../.. -I../../src/liblzma/api -I../../src/liblzma/common -I../../src/liblzma/check -I../../src/liblzma/lz -I../../src/liblzma/rangecoder -I../../src/liblzma/lzma -I../../src/liblzma/delta -I../../src/liblzma/simple -I../../src/common -DTUKLIB_SYMBOL_PREFIX=lzma_ -I/home/VuAirOS/buildroot-2021.05/output/host/include -pthread -fvisibility=hidden -Wall -Wextra -Wvla -Wformat=2 -Winit-self -Wmissing-include-dirs -Wstrict-aliasing -Wfloat-equal -Wundef -Wshadow -Wpointer-arith -Wbad-function-cast -Wwrite-strings -Wlogical-op -Waggregate-return -Wstrict-prototypes -Wold-style-definition -Wmissing-prototypes -Wmissing-declarations -Wmissing-noreturn -Wredundant-decls -O2 -I/home/VuAirOS/buildroot-2021.05/output/host/include -c simple/simple_decoder.c  -fPIC -DPIC -o .libs/liblzma_la-simple_decoder.o
2025-12-13T21:30:16 rm -f liblzma.pc
2025-12-13T21:30:16 sed 	-e 's,@prefix[@],/home/VuAirOS/buildroot-2021.05/output/host,g' 	-e 's,@exec_prefix[@],/home/VuAirOS/buildroot-2021.05/output/host,g' 	-e 's,@libdir[@],/home/VuAirOS/buildroot-2021.05/output/host/lib,g' 	-e 's,@includedir[@],/home/VuAirOS/buildroot-2021.05/output/host/include,g' 	-e 's,@PACKAGE_URL[@],https://tukaani.org/xz/,g' 	-e 's,@PACKAGE_VERSION[@],5.2.5,g' 	-e 's,@PTHREAD_CFLAGS[@],-pthread,g' 	-e 's,@LIBS[@],-lpthread,g' 	< ./liblzma.pc.in > liblzma.pc || { rm -f liblzma.pc; exit 1; }
2025-12-13T21:30:16 libtool: compile:  /usr/bin/gcc -DHAVE_CONFIG_H -I. -I../.. -I../../src/liblzma/api -I../../src/liblzma/common -I../../src/liblzma/check -I../../src/liblzma/lz -I../../src/liblzma/rangecoder -I../../src/liblzma/lzma -I../../src/liblzma/delta -I../../src/liblzma/simple -I../../src/common -DTUKLIB_SYMBOL_PREFIX=lzma_ -I/home/VuAirOS/buildroot-2021.05/output/host/include -pthread -fvisibility=hidden -Wall -Wextra -Wvla -Wformat=2 -Winit-self -Wmissing-include-dirs -Wstrict-aliasing -Wfloat-equal -Wundef -Wshadow -Wpointer-arith -Wbad-function-cast -Wwrite-strings -Wlogical-op -Waggregate-return -Wstrict-prototypes -Wold-style-definition -Wmissing-prototypes -Wmissing-declarations -Wmissing-noreturn -Wredundant-decls -O2 -I/home/VuAirOS/buildroot-2021.05/output/host/include -c simple/arm.c  -fPIC -DPIC -o .libs/liblzma_la-arm.o
2025-12-13T21:30:16 libtool: compile:  /usr/bin/gcc -DHAVE_CONFIG_H -I. -I../.. -I../../src/liblzma/api -I../../src/liblzma/common -I../../src/liblzma/check -I../../src/liblzma/lz -I../../src/liblzma/rangecoder -I../../src/liblzma/lzma -I../../src/liblzma/delta -I../../src/liblzma/simple -I../../src/common -DTUKLIB_SYMBOL_PREFIX=lzma_ -I/home/VuAirOS/buildroot-2021.05/output/host/include -pthread -fvisibility=hidden -Wall -Wextra -Wvla -Wformat=2 -Winit-self -Wmissing-include-dirs -Wstrict-aliasing -Wfloat-equal -Wundef -Wshadow -Wpointer-arith -Wbad-function-cast -Wwrite-strings -Wlogical-op -Waggregate-return -Wstrict-prototypes -Wold-style-definition -Wmissing-prototypes -Wmissing-declarations -Wmissing-noreturn -Wredundant-decls -O2 -I/home/VuAirOS/buildroot-2021.05/output/host/include -c simple/ia64.c  -fPIC -DPIC -o .libs/liblzma_la-ia64.o
2025-12-13T21:30:16 libtool: compile:  /usr/bin/gcc -DHAVE_CONFIG_H -I. -I../.. -I../../src/liblzma/api -I../../src/liblzma/common -I../../src/liblzma/check -I../../src/liblzma/lz -I../../src/liblzma/rangecoder -I../../src/liblzma/lzma -I../../src/liblzma/delta -I../../src/liblzma/simple -I../../src/common -DTUKLIB_SYMBOL_PREFIX=lzma_ -I/home/VuAirOS/buildroot-2021.05/output/host/include -pthread -fvisibility=hidden -Wall -Wextra -Wvla -Wformat=2 -Winit-self -Wmissing-include-dirs -Wstrict-aliasing -Wfloat-equal -Wundef -Wshadow -Wpointer-arith -Wbad-function-cast -Wwrite-strings -Wlogical-op -Waggregate-return -Wstrict-prototypes -Wold-style-definition -Wmissing-prototypes -Wmissing-declarations -Wmissing-noreturn -Wredundant-decls -O2 -I/home/VuAirOS/buildroot-2021.05/output/host/include -c simple/powerpc.c  -fPIC -DPIC -o .libs/liblzma_la-powerpc.o
2025-12-13T21:30:16 libtool: compile:  /usr/bin/gcc -DHAVE_CONFIG_H -I. -I../.. -I../../src/liblzma/api -I../../src/liblzma/common -I../../src/liblzma/check -I../../src/liblzma/lz -I../../src/liblzma/rangecoder -I../../src/liblzma/lzma -I../../src/liblzma/delta -I../../src/liblzma/simple -I../../src/common -DTUKLIB_SYMBOL_PREFIX=lzma_ -I/home/VuAirOS/buildroot-2021.05/output/host/include -pthread -fvisibility=hidden -Wall -Wextra -Wvla -Wformat=2 -Winit-self -Wmissing-include-dirs -Wstrict-aliasing -Wfloat-equal -Wundef -Wshadow -Wpointer-arith -Wbad-function-cast -Wwrite-strings -Wlogical-op -Waggregate-return -Wstrict-prototypes -Wold-style-definition -Wmissing-prototypes -Wmissing-declarations -Wmissing-noreturn -Wredundant-decls -O2 -I/home/VuAirOS/buildroot-2021.05/output/host/include -c simple/armthumb.c  -fPIC -DPIC -o .libs/liblzma_la-armthumb.o
2025-12-13T21:30:16 libtool: compile:  /usr/bin/gcc -DHAVE_CONFIG_H -I. -I../.. -I../../src/liblzma/api -I../../src/liblzma/common -I../../src/liblzma/check -I../../src/liblzma/lz -I../../src/liblzma/rangecoder -I../../src/liblzma/lzma -I../../src/liblzma/delta -I../../src/liblzma/simple -I../../src/common -DTUKLIB_SYMBOL_PREFIX=lzma_ -I/home/VuAirOS/buildroot-2021.05/output/host/include -pthread -fvisibility=hidden -Wall -Wextra -Wvla -Wformat=2 -Winit-self -Wmissing-include-dirs -Wstrict-aliasing -Wfloat-equal -Wundef -Wshadow -Wpointer-arith -Wbad-function-cast -Wwrite-strings -Wlogical-op -Waggregate-return -Wstrict-prototypes -Wold-style-definition -Wmissing-prototypes -Wmissing-declarations -Wmissing-noreturn -Wredundant-decls -O2 -I/home/VuAirOS/buildroot-2021.05/output/host/include -c simple/sparc.c  -fPIC -DPIC -o .libs/liblzma_la-sparc.o
2025-12-13T21:30:16 /bin/bash ../../libtool  --tag=CC   --mode=link /usr/bin/gcc -pthread -fvisibility=hidden -Wall -Wextra -Wvla -Wformat=2 -Winit-self -Wmissing-include-dirs -Wstrict-aliasing -Wfloat-equal -Wundef -Wshadow -Wpointer-arith -Wbad-function-cast -Wwrite-strings -Wlogical-op -Waggregate-return -Wstrict-prototypes -Wold-style-definition -Wmissing-prototypes -Wmissing-declarations -Wmissing-noreturn -Wredundant-decls -O2 -I/home/VuAirOS/buildroot-2021.05/output/host/include -no-undefined -version-info 7:5:2 -Wl,--version-script=../../src/liblzma/liblzma.map  -L/home/VuAirOS/buildroot-2021.05/output/host/lib -Wl,-rpath,/home/VuAirOS/buildroot-2021.05/output/host/lib -o liblzma.la -rpath /home/VuAirOS/buildroot-2021.05/output/host/lib liblzma_la-tuklib_physmem.lo liblzma_la-tuklib_cpucores.lo liblzma_la-common.lo liblzma_la-block_util.lo liblzma_la-easy_preset.lo liblzma_la-filter_common.lo liblzma_la-hardware_physmem.lo liblzma_la-index.lo liblzma_la-stream_flags_common.lo liblzma_la-vli_size.lo liblzma_la-hardware_cputhreads.lo liblzma_la-alone_encoder.lo liblzma_la-block_buffer_encoder.lo liblzma_la-block_encoder.lo liblzma_la-block_header_encoder.lo liblzma_la-easy_buffer_encoder.lo liblzma_la-easy_encoder.lo liblzma_la-easy_encoder_memusage.lo liblzma_la-filter_buffer_encoder.lo liblzma_la-filter_encoder.lo liblzma_la-filter_flags_encoder.lo liblzma_la-index_encoder.lo liblzma_la-stream_buffer_encoder.lo liblzma_la-stream_encoder.lo liblzma_la-stream_flags_encoder.lo liblzma_la-vli_encoder.lo liblzma_la-outqueue.lo liblzma_la-stream_encoder_mt.lo liblzma_la-alone_decoder.lo liblzma_la-auto_decoder.lo liblzma_la-block_buffer_decoder.lo liblzma_la-block_decoder.lo liblzma_la-block_header_decoder.lo liblzma_la-easy_decoder_memusage.lo liblzma_la-filter_buffer_decoder.lo liblzma_la-filter_decoder.lo liblzma_la-filter_flags_decoder.lo liblzma_la-index_decoder.lo liblzma_la-index_hash.lo liblzma_la-stream_buffer_decoder.lo liblzma_la-stream_decoder.lo liblzma_la-stream_flags_decoder.lo liblzma_la-vli_decoder.lo liblzma_la-check.lo  liblzma_la-crc32_table.lo  liblzma_la-crc32_fast.lo  liblzma_la-crc64_table.lo  liblzma_la-crc64_fast.lo liblzma_la-sha256.lo liblzma_la-lz_encoder.lo liblzma_la-lz_encoder_mf.lo liblzma_la-lz_decoder.lo liblzma_la-lzma_encoder_presets.lo liblzma_la-lzma_encoder.lo liblzma_la-lzma_encoder_optimum_fast.lo liblzma_la-lzma_encoder_optimum_normal.lo liblzma_la-fastpos_table.lo liblzma_la-lzma_decoder.lo liblzma_la-lzma2_encoder.lo liblzma_la-lzma2_decoder.lo  liblzma_la-price_table.lo  liblzma_la-delta_common.lo liblzma_la-delta_encoder.lo liblzma_la-delta_decoder.lo liblzma_la-simple_coder.lo liblzma_la-simple_encoder.lo liblzma_la-simple_decoder.lo liblzma_la-x86.lo liblzma_la-powerpc.lo liblzma_la-ia64.lo liblzma_la-arm.lo liblzma_la-armthumb.lo liblzma_la-sparc.lo   -lpthread
2025-12-13T21:30:16 libtool: link: /usr/bin/gcc -shared  -fPIC -DPIC  .libs/liblzma_la-tuklib_physmem.o .libs/liblzma_la-tuklib_cpucores.o .libs/liblzma_la-common.o .libs/liblzma_la-block_util.o .libs/liblzma_la-easy_preset.o .libs/liblzma_la-filter_common.o .libs/liblzma_la-hardware_physmem.o .libs/liblzma_la-index.o .libs/liblzma_la-stream_flags_common.o .libs/liblzma_la-vli_size.o .libs/liblzma_la-hardware_cputhreads.o .libs/liblzma_la-alone_encoder.o .libs/liblzma_la-block_buffer_encoder.o .libs/liblzma_la-block_encoder.o .libs/liblzma_la-block_header_encoder.o .libs/liblzma_la-easy_buffer_encoder.o .libs/liblzma_la-easy_encoder.o .libs/liblzma_la-easy_encoder_memusage.o .libs/liblzma_la-filter_buffer_encoder.o .libs/liblzma_la-filter_encoder.o .libs/liblzma_la-filter_flags_encoder.o .libs/liblzma_la-index_encoder.o .libs/liblzma_la-stream_buffer_encoder.o .libs/liblzma_la-stream_encoder.o .libs/liblzma_la-stream_flags_encoder.o .libs/liblzma_la-vli_encoder.o .libs/liblzma_la-outqueue.o .libs/liblzma_la-stream_encoder_mt.o .libs/liblzma_la-alone_decoder.o .libs/liblzma_la-auto_decoder.o .libs/liblzma_la-block_buffer_decoder.o .libs/liblzma_la-block_decoder.o .libs/liblzma_la-block_header_decoder.o .libs/liblzma_la-easy_decoder_memusage.o .libs/liblzma_la-filter_buffer_decoder.o .libs/liblzma_la-filter_decoder.o .libs/liblzma_la-filter_flags_decoder.o .libs/liblzma_la-index_decoder.o .libs/liblzma_la-index_hash.o .libs/liblzma_la-stream_buffer_decoder.o .libs/liblzma_la-stream_decoder.o .libs/liblzma_la-stream_flags_decoder.o .libs/liblzma_la-vli_decoder.o .libs/liblzma_la-check.o .libs/liblzma_la-crc32_table.o .libs/liblzma_la-crc32_fast.o .libs/liblzma_la-crc64_table.o .libs/liblzma_la-crc64_fast.o .libs/liblzma_la-sha256.o .libs/liblzma_la-lz_encoder.o .libs/liblzma_la-lz_encoder_mf.o .libs/liblzma_la-lz_decoder.o .libs/liblzma_la-lzma_encoder_presets.o .libs/liblzma_la-lzma_encoder.o .libs/liblzma_la-lzma_encoder_optimum_fast.o .libs/liblzma_la-lzma_encoder_optimum_normal.o .libs/liblzma_la-fastpos_table.o .libs/liblzma_la-lzma_decoder.o .libs/liblzma_la-lzma2_encoder.o .libs/liblzma_la-lzma2_decoder.o .libs/liblzma_la-price_table.o .libs/liblzma_la-delta_common.o .libs/liblzma_la-delta_encoder.o .libs/liblzma_la-delta_decoder.o .libs/liblzma_la-simple_coder.o .libs/liblzma_la-simple_encoder.o .libs/liblzma_la-simple_decoder.o .libs/liblzma_la-x86.o .libs/liblzma_la-powerpc.o .libs/liblzma_la-ia64.o .libs/liblzma_la-arm.o .libs/liblzma_la-armthumb.o .libs/liblzma_la-sparc.o   -L/home/VuAirOS/buildroot-2021.05/output/host/lib -lpthread  -pthread -O2 -Wl,--version-script=../../src/liblzma/liblzma.map -Wl,-rpath -Wl,/home/VuAirOS/buildroot-2021.05/output/host/lib   -pthread -Wl,-soname -Wl,liblzma.so.5 -o .libs/liblzma.so.5.2.5
2025-12-13T21:30:16 libtool: link: (cd ".libs" && rm -f "liblzma.so.5" && ln -s "liblzma.so.5.2.5" "liblzma.so.5")
2025-12-13T21:30:16 libtool: link: (cd ".libs" && rm -f "liblzma.so" && ln -s "liblzma.so.5.2.5" "liblzma.so")
2025-12-13T21:30:16 libtool: link: ( cd ".libs" && rm -f "liblzma.la" && ln -s "../liblzma.la" "liblzma.la" )
2025-12-13T21:30:16 make[5]: Leaving directory '/home/VuAirOS/buildroot-2021.05/output/build/host-xz-5.2.5/src/liblzma'
2025-12-13T21:30:16 make[4]: Leaving directory '/home/VuAirOS/buildroot-2021.05/output/build/host-xz-5.2.5/src/liblzma'
2025-12-13T21:30:16 Making all in xzdec
2025-12-13T21:30:16 make[4]: Entering directory '/home/VuAirOS/buildroot-2021.05/output/build/host-xz-5.2.5/src/xzdec'
2025-12-13T21:30:16 /usr/bin/gcc -DHAVE_CONFIG_H -I. -I../..  -DTUKLIB_GETTEXT=0 -I../../src/common -I../../src/liblzma/api -I../../lib -I/home/VuAirOS/buildroot-2021.05/output/host/include -pthread -fvisibility=hidden -Wall -Wextra -Wvla -Wformat=2 -Winit-self -Wmissing-include-dirs -Wstrict-aliasing -Wfloat-equal -Wundef -Wshadow -Wpointer-arith -Wbad-function-cast -Wwrite-strings -Wlogical-op -Waggregate-return -Wstrict-prototypes -Wold-style-definition -Wmissing-prototypes -Wmissing-declarations -Wmissing-noreturn -Wredundant-decls -O2 -I/home/VuAirOS/buildroot-2021.05/output/host/include -c -o xzdec-xzdec.o `test -f 'xzdec.c' || echo './'`xzdec.c
2025-12-13T21:30:16 /usr/bin/gcc -DHAVE_CONFIG_H -I. -I../..  -DTUKLIB_GETTEXT=0 -I../../src/common -I../../src/liblzma/api -I../../lib -I/home/VuAirOS/buildroot-2021.05/output/host/include -pthread -fvisibility=hidden -Wall -Wextra -Wvla -Wformat=2 -Winit-self -Wmissing-include-dirs -Wstrict-aliasing -Wfloat-equal -Wundef -Wshadow -Wpointer-arith -Wbad-function-cast -Wwrite-strings -Wlogical-op -Waggregate-return -Wstrict-prototypes -Wold-style-definition -Wmissing-prototypes -Wmissing-declarations -Wmissing-noreturn -Wredundant-decls -O2 -I/home/VuAirOS/buildroot-2021.05/output/host/include -c -o xzdec-tuklib_progname.o `test -f '../common/tuklib_progname.c' || echo './'`../common/tuklib_progname.c
2025-12-13T21:30:16 /usr/bin/gcc -DHAVE_CONFIG_H -I. -I../..  -DTUKLIB_GETTEXT=0 -I../../src/common -I../../src/liblzma/api -I../../lib -I/home/VuAirOS/buildroot-2021.05/output/host/include -pthread -fvisibility=hidden -Wall -Wextra -Wvla -Wformat=2 -Winit-self -Wmissing-include-dirs -Wstrict-aliasing -Wfloat-equal -Wundef -Wshadow -Wpointer-arith -Wbad-function-cast -Wwrite-strings -Wlogical-op -Waggregate-return -Wstrict-prototypes -Wold-style-definition -Wmissing-prototypes -Wmissing-declarations -Wmissing-noreturn -Wredundant-decls -O2 -I/home/VuAirOS/buildroot-2021.05/output/host/include -c -o xzdec-tuklib_exit.o `test -f '../common/tuklib_exit.c' || echo './'`../common/tuklib_exit.c
2025-12-13T21:30:16 /usr/bin/gcc -DHAVE_CONFIG_H -I. -I../..  -DTUKLIB_GETTEXT=0 -I../../src/common -I../../src/liblzma/api -I../../lib -DLZMADEC -I/home/VuAirOS/buildroot-2021.05/output/host/include -pthread -fvisibility=hidden -Wall -Wextra -Wvla -Wformat=2 -Winit-self -Wmissing-include-dirs -Wstrict-aliasing -Wfloat-equal -Wundef -Wshadow -Wpointer-arith -Wbad-function-cast -Wwrite-strings -Wlogical-op -Waggregate-return -Wstrict-prototypes -Wold-style-definition -Wmissing-prototypes -Wmissing-declarations -Wmissing-noreturn -Wredundant-decls -O2 -I/home/VuAirOS/buildroot-2021.05/output/host/include -c -o lzmadec-xzdec.o `test -f 'xzdec.c' || echo './'`xzdec.c
2025-12-13T21:30:16 /usr/bin/gcc -DHAVE_CONFIG_H -I. -I../..  -DTUKLIB_GETTEXT=0 -I../../src/common -I../../src/liblzma/api -I../../lib -DLZMADEC -I/home/VuAirOS/buildroot-2021.05/output/host/include -pthread -fvisibility=hidden -Wall -Wextra -Wvla -Wformat=2 -Winit-self -Wmissing-include-dirs -Wstrict-aliasing -Wfloat-equal -Wundef -Wshadow -Wpointer-arith -Wbad-function-cast -Wwrite-strings -Wlogical-op -Waggregate-return -Wstrict-prototypes -Wold-style-definition -Wmissing-prototypes -Wmissing-declarations -Wmissing-noreturn -Wredundant-decls -O2 -I/home/VuAirOS/buildroot-2021.05/output/host/include -c -o lzmadec-tuklib_progname.o `test -f '../common/tuklib_progname.c' || echo './'`../common/tuklib_progname.c
2025-12-13T21:30:16 /usr/bin/gcc -DHAVE_CONFIG_H -I. -I../..  -DTUKLIB_GETTEXT=0 -I../../src/common -I../../src/liblzma/api -I../../lib -DLZMADEC -I/home/VuAirOS/buildroot-2021.05/output/host/include -pthread -fvisibility=hidden -Wall -Wextra -Wvla -Wformat=2 -Winit-self -Wmissing-include-dirs -Wstrict-aliasing -Wfloat-equal -Wundef -Wshadow -Wpointer-arith -Wbad-function-cast -Wwrite-strings -Wlogical-op -Waggregate-return -Wstrict-prototypes -Wold-style-definition -Wmissing-prototypes -Wmissing-declarations -Wmissing-noreturn -Wredundant-decls -O2 -I/home/VuAirOS/buildroot-2021.05/output/host/include -c -o lzmadec-tuklib_exit.o `test -f '../common/tuklib_exit.c' || echo './'`../common/tuklib_exit.c
2025-12-13T21:30:16 /bin/bash ../../libtool  --tag=CC   --mode=link /usr/bin/gcc -pthread -fvisibility=hidden -Wall -Wextra -Wvla -Wformat=2 -Winit-self -Wmissing-include-dirs -Wstrict-aliasing -Wfloat-equal -Wundef -Wshadow -Wpointer-arith -Wbad-function-cast -Wwrite-strings -Wlogical-op -Waggregate-return -Wstrict-prototypes -Wold-style-definition -Wmissing-prototypes -Wmissing-declarations -Wmissing-noreturn -Wredundant-decls -O2 -I/home/VuAirOS/buildroot-2021.05/output/host/include  -L/home/VuAirOS/buildroot-2021.05/output/host/lib -Wl,-rpath,/home/VuAirOS/buildroot-2021.05/output/host/lib -o xzdec xzdec-xzdec.o xzdec-tuklib_progname.o xzdec-tuklib_exit.o  ../../src/liblzma/liblzma.la   -lpthread
2025-12-13T21:30:16 /bin/bash ../../libtool  --tag=CC   --mode=link /usr/bin/gcc -pthread -fvisibility=hidden -Wall -Wextra -Wvla -Wformat=2 -Winit-self -Wmissing-include-dirs -Wstrict-aliasing -Wfloat-equal -Wundef -Wshadow -Wpointer-arith -Wbad-function-cast -Wwrite-strings -Wlogical-op -Waggregate-return -Wstrict-prototypes -Wold-style-definition -Wmissing-prototypes -Wmissing-declarations -Wmissing-noreturn -Wredundant-decls -O2 -I/home/VuAirOS/buildroot-2021.05/output/host/include  -L/home/VuAirOS/buildroot-2021.05/output/host/lib -Wl,-rpath,/home/VuAirOS/buildroot-2021.05/output/host/lib -o lzmadec lzmadec-xzdec.o lzmadec-tuklib_progname.o lzmadec-tuklib_exit.o  ../../src/liblzma/liblzma.la   -lpthread
2025-12-13T21:30:16 libtool: link: /usr/bin/gcc -pthread -fvisibility=hidden -Wall -Wextra -Wvla -Wformat=2 -Winit-self -Wmissing-include-dirs -Wstrict-aliasing -Wfloat-equal -Wundef -Wshadow -Wpointer-arith -Wbad-function-cast -Wwrite-strings -Wlogical-op -Waggregate-return -Wstrict-prototypes -Wold-style-definition -Wmissing-prototypes -Wmissing-declarations -Wmissing-noreturn -Wredundant-decls -O2 -I/home/VuAirOS/buildroot-2021.05/output/host/include -Wl,-rpath -Wl,/home/VuAirOS/buildroot-2021.05/output/host/lib -o lzmadec lzmadec-xzdec.o lzmadec-tuklib_progname.o lzmadec-tuklib_exit.o  -L/home/VuAirOS/buildroot-2021.05/output/host/lib ../../src/liblzma/.libs/liblzma.so -lpthread -pthread -Wl,-rpath -Wl,/home/VuAirOS/buildroot-2021.05/output/build/host-xz-5.2.5/src/liblzma/.libs -Wl,-rpath -Wl,/home/VuAirOS/buildroot-2021.05/output/host/lib
2025-12-13T21:30:16 libtool: link: /usr/bin/gcc -pthread -fvisibility=hidden -Wall -Wextra -Wvla -Wformat=2 -Winit-self -Wmissing-include-dirs -Wstrict-aliasing -Wfloat-equal -Wundef -Wshadow -Wpointer-arith -Wbad-function-cast -Wwrite-strings -Wlogical-op -Waggregate-return -Wstrict-prototypes -Wold-style-definition -Wmissing-prototypes -Wmissing-declarations -Wmissing-noreturn -Wredundant-decls -O2 -I/home/VuAirOS/buildroot-2021.05/output/host/include -Wl,-rpath -Wl,/home/VuAirOS/buildroot-2021.05/output/host/lib -o xzdec xzdec-xzdec.o xzdec-tuklib_progname.o xzdec-tuklib_exit.o  -L/home/VuAirOS/buildroot-2021.05/output/host/lib ../../src/liblzma/.libs/liblzma.so -lpthread -pthread -Wl,-rpath -Wl,/home/VuAirOS/buildroot-2021.05/output/build/host-xz-5.2.5/src/liblzma/.libs -Wl,-rpath -Wl,/home/VuAirOS/buildroot-2021.05/output/host/lib
2025-12-13T21:30:16 make[4]: Leaving directory '/home/VuAirOS/buildroot-2021.05/output/build/host-xz-5.2.5/src/xzdec'
2025-12-13T21:30:16 Making all in xz
2025-12-13T21:30:16 make[4]: Entering directory '/home/VuAirOS/buildroot-2021.05/output/build/host-xz-5.2.5/src/xz'
2025-12-13T21:30:16 /usr/bin/gcc -DHAVE_CONFIG_H -I. -I../..  -DLOCALEDIR="/home/VuAirOS/buildroot-2021.05/output/host/share/locale" -I../../src/common -I../../src/liblzma/api -I../../lib -I/home/VuAirOS/buildroot-2021.05/output/host/include -pthread -fvisibility=hidden -Wall -Wextra -Wvla -Wformat=2 -Winit-self -Wmissing-include-dirs -Wstrict-aliasing -Wfloat-equal -Wundef -Wshadow -Wpointer-arith -Wbad-function-cast -Wwrite-strings -Wlogical-op -Waggregate-return -Wstrict-prototypes -Wold-style-definition -Wmissing-prototypes -Wmissing-declarations -Wmissing-noreturn -Wredundant-decls -O2 -I/home/VuAirOS/buildroot-2021.05/output/host/include -c -o xz-args.o `test -f 'args.c' || echo './'`args.c
2025-12-13T21:30:16 /usr/bin/gcc -DHAVE_CONFIG_H -I. -I../..  -DLOCALEDIR="/home/VuAirOS/buildroot-2021.05/output/host/share/locale" -I../../src/common -I../../src/liblzma/api -I../../lib -I/home/VuAirOS/buildroot-2021.05/output/host/include -pthread -fvisibility=hidden -Wall -Wextra -Wvla -Wformat=2 -Winit-self -Wmissing-include-dirs -Wstrict-aliasing -Wfloat-equal -Wundef -Wshadow -Wpointer-arith -Wbad-function-cast -Wwrite-strings -Wlogical-op -Waggregate-return -Wstrict-prototypes -Wold-style-definition -Wmissing-prototypes -Wmissing-declarations -Wmissing-noreturn -Wredundant-decls -O2 -I/home/VuAirOS/buildroot-2021.05/output/host/include -c -o xz-coder.o `test -f 'coder.c' || echo './'`coder.c
2025-12-13T21:30:16 /usr/bin/gcc -DHAVE_CONFIG_H -I. -I../..  -DLOCALEDIR="/home/VuAirOS/buildroot-2021.05/output/host/share/locale" -I../../src/common -I../../src/liblzma/api -I../../lib -I/home/VuAirOS/buildroot-2021.05/output/host/include -pthread -fvisibility=hidden -Wall -Wextra -Wvla -Wformat=2 -Winit-self -Wmissing-include-dirs -Wstrict-aliasing -Wfloat-equal -Wundef -Wshadow -Wpointer-arith -Wbad-function-cast -Wwrite-strings -Wlogical-op -Waggregate-return -Wstrict-prototypes -Wold-style-definition -Wmissing-prototypes -Wmissing-declarations -Wmissing-noreturn -Wredundant-decls -O2 -I/home/VuAirOS/buildroot-2021.05/output/host/include -c -o xz-file_io.o `test -f 'file_io.c' || echo './'`file_io.c
2025-12-13T21:30:16 /usr/bin/gcc -DHAVE_CONFIG_H -I. -I../..  -DLOCALEDIR="/home/VuAirOS/buildroot-2021.05/output/host/share/locale" -I../../src/common -I../../src/liblzma/api -I../../lib -I/home/VuAirOS/buildroot-2021.05/output/host/include -pthread -fvisibility=hidden -Wall -Wextra -Wvla -Wformat=2 -Winit-self -Wmissing-include-dirs -Wstrict-aliasing -Wfloat-equal -Wundef -Wshadow -Wpointer-arith -Wbad-function-cast -Wwrite-strings -Wlogical-op -Waggregate-return -Wstrict-prototypes -Wold-style-definition -Wmissing-prototypes -Wmissing-declarations -Wmissing-noreturn -Wredundant-decls -O2 -I/home/VuAirOS/buildroot-2021.05/output/host/include -c -o xz-hardware.o `test -f 'hardware.c' || echo './'`hardware.c
2025-12-13T21:30:16 /usr/bin/gcc -DHAVE_CONFIG_H -I. -I../..  -DLOCALEDIR="/home/VuAirOS/buildroot-2021.05/output/host/share/locale" -I../../src/common -I../../src/liblzma/api -I../../lib -I/home/VuAirOS/buildroot-2021.05/output/host/include -pthread -fvisibility=hidden -Wall -Wextra -Wvla -Wformat=2 -Winit-self -Wmissing-include-dirs -Wstrict-aliasing -Wfloat-equal -Wundef -Wshadow -Wpointer-arith -Wbad-function-cast -Wwrite-strings -Wlogical-op -Waggregate-return -Wstrict-prototypes -Wold-style-definition -Wmissing-prototypes -Wmissing-declarations -Wmissing-noreturn -Wredundant-decls -O2 -I/home/VuAirOS/buildroot-2021.05/output/host/include -c -o xz-main.o `test -f 'main.c' || echo './'`main.c
2025-12-13T21:30:16 /usr/bin/gcc -DHAVE_CONFIG_H -I. -I../..  -DLOCALEDIR="/home/VuAirOS/buildroot-2021.05/output/host/share/locale" -I../../src/common -I../../src/liblzma/api -I../../lib -I/home/VuAirOS/buildroot-2021.05/output/host/include -pthread -fvisibility=hidden -Wall -Wextra -Wvla -Wformat=2 -Winit-self -Wmissing-include-dirs -Wstrict-aliasing -Wfloat-equal -Wundef -Wshadow -Wpointer-arith -Wbad-function-cast -Wwrite-strings -Wlogical-op -Waggregate-return -Wstrict-prototypes -Wold-style-definition -Wmissing-prototypes -Wmissing-declarations -Wmissing-noreturn -Wredundant-decls -O2 -I/home/VuAirOS/buildroot-2021.05/output/host/include -c -o xz-message.o `test -f 'message.c' || echo './'`message.c
2025-12-13T21:30:16 /usr/bin/gcc -DHAVE_CONFIG_H -I. -I../..  -DLOCALEDIR="/home/VuAirOS/buildroot-2021.05/output/host/share/locale" -I../../src/common -I../../src/liblzma/api -I../../lib -I/home/VuAirOS/buildroot-2021.05/output/host/include -pthread -fvisibility=hidden -Wall -Wextra -Wvla -Wformat=2 -Winit-self -Wmissing-include-dirs -Wstrict-aliasing -Wfloat-equal -Wundef -Wshadow -Wpointer-arith -Wbad-function-cast -Wwrite-strings -Wlogical-op -Waggregate-return -Wstrict-prototypes -Wold-style-definition -Wmissing-prototypes -Wmissing-declarations -Wmissing-noreturn -Wredundant-decls -O2 -I/home/VuAirOS/buildroot-2021.05/output/host/include -c -o xz-mytime.o `test -f 'mytime.c' || echo './'`mytime.c
2025-12-13T21:30:16 /usr/bin/gcc -DHAVE_CONFIG_H -I. -I../..  -DLOCALEDIR="/home/VuAirOS/buildroot-2021.05/output/host/share/locale" -I../../src/common -I../../src/liblzma/api -I../../lib -I/home/VuAirOS/buildroot-2021.05/output/host/include -pthread -fvisibility=hidden -Wall -Wextra -Wvla -Wformat=2 -Winit-self -Wmissing-include-dirs -Wstrict-aliasing -Wfloat-equal -Wundef -Wshadow -Wpointer-arith -Wbad-function-cast -Wwrite-strings -Wlogical-op -Waggregate-return -Wstrict-prototypes -Wold-style-definition -Wmissing-prototypes -Wmissing-declarations -Wmissing-noreturn -Wredundant-decls -O2 -I/home/VuAirOS/buildroot-2021.05/output/host/include -c -o xz-options.o `test -f 'options.c' || echo './'`options.c
2025-12-13T21:30:16 /usr/bin/gcc -DHAVE_CONFIG_H -I. -I../..  -DLOCALEDIR="/home/VuAirOS/buildroot-2021.05/output/host/share/locale" -I../../src/common -I../../src/liblzma/api -I../../lib -I/home/VuAirOS/buildroot-2021.05/output/host/include -pthread -fvisibility=hidden -Wall -Wextra -Wvla -Wformat=2 -Winit-self -Wmissing-include-dirs -Wstrict-aliasing -Wfloat-equal -Wundef -Wshadow -Wpointer-arith -Wbad-function-cast -Wwrite-strings -Wlogical-op -Waggregate-return -Wstrict-prototypes -Wold-style-definition -Wmissing-prototypes -Wmissing-declarations -Wmissing-noreturn -Wredundant-decls -O2 -I/home/VuAirOS/buildroot-2021.05/output/host/include -c -o xz-signals.o `test -f 'signals.c' || echo './'`signals.c
2025-12-13T21:30:16 /usr/bin/gcc -DHAVE_CONFIG_H -I. -I../..  -DLOCALEDIR="/home/VuAirOS/buildroot-2021.05/output/host/share/locale" -I../../src/common -I../../src/liblzma/api -I../../lib -I/home/VuAirOS/buildroot-2021.05/output/host/include -pthread -fvisibility=hidden -Wall -Wextra -Wvla -Wformat=2 -Winit-self -Wmissing-include-dirs -Wstrict-aliasing -Wfloat-equal -Wundef -Wshadow -Wpointer-arith -Wbad-function-cast -Wwrite-strings -Wlogical-op -Waggregate-return -Wstrict-prototypes -Wold-style-definition -Wmissing-prototypes -Wmissing-declarations -Wmissing-noreturn -Wredundant-decls -O2 -I/home/VuAirOS/buildroot-2021.05/output/host/include -c -o xz-suffix.o `test -f 'suffix.c' || echo './'`suffix.c
2025-12-13T21:30:16 /usr/bin/gcc -DHAVE_CONFIG_H -I. -I../..  -DLOCALEDIR="/home/VuAirOS/buildroot-2021.05/output/host/share/locale" -I../../src/common -I../../src/liblzma/api -I../../lib -I/home/VuAirOS/buildroot-2021.05/output/host/include -pthread -fvisibility=hidden -Wall -Wextra -Wvla -Wformat=2 -Winit-self -Wmissing-include-dirs -Wstrict-aliasing -Wfloat-equal -Wundef -Wshadow -Wpointer-arith -Wbad-function-cast -Wwrite-strings -Wlogical-op -Waggregate-return -Wstrict-prototypes -Wold-style-definition -Wmissing-prototypes -Wmissing-declarations -Wmissing-noreturn -Wredundant-decls -O2 -I/home/VuAirOS/buildroot-2021.05/output/host/include -c -o xz-util.o `test -f 'util.c' || echo './'`util.c
2025-12-13T21:30:16 /usr/bin/gcc -DHAVE_CONFIG_H -I. -I../..  -DLOCALEDIR="/home/VuAirOS/buildroot-2021.05/output/host/share/locale" -I../../src/common -I../../src/liblzma/api -I../../lib -I/home/VuAirOS/buildroot-2021.05/output/host/include -pthread -fvisibility=hidden -Wall -Wextra -Wvla -Wformat=2 -Winit-self -Wmissing-include-dirs -Wstrict-aliasing -Wfloat-equal -Wundef -Wshadow -Wpointer-arith -Wbad-function-cast -Wwrite-strings -Wlogical-op -Waggregate-return -Wstrict-prototypes -Wold-style-definition -Wmissing-prototypes -Wmissing-declarations -Wmissing-noreturn -Wredundant-decls -O2 -I/home/VuAirOS/buildroot-2021.05/output/host/include -c -o xz-tuklib_open_stdxxx.o `test -f '../common/tuklib_open_stdxxx.c' || echo './'`../common/tuklib_open_stdxxx.c
2025-12-13T21:30:16 /usr/bin/gcc -DHAVE_CONFIG_H -I. -I../..  -DLOCALEDIR="/home/VuAirOS/buildroot-2021.05/output/host/share/locale" -I../../src/common -I../../src/liblzma/api -I../../lib -I/home/VuAirOS/buildroot-2021.05/output/host/include -pthread -fvisibility=hidden -Wall -Wextra -Wvla -Wformat=2 -Winit-self -Wmissing-include-dirs -Wstrict-aliasing -Wfloat-equal -Wundef -Wshadow -Wpointer-arith -Wbad-function-cast -Wwrite-strings -Wlogical-op -Waggregate-return -Wstrict-prototypes -Wold-style-definition -Wmissing-prototypes -Wmissing-declarations -Wmissing-noreturn -Wredundant-decls -O2 -I/home/VuAirOS/buildroot-2021.05/output/host/include -c -o xz-tuklib_progname.o `test -f '../common/tuklib_progname.c' || echo './'`../common/tuklib_progname.c
2025-12-13T21:30:16 /usr/bin/gcc -DHAVE_CONFIG_H -I. -I../..  -DLOCALEDIR="/home/VuAirOS/buildroot-2021.05/output/host/share/locale" -I../../src/common -I../../src/liblzma/api -I../../lib -I/home/VuAirOS/buildroot-2021.05/output/host/include -pthread -fvisibility=hidden -Wall -Wextra -Wvla -Wformat=2 -Winit-self -Wmissing-include-dirs -Wstrict-aliasing -Wfloat-equal -Wundef -Wshadow -Wpointer-arith -Wbad-function-cast -Wwrite-strings -Wlogical-op -Waggregate-return -Wstrict-prototypes -Wold-style-definition -Wmissing-prototypes -Wmissing-declarations -Wmissing-noreturn -Wredundant-decls -O2 -I/home/VuAirOS/buildroot-2021.05/output/host/include -c -o xz-tuklib_exit.o `test -f '../common/tuklib_exit.c' || echo './'`../common/tuklib_exit.c
2025-12-13T21:30:16 /usr/bin/gcc -DHAVE_CONFIG_H -I. -I../..  -DLOCALEDIR="/home/VuAirOS/buildroot-2021.05/output/host/share/locale" -I../../src/common -I../../src/liblzma/api -I../../lib -I/home/VuAirOS/buildroot-2021.05/output/host/include -pthread -fvisibility=hidden -Wall -Wextra -Wvla -Wformat=2 -Winit-self -Wmissing-include-dirs -Wstrict-aliasing -Wfloat-equal -Wundef -Wshadow -Wpointer-arith -Wbad-function-cast -Wwrite-strings -Wlogical-op -Waggregate-return -Wstrict-prototypes -Wold-style-definition -Wmissing-prototypes -Wmissing-declarations -Wmissing-noreturn -Wredundant-decls -O2 -I/home/VuAirOS/buildroot-2021.05/output/host/include -c -o xz-tuklib_mbstr_width.o `test -f '../common/tuklib_mbstr_width.c' || echo './'`../common/tuklib_mbstr_width.c
2025-12-13T21:30:16 /usr/bin/gcc -DHAVE_CONFIG_H -I. -I../..  -DLOCALEDIR="/home/VuAirOS/buildroot-2021.05/output/host/share/locale" -I../../src/common -I../../src/liblzma/api -I../../lib -I/home/VuAirOS/buildroot-2021.05/output/host/include -pthread -fvisibility=hidden -Wall -Wextra -Wvla -Wformat=2 -Winit-self -Wmissing-include-dirs -Wstrict-aliasing -Wfloat-equal -Wundef -Wshadow -Wpointer-arith -Wbad-function-cast -Wwrite-strings -Wlogical-op -Waggregate-return -Wstrict-prototypes -Wold-style-definition -Wmissing-prototypes -Wmissing-declarations -Wmissing-noreturn -Wredundant-decls -O2 -I/home/VuAirOS/buildroot-2021.05/output/host/include -c -o xz-tuklib_mbstr_fw.o `test -f '../common/tuklib_mbstr_fw.c' || echo './'`../common/tuklib_mbstr_fw.c
2025-12-13T21:30:16 /usr/bin/gcc -DHAVE_CONFIG_H -I. -I../..  -DLOCALEDIR="/home/VuAirOS/buildroot-2021.05/output/host/share/locale" -I../../src/common -I../../src/liblzma/api -I../../lib -I/home/VuAirOS/buildroot-2021.05/output/host/include -pthread -fvisibility=hidden -Wall -Wextra -Wvla -Wformat=2 -Winit-self -Wmissing-include-dirs -Wstrict-aliasing -Wfloat-equal -Wundef -Wshadow -Wpointer-arith -Wbad-function-cast -Wwrite-strings -Wlogical-op -Waggregate-return -Wstrict-prototypes -Wold-style-definition -Wmissing-prototypes -Wmissing-declarations -Wmissing-noreturn -Wredundant-decls -O2 -I/home/VuAirOS/buildroot-2021.05/output/host/include -c -o xz-list.o `test -f 'list.c' || echo './'`list.c
2025-12-13T21:30:16 [01m[Kmessage.c:[m[K In function ‘[01m[Kprogress_speed.part.0[m[K’:
2025-12-13T21:30:16 [01m[Kmessage.c:384:42:[m[K [01;35m[Kwarning: [m[K‘[01m[K%s[m[K’ directive output may be truncated writing up to 23 bytes into a region of size between 0 and 14 [[01;35m[K]8;;https://gcc.gnu.org/onlinedocs/gcc/Warning-Options.html#index-Wformat-truncation=-Wformat-truncation=]8;;[m[K]
2025-12-13T21:30:16 384 |         snprintf(buf, sizeof(buf), "%.*f [01;35m[K%s[m[K",
2025-12-13T21:30:16 |                                          [01;35m[K^~[m[K
2025-12-13T21:30:16 In file included from [01m[K/usr/include/stdio.h:894[m[K,
2025-12-13T21:30:16 from [01m[Kprivate.h:23[m[K,
2025-12-13T21:30:16 from [01m[Kmessage.c:13[m[K:
2025-12-13T21:30:16 [01m[K/usr/include/x86_64-linux-gnu/bits/stdio2.h:71:10:[m[K [01;36m[Knote: [m[K‘[01m[K__builtin___snprintf_chk[m[K’ output between 3 and 337 bytes into a destination of size 16
2025-12-13T21:30:16 71 |   return [01;36m[K__builtin___snprintf_chk (__s, __n, __USE_FORTIFY_LEVEL - 1,[m[K
2025-12-13T21:30:16 |          [01;36m[K^~~~~~~~~~~~~~~~~~~~~~~~~~~~~~~~~~~~~~~~~~~~~~~~~~~~~~~~~~~~[m[K
2025-12-13T21:30:16 72 | [01;36m[K                                   __glibc_objsize (__s), __fmt,[m[K
2025-12-13T21:30:16 |                                    [01;36m[K~~~~~~~~~~~~~~~~~~~~~~~~~~~~~[m[K
2025-12-13T21:30:16 73 | [01;36m[K                                   __va_arg_pack ())[m[K;
2025-12-13T21:30:16 |                                    [01;36m[K~~~~~~~~~~~~~~~~~[m[K
2025-12-13T21:30:16 /bin/bash ../../libtool  --tag=CC   --mode=link /usr/bin/gcc -pthread -fvisibility=hidden -Wall -Wextra -Wvla -Wformat=2 -Winit-self -Wmissing-include-dirs -Wstrict-aliasing -Wfloat-equal -Wundef -Wshadow -Wpointer-arith -Wbad-function-cast -Wwrite-strings -Wlogical-op -Waggregate-return -Wstrict-prototypes -Wold-style-definition -Wmissing-prototypes -Wmissing-declarations -Wmissing-noreturn -Wredundant-decls -O2 -I/home/VuAirOS/buildroot-2021.05/output/host/include  -L/home/VuAirOS/buildroot-2021.05/output/host/lib -Wl,-rpath,/home/VuAirOS/buildroot-2021.05/output/host/lib -o xz xz-args.o xz-coder.o xz-file_io.o xz-hardware.o xz-main.o xz-message.o xz-mytime.o xz-options.o xz-signals.o xz-suffix.o xz-util.o xz-tuklib_open_stdxxx.o xz-tuklib_progname.o xz-tuklib_exit.o xz-tuklib_mbstr_width.o xz-tuklib_mbstr_fw.o xz-list.o  ../../src/liblzma/liblzma.la    -lpthread
2025-12-13T21:30:16 libtool: link: /usr/bin/gcc -pthread -fvisibility=hidden -Wall -Wextra -Wvla -Wformat=2 -Winit-self -Wmissing-include-dirs -Wstrict-aliasing -Wfloat-equal -Wundef -Wshadow -Wpointer-arith -Wbad-function-cast -Wwrite-strings -Wlogical-op -Waggregate-return -Wstrict-prototypes -Wold-style-definition -Wmissing-prototypes -Wmissing-declarations -Wmissing-noreturn -Wredundant-decls -O2 -I/home/VuAirOS/buildroot-2021.05/output/host/include -Wl,-rpath -Wl,/home/VuAirOS/buildroot-2021.05/output/host/lib -o xz xz-args.o xz-coder.o xz-file_io.o xz-hardware.o xz-main.o xz-message.o xz-mytime.o xz-options.o xz-signals.o xz-suffix.o xz-util.o xz-tuklib_open_stdxxx.o xz-tuklib_progname.o xz-tuklib_exit.o xz-tuklib_mbstr_width.o xz-tuklib_mbstr_fw.o xz-list.o  -L/home/VuAirOS/buildroot-2021.05/output/host/lib ../../src/liblzma/.libs/liblzma.so -lpthread -pthread -Wl,-rpath -Wl,/home/VuAirOS/buildroot-2021.05/output/build/host-xz-5.2.5/src/liblzma/.libs -Wl,-rpath -Wl,/home/VuAirOS/buildroot-2021.05/output/host/lib
2025-12-13T21:30:16 make[4]: Leaving directory '/home/VuAirOS/buildroot-2021.05/output/build/host-xz-5.2.5/src/xz'
2025-12-13T21:30:16 Making all in lzmainfo
2025-12-13T21:30:16 make[4]: Entering directory '/home/VuAirOS/buildroot-2021.05/output/build/host-xz-5.2.5/src/lzmainfo'
2025-12-13T21:30:16 /usr/bin/gcc -DHAVE_CONFIG_H -I. -I../..  -DLOCALEDIR="/home/VuAirOS/buildroot-2021.05/output/host/share/locale" -I../../src/common -I../../src/liblzma/api -I../../lib -I/home/VuAirOS/buildroot-2021.05/output/host/include -pthread -fvisibility=hidden -Wall -Wextra -Wvla -Wformat=2 -Winit-self -Wmissing-include-dirs -Wstrict-aliasing -Wfloat-equal -Wundef -Wshadow -Wpointer-arith -Wbad-function-cast -Wwrite-strings -Wlogical-op -Waggregate-return -Wstrict-prototypes -Wold-style-definition -Wmissing-prototypes -Wmissing-declarations -Wmissing-noreturn -Wredundant-decls -O2 -I/home/VuAirOS/buildroot-2021.05/output/host/include -c -o lzmainfo-lzmainfo.o `test -f 'lzmainfo.c' || echo './'`lzmainfo.c
2025-12-13T21:30:16 /usr/bin/gcc -DHAVE_CONFIG_H -I. -I../..  -DLOCALEDIR="/home/VuAirOS/buildroot-2021.05/output/host/share/locale" -I../../src/common -I../../src/liblzma/api -I../../lib -I/home/VuAirOS/buildroot-2021.05/output/host/include -pthread -fvisibility=hidden -Wall -Wextra -Wvla -Wformat=2 -Winit-self -Wmissing-include-dirs -Wstrict-aliasing -Wfloat-equal -Wundef -Wshadow -Wpointer-arith -Wbad-function-cast -Wwrite-strings -Wlogical-op -Waggregate-return -Wstrict-prototypes -Wold-style-definition -Wmissing-prototypes -Wmissing-declarations -Wmissing-noreturn -Wredundant-decls -O2 -I/home/VuAirOS/buildroot-2021.05/output/host/include -c -o lzmainfo-tuklib_progname.o `test -f '../common/tuklib_progname.c' || echo './'`../common/tuklib_progname.c
2025-12-13T21:30:16 /usr/bin/gcc -DHAVE_CONFIG_H -I. -I../..  -DLOCALEDIR="/home/VuAirOS/buildroot-2021.05/output/host/share/locale" -I../../src/common -I../../src/liblzma/api -I../../lib -I/home/VuAirOS/buildroot-2021.05/output/host/include -pthread -fvisibility=hidden -Wall -Wextra -Wvla -Wformat=2 -Winit-self -Wmissing-include-dirs -Wstrict-aliasing -Wfloat-equal -Wundef -Wshadow -Wpointer-arith -Wbad-function-cast -Wwrite-strings -Wlogical-op -Waggregate-return -Wstrict-prototypes -Wold-style-definition -Wmissing-prototypes -Wmissing-declarations -Wmissing-noreturn -Wredundant-decls -O2 -I/home/VuAirOS/buildroot-2021.05/output/host/include -c -o lzmainfo-tuklib_exit.o `test -f '../common/tuklib_exit.c' || echo './'`../common/tuklib_exit.c
2025-12-13T21:30:16 /bin/bash ../../libtool  --tag=CC   --mode=link /usr/bin/gcc -pthread -fvisibility=hidden -Wall -Wextra -Wvla -Wformat=2 -Winit-self -Wmissing-include-dirs -Wstrict-aliasing -Wfloat-equal -Wundef -Wshadow -Wpointer-arith -Wbad-function-cast -Wwrite-strings -Wlogical-op -Waggregate-return -Wstrict-prototypes -Wold-style-definition -Wmissing-prototypes -Wmissing-declarations -Wmissing-noreturn -Wredundant-decls -O2 -I/home/VuAirOS/buildroot-2021.05/output/host/include  -L/home/VuAirOS/buildroot-2021.05/output/host/lib -Wl,-rpath,/home/VuAirOS/buildroot-2021.05/output/host/lib -o lzmainfo lzmainfo-lzmainfo.o lzmainfo-tuklib_progname.o lzmainfo-tuklib_exit.o  ../../src/liblzma/liblzma.la   -lpthread
2025-12-13T21:30:16 libtool: link: /usr/bin/gcc -pthread -fvisibility=hidden -Wall -Wextra -Wvla -Wformat=2 -Winit-self -Wmissing-include-dirs -Wstrict-aliasing -Wfloat-equal -Wundef -Wshadow -Wpointer-arith -Wbad-function-cast -Wwrite-strings -Wlogical-op -Waggregate-return -Wstrict-prototypes -Wold-style-definition -Wmissing-prototypes -Wmissing-declarations -Wmissing-noreturn -Wredundant-decls -O2 -I/home/VuAirOS/buildroot-2021.05/output/host/include -Wl,-rpath -Wl,/home/VuAirOS/buildroot-2021.05/output/host/lib -o lzmainfo lzmainfo-lzmainfo.o lzmainfo-tuklib_progname.o lzmainfo-tuklib_exit.o  -L/home/VuAirOS/buildroot-2021.05/output/host/lib ../../src/liblzma/.libs/liblzma.so -lpthread -pthread -Wl,-rpath -Wl,/home/VuAirOS/buildroot-2021.05/output/build/host-xz-5.2.5/src/liblzma/.libs -Wl,-rpath -Wl,/home/VuAirOS/buildroot-2021.05/output/host/lib
2025-12-13T21:30:16 make[4]: Leaving directory '/home/VuAirOS/buildroot-2021.05/output/build/host-xz-5.2.5/src/lzmainfo'
2025-12-13T21:30:16 Making all in scripts
2025-12-13T21:30:16 make[4]: Entering directory '/home/VuAirOS/buildroot-2021.05/output/build/host-xz-5.2.5/src/scripts'
2025-12-13T21:30:16 make[4]: Nothing to be done for 'all'.
2025-12-13T21:30:16 make[4]: Leaving directory '/home/VuAirOS/buildroot-2021.05/output/build/host-xz-5.2.5/src/scripts'
2025-12-13T21:30:16 make[4]: Entering directory '/home/VuAirOS/buildroot-2021.05/output/build/host-xz-5.2.5/src'
2025-12-13T21:30:16 make[4]: Nothing to be done for 'all-am'.
2025-12-13T21:30:16 make[4]: Leaving directory '/home/VuAirOS/buildroot-2021.05/output/build/host-xz-5.2.5/src'
2025-12-13T21:30:16 make[3]: Leaving directory '/home/VuAirOS/buildroot-2021.05/output/build/host-xz-5.2.5/src'
2025-12-13T21:30:16 Making all in po
2025-12-13T21:30:16 make[3]: Entering directory '/home/VuAirOS/buildroot-2021.05/output/build/host-xz-5.2.5/po'
2025-12-13T21:30:16 Makefile:169: warning: ignoring prerequisites on suffix rule definition
2025-12-13T21:30:16 make[3]: Nothing to be done for 'all'.
2025-12-13T21:30:16 make[3]: Leaving directory '/home/VuAirOS/buildroot-2021.05/output/build/host-xz-5.2.5/po'
2025-12-13T21:30:16 Making all in tests
2025-12-13T21:30:16 make[3]: Entering directory '/home/VuAirOS/buildroot-2021.05/output/build/host-xz-5.2.5/tests'
2025-12-13T21:30:16 make[3]: Nothing to be done for 'all'.
2025-12-13T21:30:16 make[3]: Leaving directory '/home/VuAirOS/buildroot-2021.05/output/build/host-xz-5.2.5/tests'
2025-12-13T21:30:16 make[3]: Entering directory '/home/VuAirOS/buildroot-2021.05/output/build/host-xz-5.2.5'
2025-12-13T21:30:16 make[3]: Nothing to be done for 'all-am'.
2025-12-13T21:30:16 make[3]: Leaving directory '/home/VuAirOS/buildroot-2021.05/output/build/host-xz-5.2.5'
2025-12-13T21:30:16 make[2]: Leaving directory '/home/VuAirOS/buildroot-2021.05/output/build/host-xz-5.2.5'
2025-12-13T21:30:16 make[1]: Leaving directory '/home/VuAirOS/buildroot-2021.05/output/build/host-xz-5.2.5'
2025-12-13T21:30:16 [7m>>> host-xz 5.2.5 Installing to host directory[27m
2025-12-13T21:30:16 PATH="/home/VuAirOS/buildroot-2021.05/output/host/bin:/home/VuAirOS/buildroot-2021.05/output/host/sbin:/usr/local/sbin:/usr/local/bin:/usr/sbin:/usr/bin:/sbin:/bin:/usr/games:/usr/local/games:/usr/lib/wsl/lib" PKG_CONFIG="/home/VuAirOS/buildroot-2021.05/output/host/bin/pkg-config" PKG_CONFIG_SYSROOT_DIR="/" PKG_CONFIG_ALLOW_SYSTEM_CFLAGS=1 PKG_CONFIG_ALLOW_SYSTEM_LIBS=1 PKG_CONFIG_LIBDIR="/home/VuAirOS/buildroot-2021.05/output/host/lib/pkgconfig:/home/VuAirOS/buildroot-2021.05/output/host/share/pkgconfig"  /usr/bin/make  install -C /home/VuAirOS/buildroot-2021.05/output/build/host-xz-5.2.5/
2025-12-13T21:30:16 make[1]: Entering directory '/home/VuAirOS/buildroot-2021.05/output/build/host-xz-5.2.5'
2025-12-13T21:30:16 Making install in src
2025-12-13T21:30:16 make[2]: Entering directory '/home/VuAirOS/buildroot-2021.05/output/build/host-xz-5.2.5/src'
2025-12-13T21:30:16 Making install in liblzma
2025-12-13T21:30:16 make[3]: Entering directory '/home/VuAirOS/buildroot-2021.05/output/build/host-xz-5.2.5/src/liblzma'
2025-12-13T21:30:16 Making install in api
2025-12-13T21:30:16 make[4]: Entering directory '/home/VuAirOS/buildroot-2021.05/output/build/host-xz-5.2.5/src/liblzma/api'
2025-12-13T21:30:16 make[5]: Entering directory '/home/VuAirOS/buildroot-2021.05/output/build/host-xz-5.2.5/src/liblzma/api'
2025-12-13T21:30:16 make[5]: Nothing to be done for 'install-exec-am'.
2025-12-13T21:30:16 /usr/bin/mkdir -p '/home/VuAirOS/buildroot-2021.05/output/host/include'
2025-12-13T21:30:16 /usr/bin/mkdir -p '/home/VuAirOS/buildroot-2021.05/output/host/include/lzma'
2025-12-13T21:30:16 /usr/bin/install -c -m 644  lzma/base.h lzma/bcj.h lzma/block.h lzma/check.h lzma/container.h lzma/delta.h lzma/filter.h lzma/hardware.h lzma/index.h lzma/index_hash.h lzma/lzma12.h lzma/stream_flags.h lzma/version.h lzma/vli.h '/home/VuAirOS/buildroot-2021.05/output/host/include/lzma'
2025-12-13T21:30:16 /usr/bin/install -c -m 644  lzma.h '/home/VuAirOS/buildroot-2021.05/output/host/include/.'
2025-12-13T21:30:16 make[5]: Leaving directory '/home/VuAirOS/buildroot-2021.05/output/build/host-xz-5.2.5/src/liblzma/api'
2025-12-13T21:30:16 make[4]: Leaving directory '/home/VuAirOS/buildroot-2021.05/output/build/host-xz-5.2.5/src/liblzma/api'
2025-12-13T21:30:16 make[4]: Entering directory '/home/VuAirOS/buildroot-2021.05/output/build/host-xz-5.2.5/src/liblzma'
2025-12-13T21:30:16 make[5]: Entering directory '/home/VuAirOS/buildroot-2021.05/output/build/host-xz-5.2.5/src/liblzma'
2025-12-13T21:30:17 /usr/bin/mkdir -p '/home/VuAirOS/buildroot-2021.05/output/host/lib'
2025-12-13T21:30:17 /usr/bin/mkdir -p '/home/VuAirOS/buildroot-2021.05/output/host/lib/pkgconfig'
2025-12-13T21:30:17 /bin/bash ../../libtool   --mode=install /usr/bin/install -c   liblzma.la '/home/VuAirOS/buildroot-2021.05/output/host/lib'
2025-12-13T21:30:17 /usr/bin/install -c -m 644 liblzma.pc '/home/VuAirOS/buildroot-2021.05/output/host/lib/pkgconfig'
2025-12-13T21:30:17 libtool: install: /usr/bin/install -c .libs/liblzma.so.5.2.5 /home/VuAirOS/buildroot-2021.05/output/host/lib/liblzma.so.5.2.5
2025-12-13T21:30:17 libtool: install: (cd /home/VuAirOS/buildroot-2021.05/output/host/lib && { ln -s -f liblzma.so.5.2.5 liblzma.so.5 || { rm -f liblzma.so.5 && ln -s liblzma.so.5.2.5 liblzma.so.5; }; })
2025-12-13T21:30:17 libtool: install: (cd /home/VuAirOS/buildroot-2021.05/output/host/lib && { ln -s -f liblzma.so.5.2.5 liblzma.so || { rm -f liblzma.so && ln -s liblzma.so.5.2.5 liblzma.so; }; })
2025-12-13T21:30:17 libtool: install: /usr/bin/install -c .libs/liblzma.lai /home/VuAirOS/buildroot-2021.05/output/host/lib/liblzma.la
2025-12-13T21:30:17 libtool: finish: PATH="/home/VuAirOS/buildroot-2021.05/output/host/bin:/home/VuAirOS/buildroot-2021.05/output/host/sbin:/usr/local/sbin:/usr/local/bin:/usr/sbin:/usr/bin:/sbin:/bin:/usr/games:/usr/local/games:/usr/lib/wsl/lib:/sbin" ldconfig -n /home/VuAirOS/buildroot-2021.05/output/host/lib
2025-12-13T21:30:17 ----------------------------------------------------------------------
2025-12-13T21:30:17 Libraries have been installed in:
2025-12-13T21:30:17 /home/VuAirOS/buildroot-2021.05/output/host/lib
2025-12-13T21:30:17 
2025-12-13T21:30:17 If you ever happen to want to link against installed libraries
2025-12-13T21:30:17 in a given directory, LIBDIR, you must either use libtool, and
2025-12-13T21:30:17 specify the full pathname of the library, or use the '-LLIBDIR'
2025-12-13T21:30:17 flag during linking and do at least one of the following:
2025-12-13T21:30:17 - add LIBDIR to the 'LD_LIBRARY_PATH' environment variable
2025-12-13T21:30:17 during execution
2025-12-13T21:30:17 - add LIBDIR to the 'LD_RUN_PATH' environment variable
2025-12-13T21:30:17 during linking
2025-12-13T21:30:17 - use the '-Wl,-rpath -Wl,LIBDIR' linker flag
2025-12-13T21:30:17 - have your system administrator add LIBDIR to '/etc/ld.so.conf'
2025-12-13T21:30:17 
2025-12-13T21:30:17 See any operating system documentation about shared libraries for
2025-12-13T21:30:17 more information, such as the ld(1) and ld.so(8) manual pages.
2025-12-13T21:30:17 ----------------------------------------------------------------------
2025-12-13T21:30:17 make[5]: Leaving directory '/home/VuAirOS/buildroot-2021.05/output/build/host-xz-5.2.5/src/liblzma'
2025-12-13T21:30:17 make[4]: Leaving directory '/home/VuAirOS/buildroot-2021.05/output/build/host-xz-5.2.5/src/liblzma'
2025-12-13T21:30:17 make[3]: Leaving directory '/home/VuAirOS/buildroot-2021.05/output/build/host-xz-5.2.5/src/liblzma'
2025-12-13T21:30:17 Making install in xzdec
2025-12-13T21:30:17 make[3]: Entering directory '/home/VuAirOS/buildroot-2021.05/output/build/host-xz-5.2.5/src/xzdec'
2025-12-13T21:30:17 make[4]: Entering directory '/home/VuAirOS/buildroot-2021.05/output/build/host-xz-5.2.5/src/xzdec'
2025-12-13T21:30:17 /usr/bin/mkdir -p '/home/VuAirOS/buildroot-2021.05/output/host/bin'
2025-12-13T21:30:17 /usr/bin/mkdir -p '/home/VuAirOS/buildroot-2021.05/output/host/share/man/man1'
2025-12-13T21:30:17 /bin/bash ../../libtool   --mode=install /usr/bin/install -c xzdec lzmadec '/home/VuAirOS/buildroot-2021.05/output/host/bin'
2025-12-13T21:30:17 /usr/bin/install -c -m 644 xzdec.1 '/home/VuAirOS/buildroot-2021.05/output/host/share/man/man1'
2025-12-13T21:30:17 /usr/bin/make  install-data-hook
2025-12-13T21:30:17 make[5]: Entering directory '/home/VuAirOS/buildroot-2021.05/output/build/host-xz-5.2.5/src/xzdec'
2025-12-13T21:30:17 languages= ; if test "no" = yes && test -d "../../po4a/man"; then 	languages=`ls "../../po4a/man"`; fi; target=`echo xzdec | sed 's,x,x,'` && link=`echo lzmadec | sed 's,x,x,'` && for lang in . $languages; do 	man="../../po4a/man/$lang/xzdec.1" ; 	if test -f "$man"; then 		/usr/bin/make dist_man_MANS="$man" man_MANS= 			mandir="/home/VuAirOS/buildroot-2021.05/output/host/share/man/$lang" install-man; 	fi; 	man1dir="/home/VuAirOS/buildroot-2021.05/output/host/share/man/$lang/man1" && 	if test -f "$man1dir/$target.1"; then 		if test -n "lzmadec"; then ( 			cd "$man1dir" && 			rm -f "$link.1" && 			ln -s "$target.1" "$link.1" 		); fi; 	fi; done
2025-12-13T21:30:17 make[5]: Leaving directory '/home/VuAirOS/buildroot-2021.05/output/build/host-xz-5.2.5/src/xzdec'
2025-12-13T21:30:17 libtool: install: /usr/bin/install -c xzdec /home/VuAirOS/buildroot-2021.05/output/host/bin/xzdec
2025-12-13T21:30:17 libtool: install: /usr/bin/install -c lzmadec /home/VuAirOS/buildroot-2021.05/output/host/bin/lzmadec
2025-12-13T21:30:17 make[4]: Leaving directory '/home/VuAirOS/buildroot-2021.05/output/build/host-xz-5.2.5/src/xzdec'
2025-12-13T21:30:17 make[3]: Leaving directory '/home/VuAirOS/buildroot-2021.05/output/build/host-xz-5.2.5/src/xzdec'
2025-12-13T21:30:17 Making install in xz
2025-12-13T21:30:17 make[3]: Entering directory '/home/VuAirOS/buildroot-2021.05/output/build/host-xz-5.2.5/src/xz'
2025-12-13T21:30:17 make[4]: Entering directory '/home/VuAirOS/buildroot-2021.05/output/build/host-xz-5.2.5/src/xz'
2025-12-13T21:30:17 /usr/bin/mkdir -p '/home/VuAirOS/buildroot-2021.05/output/host/bin'
2025-12-13T21:30:17 /usr/bin/mkdir -p '/home/VuAirOS/buildroot-2021.05/output/host/share/man/man1'
2025-12-13T21:30:17 /bin/bash ../../libtool   --mode=install /usr/bin/install -c xz '/home/VuAirOS/buildroot-2021.05/output/host/bin'
2025-12-13T21:30:17 /usr/bin/install -c -m 644 xz.1 '/home/VuAirOS/buildroot-2021.05/output/host/share/man/man1'
2025-12-13T21:30:17 /usr/bin/make  install-data-hook
2025-12-13T21:30:17 make[5]: Entering directory '/home/VuAirOS/buildroot-2021.05/output/build/host-xz-5.2.5/src/xz'
2025-12-13T21:30:17 languages= ; if test "no" = yes && test -d "../../po4a/man"; then 	languages=`ls "../../po4a/man"`; fi; target=`echo xz | sed 's,x,x,'` && for lang in . $languages; do 	man="../../po4a/man/$lang/xz.1" ; 	if test -f "$man"; then 		/usr/bin/make dist_man_MANS="$man" man_MANS= 			mandir="/home/VuAirOS/buildroot-2021.05/output/host/share/man/$lang" install-man; 	fi; 	man1dir="/home/VuAirOS/buildroot-2021.05/output/host/share/man/$lang/man1" && 	if test -f "$man1dir/$target.1"; then ( 		cd "$man1dir" && 		for name in unxz xzcat lzma unlzma lzcat; do 			link=`echo $name | sed 's,x,x,'` && 			rm -f "$link.1" && 			ln -s "$target.1" "$link.1"; 		done 	); fi; done
2025-12-13T21:30:17 make[5]: Leaving directory '/home/VuAirOS/buildroot-2021.05/output/build/host-xz-5.2.5/src/xz'
2025-12-13T21:30:17 libtool: install: /usr/bin/install -c xz /home/VuAirOS/buildroot-2021.05/output/host/bin/xz
2025-12-13T21:30:17 /usr/bin/make  install-exec-hook
2025-12-13T21:30:17 make[5]: Entering directory '/home/VuAirOS/buildroot-2021.05/output/build/host-xz-5.2.5/src/xz'
2025-12-13T21:30:17 cd "/home/VuAirOS/buildroot-2021.05/output/host/bin" && target=`echo xz | sed 's,x,x,'` && for name in unxz xzcat lzma unlzma lzcat; do 	link=`echo $name | sed 's,x,x,'` && 	rm -f "$link" && 	ln -s "$target" "$link"; done
2025-12-13T21:30:17 make[5]: Leaving directory '/home/VuAirOS/buildroot-2021.05/output/build/host-xz-5.2.5/src/xz'
2025-12-13T21:30:17 make[4]: Leaving directory '/home/VuAirOS/buildroot-2021.05/output/build/host-xz-5.2.5/src/xz'
2025-12-13T21:30:17 make[3]: Leaving directory '/home/VuAirOS/buildroot-2021.05/output/build/host-xz-5.2.5/src/xz'
2025-12-13T21:30:17 Making install in lzmainfo
2025-12-13T21:30:17 make[3]: Entering directory '/home/VuAirOS/buildroot-2021.05/output/build/host-xz-5.2.5/src/lzmainfo'
2025-12-13T21:30:17 make[4]: Entering directory '/home/VuAirOS/buildroot-2021.05/output/build/host-xz-5.2.5/src/lzmainfo'
2025-12-13T21:30:17 /usr/bin/mkdir -p '/home/VuAirOS/buildroot-2021.05/output/host/bin'
2025-12-13T21:30:17 /usr/bin/mkdir -p '/home/VuAirOS/buildroot-2021.05/output/host/share/man/man1'
2025-12-13T21:30:17 /bin/bash ../../libtool   --mode=install /usr/bin/install -c lzmainfo '/home/VuAirOS/buildroot-2021.05/output/host/bin'
2025-12-13T21:30:17 /usr/bin/install -c -m 644 lzmainfo.1 '/home/VuAirOS/buildroot-2021.05/output/host/share/man/man1'
2025-12-13T21:30:17 libtool: install: /usr/bin/install -c lzmainfo /home/VuAirOS/buildroot-2021.05/output/host/bin/lzmainfo
2025-12-13T21:30:17 make[4]: Leaving directory '/home/VuAirOS/buildroot-2021.05/output/build/host-xz-5.2.5/src/lzmainfo'
2025-12-13T21:30:17 make[3]: Leaving directory '/home/VuAirOS/buildroot-2021.05/output/build/host-xz-5.2.5/src/lzmainfo'
2025-12-13T21:30:17 Making install in scripts
2025-12-13T21:30:17 make[3]: Entering directory '/home/VuAirOS/buildroot-2021.05/output/build/host-xz-5.2.5/src/scripts'
2025-12-13T21:30:17 make[4]: Entering directory '/home/VuAirOS/buildroot-2021.05/output/build/host-xz-5.2.5/src/scripts'
2025-12-13T21:30:17 /usr/bin/mkdir -p '/home/VuAirOS/buildroot-2021.05/output/host/bin'
2025-12-13T21:30:17 /usr/bin/mkdir -p '/home/VuAirOS/buildroot-2021.05/output/host/share/man/man1'
2025-12-13T21:30:17 /usr/bin/install -c xzdiff xzgrep xzmore xzless '/home/VuAirOS/buildroot-2021.05/output/host/bin'
2025-12-13T21:30:17 /usr/bin/make  install-exec-hook
2025-12-13T21:30:17 /usr/bin/install -c -m 644 xzdiff.1 xzgrep.1 xzmore.1 xzless.1 '/home/VuAirOS/buildroot-2021.05/output/host/share/man/man1'
2025-12-13T21:30:17 make[5]: Entering directory '/home/VuAirOS/buildroot-2021.05/output/build/host-xz-5.2.5/src/scripts'
2025-12-13T21:30:17 /usr/bin/make  install-data-hook
2025-12-13T21:30:17 cd "/home/VuAirOS/buildroot-2021.05/output/host/bin" && for pair in xzdiff-xzcmp xzgrep-xzegrep xzgrep-xzfgrep xzdiff-lzdiff xzdiff-lzcmp xzgrep-lzgrep xzgrep-lzegrep xzgrep-lzfgrep xzmore-lzmore xzless-lzless; do 	target=`echo $pair | sed 's/-.*$//' | sed 's,x,x,'` && 	link=`echo $pair | sed 's/^.*-//' | sed 's,x,x,'` && 	rm -f "$link" && 	ln -s "$target" "$link"; done
2025-12-13T21:30:17 make[5]: Entering directory '/home/VuAirOS/buildroot-2021.05/output/build/host-xz-5.2.5/src/scripts'
2025-12-13T21:30:17 languages= ; if test "no" = yes && test -d "../../po4a/man"; then 	languages=`ls "../../po4a/man"`; fi; for lang in $languages; do 	mans= ; 	for man in xzdiff.1 xzgrep.1 xzmore.1 xzless.1; do 		man="../../po4a/man/$lang/$man" ; 		if test -f "$man"; then 			mans="$mans $man"; 		fi; 	done; 	/usr/bin/make dist_man_MANS="$mans" man_MANS= 			mandir="/home/VuAirOS/buildroot-2021.05/output/host/share/man/$lang" install-man; done; for lang in . $languages; do 	for pair in xzdiff-xzcmp xzgrep-xzegrep xzgrep-xzfgrep xzdiff-lzdiff xzdiff-lzcmp xzgrep-lzgrep xzgrep-lzegrep xzgrep-lzfgrep xzmore-lzmore xzless-lzless; do 		target=`echo $pair | sed 's/-.*$//' 				| sed 's,x,x,'` && 		link=`echo $pair | sed 's/^.*-//' 				| sed 's,x,x,'` && 		man1dir="/home/VuAirOS/buildroot-2021.05/output/host/share/man/$lang/man1" && 		if test -f "$man1dir/$target.1"; then ( 			cd "$man1dir" && 			rm -f "$link.1" && 			ln -s "$target.1" "$link.1" 		); fi; 	done; done
2025-12-13T21:30:17 make[5]: Leaving directory '/home/VuAirOS/buildroot-2021.05/output/build/host-xz-5.2.5/src/scripts'
2025-12-13T21:30:17 make[5]: Leaving directory '/home/VuAirOS/buildroot-2021.05/output/build/host-xz-5.2.5/src/scripts'
2025-12-13T21:30:17 make[4]: Leaving directory '/home/VuAirOS/buildroot-2021.05/output/build/host-xz-5.2.5/src/scripts'
2025-12-13T21:30:17 make[3]: Leaving directory '/home/VuAirOS/buildroot-2021.05/output/build/host-xz-5.2.5/src/scripts'
2025-12-13T21:30:17 make[3]: Entering directory '/home/VuAirOS/buildroot-2021.05/output/build/host-xz-5.2.5/src'
2025-12-13T21:30:17 make[4]: Entering directory '/home/VuAirOS/buildroot-2021.05/output/build/host-xz-5.2.5/src'
2025-12-13T21:30:17 make[4]: Nothing to be done for 'install-exec-am'.
2025-12-13T21:30:17 make[4]: Nothing to be done for 'install-data-am'.
2025-12-13T21:30:17 make[4]: Leaving directory '/home/VuAirOS/buildroot-2021.05/output/build/host-xz-5.2.5/src'
2025-12-13T21:30:17 make[3]: Leaving directory '/home/VuAirOS/buildroot-2021.05/output/build/host-xz-5.2.5/src'
2025-12-13T21:30:17 make[2]: Leaving directory '/home/VuAirOS/buildroot-2021.05/output/build/host-xz-5.2.5/src'
2025-12-13T21:30:17 Making install in po
2025-12-13T21:30:17 make[2]: Entering directory '/home/VuAirOS/buildroot-2021.05/output/build/host-xz-5.2.5/po'
2025-12-13T21:30:17 Makefile:169: warning: ignoring prerequisites on suffix rule definition
2025-12-13T21:30:17 if test "xz" = "gettext-tools"; then   /usr/bin/mkdir -p /home/VuAirOS/buildroot-2021.05/output/host/share/gettext/po;   for file in Makefile.in.in remove-potcdate.sin quot.sed boldquot.sed en@quot.header en@boldquot.header insert-header.sin Rules-quot   Makevars.template; do     /usr/bin/install -c -m 644 ./$file 		    /home/VuAirOS/buildroot-2021.05/output/host/share/gettext/po/$file;   done;   for file in Makevars; do     rm -f /home/VuAirOS/buildroot-2021.05/output/host/share/gettext/po/$file;   done; else   : ; fi
2025-12-13T21:30:17 make[2]: Leaving directory '/home/VuAirOS/buildroot-2021.05/output/build/host-xz-5.2.5/po'
2025-12-13T21:30:17 Making install in tests
2025-12-13T21:30:17 make[2]: Entering directory '/home/VuAirOS/buildroot-2021.05/output/build/host-xz-5.2.5/tests'
2025-12-13T21:30:17 make[3]: Entering directory '/home/VuAirOS/buildroot-2021.05/output/build/host-xz-5.2.5/tests'
2025-12-13T21:30:17 make[3]: Nothing to be done for 'install-exec-am'.
2025-12-13T21:30:17 make[3]: Nothing to be done for 'install-data-am'.
2025-12-13T21:30:17 make[3]: Leaving directory '/home/VuAirOS/buildroot-2021.05/output/build/host-xz-5.2.5/tests'
2025-12-13T21:30:17 make[2]: Leaving directory '/home/VuAirOS/buildroot-2021.05/output/build/host-xz-5.2.5/tests'
2025-12-13T21:30:17 make[2]: Entering directory '/home/VuAirOS/buildroot-2021.05/output/build/host-xz-5.2.5'
2025-12-13T21:30:17 make[3]: Entering directory '/home/VuAirOS/buildroot-2021.05/output/build/host-xz-5.2.5'
2025-12-13T21:30:17 make[3]: Nothing to be done for 'install-exec-am'.
2025-12-13T21:30:17 make[3]: Leaving directory '/home/VuAirOS/buildroot-2021.05/output/build/host-xz-5.2.5'
2025-12-13T21:30:17 make[2]: Leaving directory '/home/VuAirOS/buildroot-2021.05/output/build/host-xz-5.2.5'
2025-12-13T21:30:17 make[1]: Leaving directory '/home/VuAirOS/buildroot-2021.05/output/build/host-xz-5.2.5'
2025-12-13T21:30:17 zlib-1.2.11.tar.xz: OK (sha256: 4ff941449631ace0d4d203e3483be9dbc9da454084111f97ea0a2114e19bf066)
2025-12-13T21:30:17 [7m>>> host-libzlib 1.2.11 Extracting[27m
2025-12-13T21:30:17 xzcat /home/VuAirOS/buildroot-2021.05/dl/libzlib/zlib-1.2.11.tar.xz | tar --strip-components=1 -C /home/VuAirOS/buildroot-2021.05/output/build/host-libzlib-1.2.11   -xf -
2025-12-13T21:30:17 [7m>>> host-libzlib 1.2.11 Patching[27m
2025-12-13T21:30:17 [7m>>> host-libzlib 1.2.11 Configuring[27m
2025-12-13T21:30:17 (cd /home/VuAirOS/buildroot-2021.05/output/build/host-libzlib-1.2.11; rm -rf config.cache;  PATH="/home/VuAirOS/buildroot-2021.05/output/host/bin:/home/VuAirOS/buildroot-2021.05/output/host/sbin:/usr/local/sbin:/usr/local/bin:/usr/sbin:/usr/bin:/sbin:/bin:/usr/games:/usr/local/games:/usr/lib/wsl/lib" PKG_CONFIG="/home/VuAirOS/buildroot-2021.05/output/host/bin/pkg-config" PKG_CONFIG_SYSROOT_DIR="/" PKG_CONFIG_ALLOW_SYSTEM_CFLAGS=1 PKG_CONFIG_ALLOW_SYSTEM_LIBS=1 PKG_CONFIG_LIBDIR="/home/VuAirOS/buildroot-2021.05/output/host/lib/pkgconfig:/home/VuAirOS/buildroot-2021.05/output/host/share/pkgconfig" AR="/usr/bin/ar" AS="/usr/bin/as" LD="/usr/bin/ld" NM="/usr/bin/nm" CC="/usr/bin/gcc" GCC="/usr/bin/gcc" CXX="/usr/bin/g++" CPP="/usr/bin/cpp" OBJCOPY="/usr/bin/objcopy" RANLIB="/usr/bin/ranlib" CPPFLAGS="-I/home/VuAirOS/buildroot-2021.05/output/host/include" CFLAGS="-O2 -I/home/VuAirOS/buildroot-2021.05/output/host/include" CXXFLAGS="-O2 -I/home/VuAirOS/buildroot-2021.05/output/host/include" LDFLAGS="-L/home/VuAirOS/buildroot-2021.05/output/host/lib -Wl,-rpath,/home/VuAirOS/buildroot-2021.05/output/host/lib" INTLTOOL_PERL=/usr/bin/perl ./configure --prefix="/home/VuAirOS/buildroot-2021.05/output/host" --sysconfdir="/home/VuAirOS/buildroot-2021.05/output/host/etc" )
2025-12-13T21:30:17 ignored option: --sysconfdir
2025-12-13T21:30:17 Checking for shared library support...
2025-12-13T21:30:17 Building shared library libz.so.1.2.11 with /usr/bin/gcc.
2025-12-13T21:30:17 Checking for size_t... Yes.
2025-12-13T21:30:17 Checking for off64_t... Yes.
2025-12-13T21:30:17 Checking for fseeko... Yes.
2025-12-13T21:30:17 Checking for strerror... Yes.
2025-12-13T21:30:17 Checking for unistd.h... Yes.
2025-12-13T21:30:17 Checking for stdarg.h... Yes.
2025-12-13T21:30:17 Checking whether to use vs[n]printf() or s[n]printf()... using vs[n]printf().
2025-12-13T21:30:17 Checking for vsnprintf() in stdio.h... Yes.
2025-12-13T21:30:17 Checking for return value of vsnprintf()... Yes.
2025-12-13T21:30:17 Checking for attribute(visibility) support... Yes.
2025-12-13T21:30:17 [7m>>> host-libzlib 1.2.11 Building[27m
2025-12-13T21:30:17 PATH="/home/VuAirOS/buildroot-2021.05/output/host/bin:/home/VuAirOS/buildroot-2021.05/output/host/sbin:/usr/local/sbin:/usr/local/bin:/usr/sbin:/usr/bin:/sbin:/bin:/usr/games:/usr/local/games:/usr/lib/wsl/lib" PKG_CONFIG="/home/VuAirOS/buildroot-2021.05/output/host/bin/pkg-config" PKG_CONFIG_SYSROOT_DIR="/" PKG_CONFIG_ALLOW_SYSTEM_CFLAGS=1 PKG_CONFIG_ALLOW_SYSTEM_LIBS=1 PKG_CONFIG_LIBDIR="/home/VuAirOS/buildroot-2021.05/output/host/lib/pkgconfig:/home/VuAirOS/buildroot-2021.05/output/host/share/pkgconfig" /usr/bin/make -j1 -C /home/VuAirOS/buildroot-2021.05/output/build/host-libzlib-1.2.11
2025-12-13T21:30:17 make[1]: Entering directory '/home/VuAirOS/buildroot-2021.05'
2025-12-13T21:30:17 make[1]: warning: -j1 forced in submake: resetting jobserver mode.
2025-12-13T21:30:17 /usr/bin/gcc -O2 -I/home/VuAirOS/buildroot-2021.05/output/host/include -D_LARGEFILE64_SOURCE=1 -DHAVE_HIDDEN -I. -c -o example.o test/example.c
2025-12-13T21:30:17 /usr/bin/gcc -O2 -I/home/VuAirOS/buildroot-2021.05/output/host/include -D_LARGEFILE64_SOURCE=1 -DHAVE_HIDDEN  -c -o adler32.o adler32.c
2025-12-13T21:30:17 /usr/bin/gcc -O2 -I/home/VuAirOS/buildroot-2021.05/output/host/include -D_LARGEFILE64_SOURCE=1 -DHAVE_HIDDEN  -c -o crc32.o crc32.c
2025-12-13T21:30:17 /usr/bin/gcc -O2 -I/home/VuAirOS/buildroot-2021.05/output/host/include -D_LARGEFILE64_SOURCE=1 -DHAVE_HIDDEN  -c -o deflate.o deflate.c
2025-12-13T21:30:17 /usr/bin/gcc -O2 -I/home/VuAirOS/buildroot-2021.05/output/host/include -D_LARGEFILE64_SOURCE=1 -DHAVE_HIDDEN  -c -o infback.o infback.c
2025-12-13T21:30:18 /usr/bin/gcc -O2 -I/home/VuAirOS/buildroot-2021.05/output/host/include -D_LARGEFILE64_SOURCE=1 -DHAVE_HIDDEN  -c -o inffast.o inffast.c
2025-12-13T21:30:18 /usr/bin/gcc -O2 -I/home/VuAirOS/buildroot-2021.05/output/host/include -D_LARGEFILE64_SOURCE=1 -DHAVE_HIDDEN  -c -o inflate.o inflate.c
2025-12-13T21:30:18 /usr/bin/gcc -O2 -I/home/VuAirOS/buildroot-2021.05/output/host/include -D_LARGEFILE64_SOURCE=1 -DHAVE_HIDDEN  -c -o inftrees.o inftrees.c
2025-12-13T21:30:18 /usr/bin/gcc -O2 -I/home/VuAirOS/buildroot-2021.05/output/host/include -D_LARGEFILE64_SOURCE=1 -DHAVE_HIDDEN  -c -o trees.o trees.c
2025-12-13T21:30:18 /usr/bin/gcc -O2 -I/home/VuAirOS/buildroot-2021.05/output/host/include -D_LARGEFILE64_SOURCE=1 -DHAVE_HIDDEN  -c -o zutil.o zutil.c
2025-12-13T21:30:18 /usr/bin/gcc -O2 -I/home/VuAirOS/buildroot-2021.05/output/host/include -D_LARGEFILE64_SOURCE=1 -DHAVE_HIDDEN  -c -o compress.o compress.c
2025-12-13T21:30:18 /usr/bin/gcc -O2 -I/home/VuAirOS/buildroot-2021.05/output/host/include -D_LARGEFILE64_SOURCE=1 -DHAVE_HIDDEN  -c -o uncompr.o uncompr.c
2025-12-13T21:30:18 /usr/bin/gcc -O2 -I/home/VuAirOS/buildroot-2021.05/output/host/include -D_LARGEFILE64_SOURCE=1 -DHAVE_HIDDEN  -c -o gzclose.o gzclose.c
2025-12-13T21:30:18 /usr/bin/gcc -O2 -I/home/VuAirOS/buildroot-2021.05/output/host/include -D_LARGEFILE64_SOURCE=1 -DHAVE_HIDDEN  -c -o gzlib.o gzlib.c
2025-12-13T21:30:18 /usr/bin/gcc -O2 -I/home/VuAirOS/buildroot-2021.05/output/host/include -D_LARGEFILE64_SOURCE=1 -DHAVE_HIDDEN  -c -o gzread.o gzread.c
2025-12-13T21:30:18 /usr/bin/gcc -O2 -I/home/VuAirOS/buildroot-2021.05/output/host/include -D_LARGEFILE64_SOURCE=1 -DHAVE_HIDDEN  -c -o gzwrite.o gzwrite.c
2025-12-13T21:30:18 /usr/bin/ar rc libz.a adler32.o crc32.o deflate.o infback.o inffast.o inflate.o inftrees.o trees.o zutil.o compress.o uncompr.o gzclose.o gzlib.o gzread.o gzwrite.o
2025-12-13T21:30:18 /usr/bin/gcc -O2 -I/home/VuAirOS/buildroot-2021.05/output/host/include -D_LARGEFILE64_SOURCE=1 -DHAVE_HIDDEN -o example example.o -L. libz.a
2025-12-13T21:30:18 /usr/bin/gcc -O2 -I/home/VuAirOS/buildroot-2021.05/output/host/include -D_LARGEFILE64_SOURCE=1 -DHAVE_HIDDEN -I. -c -o minigzip.o test/minigzip.c
2025-12-13T21:30:18 /usr/bin/gcc -O2 -I/home/VuAirOS/buildroot-2021.05/output/host/include -D_LARGEFILE64_SOURCE=1 -DHAVE_HIDDEN -o minigzip minigzip.o -L. libz.a
2025-12-13T21:30:18 /usr/bin/gcc -O2 -I/home/VuAirOS/buildroot-2021.05/output/host/include -fPIC -D_LARGEFILE64_SOURCE=1 -DHAVE_HIDDEN  -DPIC -c -o objs/adler32.o adler32.c
2025-12-13T21:30:18 /usr/bin/gcc -O2 -I/home/VuAirOS/buildroot-2021.05/output/host/include -fPIC -D_LARGEFILE64_SOURCE=1 -DHAVE_HIDDEN  -DPIC -c -o objs/crc32.o crc32.c
2025-12-13T21:30:18 /usr/bin/gcc -O2 -I/home/VuAirOS/buildroot-2021.05/output/host/include -fPIC -D_LARGEFILE64_SOURCE=1 -DHAVE_HIDDEN  -DPIC -c -o objs/deflate.o deflate.c
2025-12-13T21:30:19 /usr/bin/gcc -O2 -I/home/VuAirOS/buildroot-2021.05/output/host/include -fPIC -D_LARGEFILE64_SOURCE=1 -DHAVE_HIDDEN  -DPIC -c -o objs/infback.o infback.c
2025-12-13T21:30:19 /usr/bin/gcc -O2 -I/home/VuAirOS/buildroot-2021.05/output/host/include -fPIC -D_LARGEFILE64_SOURCE=1 -DHAVE_HIDDEN  -DPIC -c -o objs/inffast.o inffast.c
2025-12-13T21:30:19 /usr/bin/gcc -O2 -I/home/VuAirOS/buildroot-2021.05/output/host/include -fPIC -D_LARGEFILE64_SOURCE=1 -DHAVE_HIDDEN  -DPIC -c -o objs/inflate.o inflate.c
2025-12-13T21:30:19 /usr/bin/gcc -O2 -I/home/VuAirOS/buildroot-2021.05/output/host/include -fPIC -D_LARGEFILE64_SOURCE=1 -DHAVE_HIDDEN  -DPIC -c -o objs/inftrees.o inftrees.c
2025-12-13T21:30:19 /usr/bin/gcc -O2 -I/home/VuAirOS/buildroot-2021.05/output/host/include -fPIC -D_LARGEFILE64_SOURCE=1 -DHAVE_HIDDEN  -DPIC -c -o objs/trees.o trees.c
2025-12-13T21:30:19 /usr/bin/gcc -O2 -I/home/VuAirOS/buildroot-2021.05/output/host/include -fPIC -D_LARGEFILE64_SOURCE=1 -DHAVE_HIDDEN  -DPIC -c -o objs/zutil.o zutil.c
2025-12-13T21:30:19 /usr/bin/gcc -O2 -I/home/VuAirOS/buildroot-2021.05/output/host/include -fPIC -D_LARGEFILE64_SOURCE=1 -DHAVE_HIDDEN  -DPIC -c -o objs/compress.o compress.c
2025-12-13T21:30:19 /usr/bin/gcc -O2 -I/home/VuAirOS/buildroot-2021.05/output/host/include -fPIC -D_LARGEFILE64_SOURCE=1 -DHAVE_HIDDEN  -DPIC -c -o objs/uncompr.o uncompr.c
2025-12-13T21:30:19 /usr/bin/gcc -O2 -I/home/VuAirOS/buildroot-2021.05/output/host/include -fPIC -D_LARGEFILE64_SOURCE=1 -DHAVE_HIDDEN  -DPIC -c -o objs/gzclose.o gzclose.c
2025-12-13T21:30:19 /usr/bin/gcc -O2 -I/home/VuAirOS/buildroot-2021.05/output/host/include -fPIC -D_LARGEFILE64_SOURCE=1 -DHAVE_HIDDEN  -DPIC -c -o objs/gzlib.o gzlib.c
2025-12-13T21:30:19 /usr/bin/gcc -O2 -I/home/VuAirOS/buildroot-2021.05/output/host/include -fPIC -D_LARGEFILE64_SOURCE=1 -DHAVE_HIDDEN  -DPIC -c -o objs/gzread.o gzread.c
2025-12-13T21:30:19 /usr/bin/gcc -O2 -I/home/VuAirOS/buildroot-2021.05/output/host/include -fPIC -D_LARGEFILE64_SOURCE=1 -DHAVE_HIDDEN  -DPIC -c -o objs/gzwrite.o gzwrite.c
2025-12-13T21:30:19 /usr/bin/gcc -shared -Wl,-soname,libz.so.1,--version-script,zlib.map -O2 -I/home/VuAirOS/buildroot-2021.05/output/host/include -fPIC -D_LARGEFILE64_SOURCE=1 -DHAVE_HIDDEN -o libz.so.1.2.11 adler32.lo crc32.lo deflate.lo infback.lo inffast.lo inflate.lo inftrees.lo trees.lo zutil.lo compress.lo uncompr.lo gzclose.lo gzlib.lo gzread.lo gzwrite.lo  -lc -L/home/VuAirOS/buildroot-2021.05/output/host/lib -Wl,-rpath,/home/VuAirOS/buildroot-2021.05/output/host/lib
2025-12-13T21:30:20 rm -f libz.so libz.so.1
2025-12-13T21:30:20 ln -s libz.so.1.2.11 libz.so
2025-12-13T21:30:20 ln -s libz.so.1.2.11 libz.so.1
2025-12-13T21:30:20 /usr/bin/gcc -O2 -I/home/VuAirOS/buildroot-2021.05/output/host/include -D_LARGEFILE64_SOURCE=1 -DHAVE_HIDDEN -o examplesh example.o -L. libz.so.1.2.11
2025-12-13T21:30:20 /usr/bin/gcc -O2 -I/home/VuAirOS/buildroot-2021.05/output/host/include -D_LARGEFILE64_SOURCE=1 -DHAVE_HIDDEN -o minigzipsh minigzip.o -L. libz.so.1.2.11
2025-12-13T21:30:20 /usr/bin/gcc -O2 -I/home/VuAirOS/buildroot-2021.05/output/host/include -D_LARGEFILE64_SOURCE=1 -DHAVE_HIDDEN -I. -D_FILE_OFFSET_BITS=64 -c -o example64.o test/example.c
2025-12-13T21:30:20 /usr/bin/gcc -O2 -I/home/VuAirOS/buildroot-2021.05/output/host/include -D_LARGEFILE64_SOURCE=1 -DHAVE_HIDDEN -o example64 example64.o -L. libz.a
2025-12-13T21:30:20 /usr/bin/gcc -O2 -I/home/VuAirOS/buildroot-2021.05/output/host/include -D_LARGEFILE64_SOURCE=1 -DHAVE_HIDDEN -I. -D_FILE_OFFSET_BITS=64 -c -o minigzip64.o test/minigzip.c
2025-12-13T21:30:20 /usr/bin/gcc -O2 -I/home/VuAirOS/buildroot-2021.05/output/host/include -D_LARGEFILE64_SOURCE=1 -DHAVE_HIDDEN -o minigzip64 minigzip64.o -L. libz.a
2025-12-13T21:30:20 make[1]: Leaving directory '/home/VuAirOS/buildroot-2021.05/output/build/host-libzlib-1.2.11'
2025-12-13T21:30:20 [7m>>> host-libzlib 1.2.11 Installing to host directory[27m
2025-12-13T21:30:20 PATH="/home/VuAirOS/buildroot-2021.05/output/host/bin:/home/VuAirOS/buildroot-2021.05/output/host/sbin:/usr/local/sbin:/usr/local/bin:/usr/sbin:/usr/bin:/sbin:/bin:/usr/games:/usr/local/games:/usr/lib/wsl/lib" PKG_CONFIG="/home/VuAirOS/buildroot-2021.05/output/host/bin/pkg-config" PKG_CONFIG_SYSROOT_DIR="/" PKG_CONFIG_ALLOW_SYSTEM_CFLAGS=1 PKG_CONFIG_ALLOW_SYSTEM_LIBS=1 PKG_CONFIG_LIBDIR="/home/VuAirOS/buildroot-2021.05/output/host/lib/pkgconfig:/home/VuAirOS/buildroot-2021.05/output/host/share/pkgconfig" /usr/bin/make -j1 -C /home/VuAirOS/buildroot-2021.05/output/build/host-libzlib-1.2.11 LDCONFIG=true install
2025-12-13T21:30:20 make[1]: Entering directory '/home/VuAirOS/buildroot-2021.05'
2025-12-13T21:30:20 make[1]: warning: -j1 forced in submake: resetting jobserver mode.
2025-12-13T21:30:20 rm -f /home/VuAirOS/buildroot-2021.05/output/host/lib/libz.a
2025-12-13T21:30:20 cp libz.a /home/VuAirOS/buildroot-2021.05/output/host/lib
2025-12-13T21:30:20 chmod 644 /home/VuAirOS/buildroot-2021.05/output/host/lib/libz.a
2025-12-13T21:30:20 cp libz.so.1.2.11 /home/VuAirOS/buildroot-2021.05/output/host/lib
2025-12-13T21:30:20 chmod 755 /home/VuAirOS/buildroot-2021.05/output/host/lib/libz.so.1.2.11
2025-12-13T21:30:20 rm -f /home/VuAirOS/buildroot-2021.05/output/host/share/man/man3/zlib.3
2025-12-13T21:30:20 cp zlib.3 /home/VuAirOS/buildroot-2021.05/output/host/share/man/man3
2025-12-13T21:30:20 chmod 644 /home/VuAirOS/buildroot-2021.05/output/host/share/man/man3/zlib.3
2025-12-13T21:30:20 rm -f /home/VuAirOS/buildroot-2021.05/output/host/lib/pkgconfig/zlib.pc
2025-12-13T21:30:20 cp zlib.pc /home/VuAirOS/buildroot-2021.05/output/host/lib/pkgconfig
2025-12-13T21:30:20 chmod 644 /home/VuAirOS/buildroot-2021.05/output/host/lib/pkgconfig/zlib.pc
2025-12-13T21:30:20 rm -f /home/VuAirOS/buildroot-2021.05/output/host/include/zlib.h /home/VuAirOS/buildroot-2021.05/output/host/include/zconf.h
2025-12-13T21:30:20 cp zlib.h zconf.h /home/VuAirOS/buildroot-2021.05/output/host/include
2025-12-13T21:30:20 chmod 644 /home/VuAirOS/buildroot-2021.05/output/host/include/zlib.h /home/VuAirOS/buildroot-2021.05/output/host/include/zconf.h
2025-12-13T21:30:20 make[1]: Leaving directory '/home/VuAirOS/buildroot-2021.05/output/build/host-libzlib-1.2.11'
2025-12-13T21:30:20 [7m>>> host-zlib  Extracting[27m
2025-12-13T21:30:20 [7m>>> host-zlib  Patching[27m
2025-12-13T21:30:20 [7m>>> host-zlib  Configuring[27m
2025-12-13T21:30:20 [7m>>> host-zlib  Building[27m
2025-12-13T21:30:20 [7m>>> host-zlib  Installing to host directory[27m
2025-12-13T21:30:20 zstd-1.4.9.tar.gz: OK (sha256: 29ac74e19ea28659017361976240c4b5c5c24db3b89338731a6feb97c038d293)
2025-12-13T21:30:20 [7m>>> host-zstd 1.4.9 Extracting[27m
2025-12-13T21:30:20 gzip -d -c /home/VuAirOS/buildroot-2021.05/dl/zstd/zstd-1.4.9.tar.gz | tar --strip-components=1 -C /home/VuAirOS/buildroot-2021.05/output/build/host-zstd-1.4.9   -xf -
2025-12-13T21:30:20 [7m>>> host-zstd 1.4.9 Patching[27m
2025-12-13T21:30:20 [7m>>> host-zstd 1.4.9 Configuring[27m
2025-12-13T21:30:20 [7m>>> host-zstd 1.4.9 Building[27m
2025-12-13T21:30:20 PATH="/home/VuAirOS/buildroot-2021.05/output/host/bin:/home/VuAirOS/buildroot-2021.05/output/host/sbin:/usr/local/sbin:/usr/local/bin:/usr/sbin:/usr/bin:/sbin:/bin:/usr/games:/usr/local/games:/usr/lib/wsl/lib" PKG_CONFIG="/home/VuAirOS/buildroot-2021.05/output/host/bin/pkg-config" PKG_CONFIG_SYSROOT_DIR="/" PKG_CONFIG_ALLOW_SYSTEM_CFLAGS=1 PKG_CONFIG_ALLOW_SYSTEM_LIBS=1 PKG_CONFIG_LIBDIR="/home/VuAirOS/buildroot-2021.05/output/host/lib/pkgconfig:/home/VuAirOS/buildroot-2021.05/output/host/share/pkgconfig" PATH="/home/VuAirOS/buildroot-2021.05/output/host/bin:/home/VuAirOS/buildroot-2021.05/output/host/sbin:/usr/local/sbin:/usr/local/bin:/usr/sbin:/usr/bin:/sbin:/bin:/usr/games:/usr/local/games:/usr/lib/wsl/lib" PKG_CONFIG="/home/VuAirOS/buildroot-2021.05/output/host/bin/pkg-config" PKG_CONFIG_SYSROOT_DIR="/" PKG_CONFIG_ALLOW_SYSTEM_CFLAGS=1 PKG_CONFIG_ALLOW_SYSTEM_LIBS=1 PKG_CONFIG_LIBDIR="/home/VuAirOS/buildroot-2021.05/output/host/lib/pkgconfig:/home/VuAirOS/buildroot-2021.05/output/host/share/pkgconfig" AR="/usr/bin/ar" AS="/usr/bin/as" LD="/usr/bin/ld" NM="/usr/bin/nm" CC="/usr/bin/gcc" GCC="/usr/bin/gcc" CXX="/usr/bin/g++" CPP="/usr/bin/cpp" OBJCOPY="/usr/bin/objcopy" RANLIB="/usr/bin/ranlib" CPPFLAGS="-I/home/VuAirOS/buildroot-2021.05/output/host/include" CFLAGS="-O2 -I/home/VuAirOS/buildroot-2021.05/output/host/include" CXXFLAGS="-O2 -I/home/VuAirOS/buildroot-2021.05/output/host/include" LDFLAGS="-L/home/VuAirOS/buildroot-2021.05/output/host/lib -Wl,-rpath,/home/VuAirOS/buildroot-2021.05/output/host/lib" INTLTOOL_PERL=/usr/bin/perl /usr/bin/make  HAVE_THREAD=1 -C /home/VuAirOS/buildroot-2021.05/output/build/host-zstd-1.4.9/lib libzstd.a-mt libzstd-mt
2025-12-13T21:30:20 make[1]: Entering directory '/home/VuAirOS/buildroot-2021.05/output/build/host-zstd-1.4.9/lib'
2025-12-13T21:30:20 CC obj/conf_4c019aeba112d26c67bdf3bceaafb653/static/debug.o
2025-12-13T21:30:20 CC obj/conf_4c019aeba112d26c67bdf3bceaafb653/static/entropy_common.o
2025-12-13T21:30:20 CC obj/conf_b00b93938956f61ae66ea41b0d644b8e/dynamic/debug.o
2025-12-13T21:30:20 CC obj/conf_4c019aeba112d26c67bdf3bceaafb653/static/error_private.o
2025-12-13T21:30:20 CC obj/conf_b00b93938956f61ae66ea41b0d644b8e/dynamic/entropy_common.o
2025-12-13T21:30:20 CC obj/conf_b00b93938956f61ae66ea41b0d644b8e/dynamic/error_private.o
2025-12-13T21:30:20 CC obj/conf_4c019aeba112d26c67bdf3bceaafb653/static/fse_decompress.o
2025-12-13T21:30:20 CC obj/conf_b00b93938956f61ae66ea41b0d644b8e/dynamic/fse_decompress.o
2025-12-13T21:30:20 CC obj/conf_4c019aeba112d26c67bdf3bceaafb653/static/pool.o
2025-12-13T21:30:20 CC obj/conf_4c019aeba112d26c67bdf3bceaafb653/static/threading.o
2025-12-13T21:30:20 CC obj/conf_4c019aeba112d26c67bdf3bceaafb653/static/xxhash.o
2025-12-13T21:30:20 CC obj/conf_b00b93938956f61ae66ea41b0d644b8e/dynamic/pool.o
2025-12-13T21:30:20 CC obj/conf_b00b93938956f61ae66ea41b0d644b8e/dynamic/threading.o
2025-12-13T21:30:20 CC obj/conf_4c019aeba112d26c67bdf3bceaafb653/static/zstd_common.o
2025-12-13T21:30:20 CC obj/conf_b00b93938956f61ae66ea41b0d644b8e/dynamic/xxhash.o
2025-12-13T21:30:20 CC obj/conf_4c019aeba112d26c67bdf3bceaafb653/static/zstd_trace.o
2025-12-13T21:30:20 CC obj/conf_b00b93938956f61ae66ea41b0d644b8e/dynamic/zstd_common.o
2025-12-13T21:30:20 CC obj/conf_4c019aeba112d26c67bdf3bceaafb653/static/fse_compress.o
2025-12-13T21:30:20 CC obj/conf_4c019aeba112d26c67bdf3bceaafb653/static/hist.o
2025-12-13T21:30:20 CC obj/conf_b00b93938956f61ae66ea41b0d644b8e/dynamic/zstd_trace.o
2025-12-13T21:30:20 CC obj/conf_4c019aeba112d26c67bdf3bceaafb653/static/huf_compress.o
2025-12-13T21:30:20 CC obj/conf_4c019aeba112d26c67bdf3bceaafb653/static/zstd_compress.o
2025-12-13T21:30:20 CC obj/conf_b00b93938956f61ae66ea41b0d644b8e/dynamic/fse_compress.o
2025-12-13T21:30:20 CC obj/conf_4c019aeba112d26c67bdf3bceaafb653/static/zstd_compress_literals.o
2025-12-13T21:30:20 CC obj/conf_4c019aeba112d26c67bdf3bceaafb653/static/zstd_compress_sequences.o
2025-12-13T21:30:20 CC obj/conf_b00b93938956f61ae66ea41b0d644b8e/dynamic/hist.o
2025-12-13T21:30:20 CC obj/conf_4c019aeba112d26c67bdf3bceaafb653/static/zstd_compress_superblock.o
2025-12-13T21:30:20 CC obj/conf_b00b93938956f61ae66ea41b0d644b8e/dynamic/huf_compress.o
2025-12-13T21:30:20 CC obj/conf_4c019aeba112d26c67bdf3bceaafb653/static/zstd_double_fast.o
2025-12-13T21:30:20 CC obj/conf_4c019aeba112d26c67bdf3bceaafb653/static/zstd_fast.o
2025-12-13T21:30:20 CC obj/conf_b00b93938956f61ae66ea41b0d644b8e/dynamic/zstd_compress.o
2025-12-13T21:30:20 CC obj/conf_b00b93938956f61ae66ea41b0d644b8e/dynamic/zstd_compress_literals.o
2025-12-13T21:30:20 CC obj/conf_4c019aeba112d26c67bdf3bceaafb653/static/zstd_lazy.o
2025-12-13T21:30:20 CC obj/conf_b00b93938956f61ae66ea41b0d644b8e/dynamic/zstd_compress_sequences.o
2025-12-13T21:30:20 CC obj/conf_b00b93938956f61ae66ea41b0d644b8e/dynamic/zstd_compress_superblock.o
2025-12-13T21:30:20 CC obj/conf_b00b93938956f61ae66ea41b0d644b8e/dynamic/zstd_double_fast.o
2025-12-13T21:30:20 CC obj/conf_4c019aeba112d26c67bdf3bceaafb653/static/zstd_ldm.o
2025-12-13T21:30:20 CC obj/conf_4c019aeba112d26c67bdf3bceaafb653/static/zstd_opt.o
2025-12-13T21:30:20 CC obj/conf_4c019aeba112d26c67bdf3bceaafb653/static/zstdmt_compress.o
2025-12-13T21:30:20 CC obj/conf_b00b93938956f61ae66ea41b0d644b8e/dynamic/zstd_fast.o
2025-12-13T21:30:20 CC obj/conf_4c019aeba112d26c67bdf3bceaafb653/static/huf_decompress.o
2025-12-13T21:30:20 CC obj/conf_b00b93938956f61ae66ea41b0d644b8e/dynamic/zstd_lazy.o
2025-12-13T21:30:20 CC obj/conf_b00b93938956f61ae66ea41b0d644b8e/dynamic/zstd_ldm.o
2025-12-13T21:30:21 CC obj/conf_b00b93938956f61ae66ea41b0d644b8e/dynamic/zstd_opt.o
2025-12-13T21:30:21 CC obj/conf_4c019aeba112d26c67bdf3bceaafb653/static/zstd_ddict.o
2025-12-13T21:30:21 CC obj/conf_4c019aeba112d26c67bdf3bceaafb653/static/zstd_decompress.o
2025-12-13T21:30:21 CC obj/conf_4c019aeba112d26c67bdf3bceaafb653/static/zstd_decompress_block.o
2025-12-13T21:30:21 CC obj/conf_b00b93938956f61ae66ea41b0d644b8e/dynamic/zstdmt_compress.o
2025-12-13T21:30:21 CC obj/conf_4c019aeba112d26c67bdf3bceaafb653/static/zbuff_common.o
2025-12-13T21:30:21 CC obj/conf_4c019aeba112d26c67bdf3bceaafb653/static/zbuff_compress.o
2025-12-13T21:30:21 CC obj/conf_b00b93938956f61ae66ea41b0d644b8e/dynamic/huf_decompress.o
2025-12-13T21:30:21 CC obj/conf_4c019aeba112d26c67bdf3bceaafb653/static/zbuff_decompress.o
2025-12-13T21:30:21 CC obj/conf_4c019aeba112d26c67bdf3bceaafb653/static/cover.o
2025-12-13T21:30:21 CC obj/conf_b00b93938956f61ae66ea41b0d644b8e/dynamic/zstd_ddict.o
2025-12-13T21:30:21 CC obj/conf_b00b93938956f61ae66ea41b0d644b8e/dynamic/zstd_decompress.o
2025-12-13T21:30:21 CC obj/conf_4c019aeba112d26c67bdf3bceaafb653/static/divsufsort.o
2025-12-13T21:30:22 CC obj/conf_4c019aeba112d26c67bdf3bceaafb653/static/fastcover.o
2025-12-13T21:30:22 CC obj/conf_b00b93938956f61ae66ea41b0d644b8e/dynamic/zstd_decompress_block.o
2025-12-13T21:30:22 CC obj/conf_4c019aeba112d26c67bdf3bceaafb653/static/zdict.o
2025-12-13T21:30:22 CC obj/conf_4c019aeba112d26c67bdf3bceaafb653/static/zstd_v05.o
2025-12-13T21:30:22 CC obj/conf_b00b93938956f61ae66ea41b0d644b8e/dynamic/zbuff_common.o
2025-12-13T21:30:22 CC obj/conf_4c019aeba112d26c67bdf3bceaafb653/static/zstd_v06.o
2025-12-13T21:30:22 CC obj/conf_b00b93938956f61ae66ea41b0d644b8e/dynamic/zbuff_compress.o
2025-12-13T21:30:22 CC obj/conf_4c019aeba112d26c67bdf3bceaafb653/static/zstd_v07.o
2025-12-13T21:30:22 CC obj/conf_b00b93938956f61ae66ea41b0d644b8e/dynamic/zbuff_decompress.o
2025-12-13T21:30:22 CC obj/conf_b00b93938956f61ae66ea41b0d644b8e/dynamic/cover.o
2025-12-13T21:30:22 CC obj/conf_b00b93938956f61ae66ea41b0d644b8e/dynamic/divsufsort.o
2025-12-13T21:30:22 CC obj/conf_b00b93938956f61ae66ea41b0d644b8e/dynamic/fastcover.o
2025-12-13T21:30:22 CC obj/conf_b00b93938956f61ae66ea41b0d644b8e/dynamic/zdict.o
2025-12-13T21:30:22 CC obj/conf_b00b93938956f61ae66ea41b0d644b8e/dynamic/zstd_v05.o
2025-12-13T21:30:23 CC obj/conf_b00b93938956f61ae66ea41b0d644b8e/dynamic/zstd_v06.o
2025-12-13T21:30:23 CC obj/conf_b00b93938956f61ae66ea41b0d644b8e/dynamic/zstd_v07.o
2025-12-13T21:30:27 compiling static library
2025-12-13T21:30:27 multi-threading build completed
2025-12-13T21:30:27 compiling dynamic library 1.4.9
2025-12-13T21:30:27 creating versioned links
2025-12-13T21:30:27 multi-threading build completed
2025-12-13T21:30:27 make[1]: Leaving directory '/home/VuAirOS/buildroot-2021.05/output/build/host-zstd-1.4.9/lib'
2025-12-13T21:30:27 PATH="/home/VuAirOS/buildroot-2021.05/output/host/bin:/home/VuAirOS/buildroot-2021.05/output/host/sbin:/usr/local/sbin:/usr/local/bin:/usr/sbin:/usr/bin:/sbin:/bin:/usr/games:/usr/local/games:/usr/lib/wsl/lib" PKG_CONFIG="/home/VuAirOS/buildroot-2021.05/output/host/bin/pkg-config" PKG_CONFIG_SYSROOT_DIR="/" PKG_CONFIG_ALLOW_SYSTEM_CFLAGS=1 PKG_CONFIG_ALLOW_SYSTEM_LIBS=1 PKG_CONFIG_LIBDIR="/home/VuAirOS/buildroot-2021.05/output/host/lib/pkgconfig:/home/VuAirOS/buildroot-2021.05/output/host/share/pkgconfig" PATH="/home/VuAirOS/buildroot-2021.05/output/host/bin:/home/VuAirOS/buildroot-2021.05/output/host/sbin:/usr/local/sbin:/usr/local/bin:/usr/sbin:/usr/bin:/sbin:/bin:/usr/games:/usr/local/games:/usr/lib/wsl/lib" PKG_CONFIG="/home/VuAirOS/buildroot-2021.05/output/host/bin/pkg-config" PKG_CONFIG_SYSROOT_DIR="/" PKG_CONFIG_ALLOW_SYSTEM_CFLAGS=1 PKG_CONFIG_ALLOW_SYSTEM_LIBS=1 PKG_CONFIG_LIBDIR="/home/VuAirOS/buildroot-2021.05/output/host/lib/pkgconfig:/home/VuAirOS/buildroot-2021.05/output/host/share/pkgconfig" AR="/usr/bin/ar" AS="/usr/bin/as" LD="/usr/bin/ld" NM="/usr/bin/nm" CC="/usr/bin/gcc" GCC="/usr/bin/gcc" CXX="/usr/bin/g++" CPP="/usr/bin/cpp" OBJCOPY="/usr/bin/objcopy" RANLIB="/usr/bin/ranlib" CPPFLAGS="-I/home/VuAirOS/buildroot-2021.05/output/host/include" CFLAGS="-O2 -I/home/VuAirOS/buildroot-2021.05/output/host/include" CXXFLAGS="-O2 -I/home/VuAirOS/buildroot-2021.05/output/host/include" LDFLAGS="-L/home/VuAirOS/buildroot-2021.05/output/host/lib -Wl,-rpath,/home/VuAirOS/buildroot-2021.05/output/host/lib" INTLTOOL_PERL=/usr/bin/perl /usr/bin/make  HAVE_THREAD=1 -C /home/VuAirOS/buildroot-2021.05/output/build/host-zstd-1.4.9 zstd
2025-12-13T21:30:27 make[1]: Entering directory '/home/VuAirOS/buildroot-2021.05/output/build/host-zstd-1.4.9'
2025-12-13T21:30:27 make[2]: Entering directory '/home/VuAirOS/buildroot-2021.05/output/build/host-zstd-1.4.9/programs'
2025-12-13T21:30:27 CC obj/conf_657421e231957c8f316be7d455e4173a/debug.o
2025-12-13T21:30:27 CC obj/conf_657421e231957c8f316be7d455e4173a/entropy_common.o
2025-12-13T21:30:27 CC obj/conf_657421e231957c8f316be7d455e4173a/error_private.o
2025-12-13T21:30:27 CC obj/conf_657421e231957c8f316be7d455e4173a/fse_decompress.o
2025-12-13T21:30:27 CC obj/conf_657421e231957c8f316be7d455e4173a/pool.o
2025-12-13T21:30:27 CC obj/conf_657421e231957c8f316be7d455e4173a/threading.o
2025-12-13T21:30:27 CC obj/conf_657421e231957c8f316be7d455e4173a/xxhash.o
2025-12-13T21:30:27 CC obj/conf_657421e231957c8f316be7d455e4173a/zstd_common.o
2025-12-13T21:30:27 CC obj/conf_657421e231957c8f316be7d455e4173a/zstd_trace.o
2025-12-13T21:30:27 CC obj/conf_657421e231957c8f316be7d455e4173a/fse_compress.o
2025-12-13T21:30:27 CC obj/conf_657421e231957c8f316be7d455e4173a/hist.o
2025-12-13T21:30:27 CC obj/conf_657421e231957c8f316be7d455e4173a/huf_compress.o
2025-12-13T21:30:27 CC obj/conf_657421e231957c8f316be7d455e4173a/zstd_compress.o
2025-12-13T21:30:27 CC obj/conf_657421e231957c8f316be7d455e4173a/zstd_compress_literals.o
2025-12-13T21:30:27 CC obj/conf_657421e231957c8f316be7d455e4173a/zstd_compress_sequences.o
2025-12-13T21:30:27 CC obj/conf_657421e231957c8f316be7d455e4173a/zstd_compress_superblock.o
2025-12-13T21:30:27 CC obj/conf_657421e231957c8f316be7d455e4173a/zstd_double_fast.o
2025-12-13T21:30:27 CC obj/conf_657421e231957c8f316be7d455e4173a/zstd_fast.o
2025-12-13T21:30:27 CC obj/conf_657421e231957c8f316be7d455e4173a/zstd_lazy.o
2025-12-13T21:30:27 CC obj/conf_657421e231957c8f316be7d455e4173a/zstd_ldm.o
2025-12-13T21:30:27 CC obj/conf_657421e231957c8f316be7d455e4173a/zstd_opt.o
2025-12-13T21:30:27 CC obj/conf_657421e231957c8f316be7d455e4173a/zstdmt_compress.o
2025-12-13T21:30:27 CC obj/conf_657421e231957c8f316be7d455e4173a/huf_decompress.o
2025-12-13T21:30:28 CC obj/conf_657421e231957c8f316be7d455e4173a/zstd_ddict.o
2025-12-13T21:30:28 CC obj/conf_657421e231957c8f316be7d455e4173a/zstd_decompress.o
2025-12-13T21:30:28 CC obj/conf_657421e231957c8f316be7d455e4173a/zstd_decompress_block.o
2025-12-13T21:30:28 CC obj/conf_657421e231957c8f316be7d455e4173a/cover.o
2025-12-13T21:30:28 CC obj/conf_657421e231957c8f316be7d455e4173a/divsufsort.o
2025-12-13T21:30:28 CC obj/conf_657421e231957c8f316be7d455e4173a/fastcover.o
2025-12-13T21:30:28 CC obj/conf_657421e231957c8f316be7d455e4173a/zdict.o
2025-12-13T21:30:28 CC obj/conf_657421e231957c8f316be7d455e4173a/zstd_v05.o
2025-12-13T21:30:28 CC obj/conf_657421e231957c8f316be7d455e4173a/zstd_v06.o
2025-12-13T21:30:28 CC obj/conf_657421e231957c8f316be7d455e4173a/zstd_v07.o
2025-12-13T21:30:28 CC obj/conf_657421e231957c8f316be7d455e4173a/benchfn.o
2025-12-13T21:30:28 CC obj/conf_657421e231957c8f316be7d455e4173a/benchzstd.o
2025-12-13T21:30:28 CC obj/conf_657421e231957c8f316be7d455e4173a/datagen.o
2025-12-13T21:30:28 CC obj/conf_657421e231957c8f316be7d455e4173a/dibio.o
2025-12-13T21:30:28 CC obj/conf_657421e231957c8f316be7d455e4173a/fileio.o
2025-12-13T21:30:28 CC obj/conf_657421e231957c8f316be7d455e4173a/timefn.o
2025-12-13T21:30:28 CC obj/conf_657421e231957c8f316be7d455e4173a/util.o
2025-12-13T21:30:28 CC obj/conf_657421e231957c8f316be7d455e4173a/zstdcli.o
2025-12-13T21:30:28 CC obj/conf_657421e231957c8f316be7d455e4173a/zstdcli_trace.o
2025-12-13T21:30:31 ==> building with threading support
2025-12-13T21:30:31 ==> building zstd with .gz compression support
2025-12-13T21:30:31 ==> building zstd with .xz/.lzma compression support
2025-12-13T21:30:31 ==> building zstd with .lz4 compression support
2025-12-13T21:30:31 LINK obj/conf_657421e231957c8f316be7d455e4173a/zstd
2025-12-13T21:30:31 zstd build completed
2025-12-13T21:30:31 make[2]: Leaving directory '/home/VuAirOS/buildroot-2021.05/output/build/host-zstd-1.4.9/programs'
2025-12-13T21:30:31 make[1]: Leaving directory '/home/VuAirOS/buildroot-2021.05/output/build/host-zstd-1.4.9'
2025-12-13T21:30:31 [7m>>> host-zstd 1.4.9 Installing to host directory[27m
2025-12-13T21:30:31 PATH="/home/VuAirOS/buildroot-2021.05/output/host/bin:/home/VuAirOS/buildroot-2021.05/output/host/sbin:/usr/local/sbin:/usr/local/bin:/usr/sbin:/usr/bin:/sbin:/bin:/usr/games:/usr/local/games:/usr/lib/wsl/lib" PKG_CONFIG="/home/VuAirOS/buildroot-2021.05/output/host/bin/pkg-config" PKG_CONFIG_SYSROOT_DIR="/" PKG_CONFIG_ALLOW_SYSTEM_CFLAGS=1 PKG_CONFIG_ALLOW_SYSTEM_LIBS=1 PKG_CONFIG_LIBDIR="/home/VuAirOS/buildroot-2021.05/output/host/lib/pkgconfig:/home/VuAirOS/buildroot-2021.05/output/host/share/pkgconfig" PATH="/home/VuAirOS/buildroot-2021.05/output/host/bin:/home/VuAirOS/buildroot-2021.05/output/host/sbin:/usr/local/sbin:/usr/local/bin:/usr/sbin:/usr/bin:/sbin:/bin:/usr/games:/usr/local/games:/usr/lib/wsl/lib" PKG_CONFIG="/home/VuAirOS/buildroot-2021.05/output/host/bin/pkg-config" PKG_CONFIG_SYSROOT_DIR="/" PKG_CONFIG_ALLOW_SYSTEM_CFLAGS=1 PKG_CONFIG_ALLOW_SYSTEM_LIBS=1 PKG_CONFIG_LIBDIR="/home/VuAirOS/buildroot-2021.05/output/host/lib/pkgconfig:/home/VuAirOS/buildroot-2021.05/output/host/share/pkgconfig" AR="/usr/bin/ar" AS="/usr/bin/as" LD="/usr/bin/ld" NM="/usr/bin/nm" CC="/usr/bin/gcc" GCC="/usr/bin/gcc" CXX="/usr/bin/g++" CPP="/usr/bin/cpp" OBJCOPY="/usr/bin/objcopy" RANLIB="/usr/bin/ranlib" CPPFLAGS="-I/home/VuAirOS/buildroot-2021.05/output/host/include" CFLAGS="-O2 -I/home/VuAirOS/buildroot-2021.05/output/host/include" CXXFLAGS="-O2 -I/home/VuAirOS/buildroot-2021.05/output/host/include" LDFLAGS="-L/home/VuAirOS/buildroot-2021.05/output/host/lib -Wl,-rpath,/home/VuAirOS/buildroot-2021.05/output/host/lib" INTLTOOL_PERL=/usr/bin/perl /usr/bin/make  HAVE_THREAD=1 DESTDIR=/home/VuAirOS/buildroot-2021.05/output/host PREFIX=/usr -C /home/VuAirOS/buildroot-2021.05/output/build/host-zstd-1.4.9/lib install
2025-12-13T21:30:31 make[1]: Entering directory '/home/VuAirOS/buildroot-2021.05/output/build/host-zstd-1.4.9/lib'
2025-12-13T21:30:31 creating pkgconfig
2025-12-13T21:30:31 Installing includes
2025-12-13T21:30:31 Installing static library
2025-12-13T21:30:31 Installing shared library
2025-12-13T21:30:31 zstd static and shared library installed
2025-12-13T21:30:31 make[1]: Leaving directory '/home/VuAirOS/buildroot-2021.05/output/build/host-zstd-1.4.9/lib'
2025-12-13T21:30:31 PATH="/home/VuAirOS/buildroot-2021.05/output/host/bin:/home/VuAirOS/buildroot-2021.05/output/host/sbin:/usr/local/sbin:/usr/local/bin:/usr/sbin:/usr/bin:/sbin:/bin:/usr/games:/usr/local/games:/usr/lib/wsl/lib" PKG_CONFIG="/home/VuAirOS/buildroot-2021.05/output/host/bin/pkg-config" PKG_CONFIG_SYSROOT_DIR="/" PKG_CONFIG_ALLOW_SYSTEM_CFLAGS=1 PKG_CONFIG_ALLOW_SYSTEM_LIBS=1 PKG_CONFIG_LIBDIR="/home/VuAirOS/buildroot-2021.05/output/host/lib/pkgconfig:/home/VuAirOS/buildroot-2021.05/output/host/share/pkgconfig" PATH="/home/VuAirOS/buildroot-2021.05/output/host/bin:/home/VuAirOS/buildroot-2021.05/output/host/sbin:/usr/local/sbin:/usr/local/bin:/usr/sbin:/usr/bin:/sbin:/bin:/usr/games:/usr/local/games:/usr/lib/wsl/lib" PKG_CONFIG="/home/VuAirOS/buildroot-2021.05/output/host/bin/pkg-config" PKG_CONFIG_SYSROOT_DIR="/" PKG_CONFIG_ALLOW_SYSTEM_CFLAGS=1 PKG_CONFIG_ALLOW_SYSTEM_LIBS=1 PKG_CONFIG_LIBDIR="/home/VuAirOS/buildroot-2021.05/output/host/lib/pkgconfig:/home/VuAirOS/buildroot-2021.05/output/host/share/pkgconfig" AR="/usr/bin/ar" AS="/usr/bin/as" LD="/usr/bin/ld" NM="/usr/bin/nm" CC="/usr/bin/gcc" GCC="/usr/bin/gcc" CXX="/usr/bin/g++" CPP="/usr/bin/cpp" OBJCOPY="/usr/bin/objcopy" RANLIB="/usr/bin/ranlib" CPPFLAGS="-I/home/VuAirOS/buildroot-2021.05/output/host/include" CFLAGS="-O2 -I/home/VuAirOS/buildroot-2021.05/output/host/include" CXXFLAGS="-O2 -I/home/VuAirOS/buildroot-2021.05/output/host/include" LDFLAGS="-L/home/VuAirOS/buildroot-2021.05/output/host/lib -Wl,-rpath,/home/VuAirOS/buildroot-2021.05/output/host/lib" INTLTOOL_PERL=/usr/bin/perl /usr/bin/make  HAVE_THREAD=1 DESTDIR=/home/VuAirOS/buildroot-2021.05/output/host PREFIX=/usr -C /home/VuAirOS/buildroot-2021.05/output/build/host-zstd-1.4.9/programs install
2025-12-13T21:30:31 make[1]: Entering directory '/home/VuAirOS/buildroot-2021.05/output/build/host-zstd-1.4.9/programs'
2025-12-13T21:30:31 Installing binaries
2025-12-13T21:30:31 Installing man pages
2025-12-13T21:30:31 zstd installation completed
2025-12-13T21:30:31 make[1]: Leaving directory '/home/VuAirOS/buildroot-2021.05/output/build/host-zstd-1.4.9/programs'
2025-12-13T21:30:31 squashfs-4.4.tar.gz: OK (sha256: a7fa4845e9908523c38d4acf92f8a41fdfcd19def41bd5090d7ad767a6dc75c3)
2025-12-13T21:30:31 [7m>>> host-squashfs 4.4 Extracting[27m
2025-12-13T21:30:31 gzip -d -c /home/VuAirOS/buildroot-2021.05/dl/squashfs/squashfs-4.4.tar.gz | tar --strip-components=1 -C /home/VuAirOS/buildroot-2021.05/output/build/host-squashfs-4.4   -xf -
2025-12-13T21:30:31 [7m>>> host-squashfs 4.4 Patching[27m
2025-12-13T21:30:31 
2025-12-13T21:30:31 Applying 0001-squashfs-tools-fix-build-failure-against-gcc-10.patch using patch:
2025-12-13T21:30:31 patching file squashfs-tools/mksquashfs.h
2025-12-13T21:30:31 [7m>>> host-squashfs 4.4 Configuring[27m
2025-12-13T21:30:31 [7m>>> host-squashfs 4.4 Building[27m
2025-12-13T21:30:31 PATH="/home/VuAirOS/buildroot-2021.05/output/host/bin:/home/VuAirOS/buildroot-2021.05/output/host/sbin:/usr/local/sbin:/usr/local/bin:/usr/sbin:/usr/bin:/sbin:/bin:/usr/games:/usr/local/games:/usr/lib/wsl/lib" PKG_CONFIG="/home/VuAirOS/buildroot-2021.05/output/host/bin/pkg-config" PKG_CONFIG_SYSROOT_DIR="/" PKG_CONFIG_ALLOW_SYSTEM_CFLAGS=1 PKG_CONFIG_ALLOW_SYSTEM_LIBS=1 PKG_CONFIG_LIBDIR="/home/VuAirOS/buildroot-2021.05/output/host/lib/pkgconfig:/home/VuAirOS/buildroot-2021.05/output/host/share/pkgconfig" /usr/bin/make  CC="/usr/bin/gcc" EXTRA_CFLAGS="-O2 -I/home/VuAirOS/buildroot-2021.05/output/host/include" EXTRA_LDFLAGS="-L/home/VuAirOS/buildroot-2021.05/output/host/lib -Wl,-rpath,/home/VuAirOS/buildroot-2021.05/output/host/lib" XATTR_SUPPORT=1 XZ_SUPPORT=1 GZIP_SUPPORT=1 LZ4_SUPPORT=1 LZO_SUPPORT=1 LZMA_XZ_SUPPORT=1 ZSTD_SUPPORT=1 -C /home/VuAirOS/buildroot-2021.05/output/build/host-squashfs-4.4/squashfs-tools/
2025-12-13T21:30:31 make[1]: Entering directory '/home/VuAirOS/buildroot-2021.05/output/build/host-squashfs-4.4/squashfs-tools'
2025-12-13T21:30:31 /usr/bin/gcc -O2 -O2 -I/home/VuAirOS/buildroot-2021.05/output/host/include -I. -D_FILE_OFFSET_BITS=64 -D_LARGEFILE_SOURCE -D_GNU_SOURCE -DCOMP_DEFAULT="gzip" -Wall -DGZIP_SUPPORT -DLZMA_SUPPORT -DXZ_SUPPORT -DLZO_SUPPORT -DLZ4_SUPPORT -DZSTD_SUPPORT -DXATTR_SUPPORT -DXATTR_DEFAULT -DREPRODUCIBLE_DEFAULT   -c -o mksquashfs.o mksquashfs.c
2025-12-13T21:30:31 /usr/bin/gcc -O2 -O2 -I/home/VuAirOS/buildroot-2021.05/output/host/include -I. -D_FILE_OFFSET_BITS=64 -D_LARGEFILE_SOURCE -D_GNU_SOURCE -DCOMP_DEFAULT="gzip" -Wall -DGZIP_SUPPORT -DLZMA_SUPPORT -DXZ_SUPPORT -DLZO_SUPPORT -DLZ4_SUPPORT -DZSTD_SUPPORT -DXATTR_SUPPORT -DXATTR_DEFAULT -DREPRODUCIBLE_DEFAULT   -c -o read_fs.o read_fs.c
2025-12-13T21:30:31 /usr/bin/gcc -O2 -O2 -I/home/VuAirOS/buildroot-2021.05/output/host/include -I. -D_FILE_OFFSET_BITS=64 -D_LARGEFILE_SOURCE -D_GNU_SOURCE -DCOMP_DEFAULT="gzip" -Wall -DGZIP_SUPPORT -DLZMA_SUPPORT -DXZ_SUPPORT -DLZO_SUPPORT -DLZ4_SUPPORT -DZSTD_SUPPORT -DXATTR_SUPPORT -DXATTR_DEFAULT -DREPRODUCIBLE_DEFAULT   -c -o action.o action.c
2025-12-13T21:30:31 /usr/bin/gcc -O2 -O2 -I/home/VuAirOS/buildroot-2021.05/output/host/include -I. -D_FILE_OFFSET_BITS=64 -D_LARGEFILE_SOURCE -D_GNU_SOURCE -DCOMP_DEFAULT="gzip" -Wall -DGZIP_SUPPORT -DLZMA_SUPPORT -DXZ_SUPPORT -DLZO_SUPPORT -DLZ4_SUPPORT -DZSTD_SUPPORT -DXATTR_SUPPORT -DXATTR_DEFAULT -DREPRODUCIBLE_DEFAULT   -c -o swap.o swap.c
2025-12-13T21:30:31 /usr/bin/gcc -O2 -O2 -I/home/VuAirOS/buildroot-2021.05/output/host/include -I. -D_FILE_OFFSET_BITS=64 -D_LARGEFILE_SOURCE -D_GNU_SOURCE -DCOMP_DEFAULT="gzip" -Wall -DGZIP_SUPPORT -DLZMA_SUPPORT -DXZ_SUPPORT -DLZO_SUPPORT -DLZ4_SUPPORT -DZSTD_SUPPORT -DXATTR_SUPPORT -DXATTR_DEFAULT -DREPRODUCIBLE_DEFAULT   -c -o pseudo.o pseudo.c
2025-12-13T21:30:31 /usr/bin/gcc -O2 -O2 -I/home/VuAirOS/buildroot-2021.05/output/host/include -I. -D_FILE_OFFSET_BITS=64 -D_LARGEFILE_SOURCE -D_GNU_SOURCE -DCOMP_DEFAULT="gzip" -Wall -DGZIP_SUPPORT -DLZMA_SUPPORT -DXZ_SUPPORT -DLZO_SUPPORT -DLZ4_SUPPORT -DZSTD_SUPPORT -DXATTR_SUPPORT -DXATTR_DEFAULT -DREPRODUCIBLE_DEFAULT   -c -o compressor.o compressor.c
2025-12-13T21:30:31 /usr/bin/gcc -O2 -O2 -I/home/VuAirOS/buildroot-2021.05/output/host/include -I. -D_FILE_OFFSET_BITS=64 -D_LARGEFILE_SOURCE -D_GNU_SOURCE -DCOMP_DEFAULT="gzip" -Wall -DGZIP_SUPPORT -DLZMA_SUPPORT -DXZ_SUPPORT -DLZO_SUPPORT -DLZ4_SUPPORT -DZSTD_SUPPORT -DXATTR_SUPPORT -DXATTR_DEFAULT -DREPRODUCIBLE_DEFAULT   -c -o sort.o sort.c
2025-12-13T21:30:31 /usr/bin/gcc -O2 -O2 -I/home/VuAirOS/buildroot-2021.05/output/host/include -I. -D_FILE_OFFSET_BITS=64 -D_LARGEFILE_SOURCE -D_GNU_SOURCE -DCOMP_DEFAULT="gzip" -Wall -DGZIP_SUPPORT -DLZMA_SUPPORT -DXZ_SUPPORT -DLZO_SUPPORT -DLZ4_SUPPORT -DZSTD_SUPPORT -DXATTR_SUPPORT -DXATTR_DEFAULT -DREPRODUCIBLE_DEFAULT   -c -o progressbar.o progressbar.c
2025-12-13T21:30:31 /usr/bin/gcc -O2 -O2 -I/home/VuAirOS/buildroot-2021.05/output/host/include -I. -D_FILE_OFFSET_BITS=64 -D_LARGEFILE_SOURCE -D_GNU_SOURCE -DCOMP_DEFAULT="gzip" -Wall -DGZIP_SUPPORT -DLZMA_SUPPORT -DXZ_SUPPORT -DLZO_SUPPORT -DLZ4_SUPPORT -DZSTD_SUPPORT -DXATTR_SUPPORT -DXATTR_DEFAULT -DREPRODUCIBLE_DEFAULT   -c -o read_file.o read_file.c
2025-12-13T21:30:31 /usr/bin/gcc -O2 -O2 -I/home/VuAirOS/buildroot-2021.05/output/host/include -I. -D_FILE_OFFSET_BITS=64 -D_LARGEFILE_SOURCE -D_GNU_SOURCE -DCOMP_DEFAULT="gzip" -Wall -DGZIP_SUPPORT -DLZMA_SUPPORT -DXZ_SUPPORT -DLZO_SUPPORT -DLZ4_SUPPORT -DZSTD_SUPPORT -DXATTR_SUPPORT -DXATTR_DEFAULT -DREPRODUCIBLE_DEFAULT   -c -o info.o info.c
2025-12-13T21:30:31 /usr/bin/gcc -O2 -O2 -I/home/VuAirOS/buildroot-2021.05/output/host/include -I. -D_FILE_OFFSET_BITS=64 -D_LARGEFILE_SOURCE -D_GNU_SOURCE -DCOMP_DEFAULT="gzip" -Wall -DGZIP_SUPPORT -DLZMA_SUPPORT -DXZ_SUPPORT -DLZO_SUPPORT -DLZ4_SUPPORT -DZSTD_SUPPORT -DXATTR_SUPPORT -DXATTR_DEFAULT -DREPRODUCIBLE_DEFAULT   -c -o restore.o restore.c
2025-12-13T21:30:31 /usr/bin/gcc -O2 -O2 -I/home/VuAirOS/buildroot-2021.05/output/host/include -I. -D_FILE_OFFSET_BITS=64 -D_LARGEFILE_SOURCE -D_GNU_SOURCE -DCOMP_DEFAULT="gzip" -Wall -DGZIP_SUPPORT -DLZMA_SUPPORT -DXZ_SUPPORT -DLZO_SUPPORT -DLZ4_SUPPORT -DZSTD_SUPPORT -DXATTR_SUPPORT -DXATTR_DEFAULT -DREPRODUCIBLE_DEFAULT   -c -o process_fragments.o process_fragments.c
2025-12-13T21:30:31 /usr/bin/gcc -O2 -O2 -I/home/VuAirOS/buildroot-2021.05/output/host/include -I. -D_FILE_OFFSET_BITS=64 -D_LARGEFILE_SOURCE -D_GNU_SOURCE -DCOMP_DEFAULT="gzip" -Wall -DGZIP_SUPPORT -DLZMA_SUPPORT -DXZ_SUPPORT -DLZO_SUPPORT -DLZ4_SUPPORT -DZSTD_SUPPORT -DXATTR_SUPPORT -DXATTR_DEFAULT -DREPRODUCIBLE_DEFAULT   -c -o caches-queues-lists.o caches-queues-lists.c
2025-12-13T21:30:31 /usr/bin/gcc -O2 -O2 -I/home/VuAirOS/buildroot-2021.05/output/host/include -I. -D_FILE_OFFSET_BITS=64 -D_LARGEFILE_SOURCE -D_GNU_SOURCE -DCOMP_DEFAULT="gzip" -Wall -DGZIP_SUPPORT -DLZMA_SUPPORT -DXZ_SUPPORT -DLZO_SUPPORT -DLZ4_SUPPORT -DZSTD_SUPPORT -DXATTR_SUPPORT -DXATTR_DEFAULT -DREPRODUCIBLE_DEFAULT   -c -o gzip_wrapper.o gzip_wrapper.c
2025-12-13T21:30:31 /usr/bin/gcc -O2 -O2 -I/home/VuAirOS/buildroot-2021.05/output/host/include -I. -D_FILE_OFFSET_BITS=64 -D_LARGEFILE_SOURCE -D_GNU_SOURCE -DCOMP_DEFAULT="gzip" -Wall -DGZIP_SUPPORT -DLZMA_SUPPORT -DXZ_SUPPORT -DLZO_SUPPORT -DLZ4_SUPPORT -DZSTD_SUPPORT -DXATTR_SUPPORT -DXATTR_DEFAULT -DREPRODUCIBLE_DEFAULT   -c -o lzma_xz_wrapper.o lzma_xz_wrapper.c
2025-12-13T21:30:31 /usr/bin/gcc -O2 -O2 -I/home/VuAirOS/buildroot-2021.05/output/host/include -I. -D_FILE_OFFSET_BITS=64 -D_LARGEFILE_SOURCE -D_GNU_SOURCE -DCOMP_DEFAULT="gzip" -Wall -DGZIP_SUPPORT -DLZMA_SUPPORT -DXZ_SUPPORT -DLZO_SUPPORT -DLZ4_SUPPORT -DZSTD_SUPPORT -DXATTR_SUPPORT -DXATTR_DEFAULT -DREPRODUCIBLE_DEFAULT   -c -o xz_wrapper.o xz_wrapper.c
2025-12-13T21:30:31 /usr/bin/gcc -O2 -O2 -I/home/VuAirOS/buildroot-2021.05/output/host/include -I. -D_FILE_OFFSET_BITS=64 -D_LARGEFILE_SOURCE -D_GNU_SOURCE -DCOMP_DEFAULT="gzip" -Wall -DGZIP_SUPPORT -DLZMA_SUPPORT -DXZ_SUPPORT -DLZO_SUPPORT -DLZ4_SUPPORT -DZSTD_SUPPORT -DXATTR_SUPPORT -DXATTR_DEFAULT -DREPRODUCIBLE_DEFAULT   -c -o lzo_wrapper.o lzo_wrapper.c
2025-12-13T21:30:31 /usr/bin/gcc -O2 -O2 -I/home/VuAirOS/buildroot-2021.05/output/host/include -I. -D_FILE_OFFSET_BITS=64 -D_LARGEFILE_SOURCE -D_GNU_SOURCE -DCOMP_DEFAULT="gzip" -Wall -DGZIP_SUPPORT -DLZMA_SUPPORT -DXZ_SUPPORT -DLZO_SUPPORT -DLZ4_SUPPORT -DZSTD_SUPPORT -DXATTR_SUPPORT -DXATTR_DEFAULT -DREPRODUCIBLE_DEFAULT   -c -o lz4_wrapper.o lz4_wrapper.c
2025-12-13T21:30:31 /usr/bin/gcc -O2 -O2 -I/home/VuAirOS/buildroot-2021.05/output/host/include -I. -D_FILE_OFFSET_BITS=64 -D_LARGEFILE_SOURCE -D_GNU_SOURCE -DCOMP_DEFAULT="gzip" -Wall -DGZIP_SUPPORT -DLZMA_SUPPORT -DXZ_SUPPORT -DLZO_SUPPORT -DLZ4_SUPPORT -DZSTD_SUPPORT -DXATTR_SUPPORT -DXATTR_DEFAULT -DREPRODUCIBLE_DEFAULT   -c -o zstd_wrapper.o zstd_wrapper.c
2025-12-13T21:30:31 /usr/bin/gcc -O2 -O2 -I/home/VuAirOS/buildroot-2021.05/output/host/include -I. -D_FILE_OFFSET_BITS=64 -D_LARGEFILE_SOURCE -D_GNU_SOURCE -DCOMP_DEFAULT="gzip" -Wall -DGZIP_SUPPORT -DLZMA_SUPPORT -DXZ_SUPPORT -DLZO_SUPPORT -DLZ4_SUPPORT -DZSTD_SUPPORT -DXATTR_SUPPORT -DXATTR_DEFAULT -DREPRODUCIBLE_DEFAULT   -c -o xattr.o xattr.c
2025-12-13T21:30:31 /usr/bin/gcc -O2 -O2 -I/home/VuAirOS/buildroot-2021.05/output/host/include -I. -D_FILE_OFFSET_BITS=64 -D_LARGEFILE_SOURCE -D_GNU_SOURCE -DCOMP_DEFAULT="gzip" -Wall -DGZIP_SUPPORT -DLZMA_SUPPORT -DXZ_SUPPORT -DLZO_SUPPORT -DLZ4_SUPPORT -DZSTD_SUPPORT -DXATTR_SUPPORT -DXATTR_DEFAULT -DREPRODUCIBLE_DEFAULT   -c -o read_xattrs.o read_xattrs.c
2025-12-13T21:30:31 /usr/bin/gcc -O2 -O2 -I/home/VuAirOS/buildroot-2021.05/output/host/include -I. -D_FILE_OFFSET_BITS=64 -D_LARGEFILE_SOURCE -D_GNU_SOURCE -DCOMP_DEFAULT="gzip" -Wall -DGZIP_SUPPORT -DLZMA_SUPPORT -DXZ_SUPPORT -DLZO_SUPPORT -DLZ4_SUPPORT -DZSTD_SUPPORT -DXATTR_SUPPORT -DXATTR_DEFAULT -DREPRODUCIBLE_DEFAULT   -c -o unsquashfs.o unsquashfs.c
2025-12-13T21:30:31 /usr/bin/gcc -O2 -O2 -I/home/VuAirOS/buildroot-2021.05/output/host/include -I. -D_FILE_OFFSET_BITS=64 -D_LARGEFILE_SOURCE -D_GNU_SOURCE -DCOMP_DEFAULT="gzip" -Wall -DGZIP_SUPPORT -DLZMA_SUPPORT -DXZ_SUPPORT -DLZO_SUPPORT -DLZ4_SUPPORT -DZSTD_SUPPORT -DXATTR_SUPPORT -DXATTR_DEFAULT -DREPRODUCIBLE_DEFAULT   -c -o unsquash-1.o unsquash-1.c
2025-12-13T21:30:31 /usr/bin/gcc -O2 -O2 -I/home/VuAirOS/buildroot-2021.05/output/host/include -I. -D_FILE_OFFSET_BITS=64 -D_LARGEFILE_SOURCE -D_GNU_SOURCE -DCOMP_DEFAULT="gzip" -Wall -DGZIP_SUPPORT -DLZMA_SUPPORT -DXZ_SUPPORT -DLZO_SUPPORT -DLZ4_SUPPORT -DZSTD_SUPPORT -DXATTR_SUPPORT -DXATTR_DEFAULT -DREPRODUCIBLE_DEFAULT   -c -o unsquash-2.o unsquash-2.c
2025-12-13T21:30:31 /usr/bin/gcc -O2 -O2 -I/home/VuAirOS/buildroot-2021.05/output/host/include -I. -D_FILE_OFFSET_BITS=64 -D_LARGEFILE_SOURCE -D_GNU_SOURCE -DCOMP_DEFAULT="gzip" -Wall -DGZIP_SUPPORT -DLZMA_SUPPORT -DXZ_SUPPORT -DLZO_SUPPORT -DLZ4_SUPPORT -DZSTD_SUPPORT -DXATTR_SUPPORT -DXATTR_DEFAULT -DREPRODUCIBLE_DEFAULT   -c -o unsquash-3.o unsquash-3.c
2025-12-13T21:30:31 /usr/bin/gcc -O2 -O2 -I/home/VuAirOS/buildroot-2021.05/output/host/include -I. -D_FILE_OFFSET_BITS=64 -D_LARGEFILE_SOURCE -D_GNU_SOURCE -DCOMP_DEFAULT="gzip" -Wall -DGZIP_SUPPORT -DLZMA_SUPPORT -DXZ_SUPPORT -DLZO_SUPPORT -DLZ4_SUPPORT -DZSTD_SUPPORT -DXATTR_SUPPORT -DXATTR_DEFAULT -DREPRODUCIBLE_DEFAULT   -c -o unsquash-4.o unsquash-4.c
2025-12-13T21:30:31 /usr/bin/gcc -O2 -O2 -I/home/VuAirOS/buildroot-2021.05/output/host/include -I. -D_FILE_OFFSET_BITS=64 -D_LARGEFILE_SOURCE -D_GNU_SOURCE -DCOMP_DEFAULT="gzip" -Wall -DGZIP_SUPPORT -DLZMA_SUPPORT -DXZ_SUPPORT -DLZO_SUPPORT -DLZ4_SUPPORT -DZSTD_SUPPORT -DXATTR_SUPPORT -DXATTR_DEFAULT -DREPRODUCIBLE_DEFAULT   -c -o unsquash-123.o unsquash-123.c
2025-12-13T21:30:31 /usr/bin/gcc -O2 -O2 -I/home/VuAirOS/buildroot-2021.05/output/host/include -I. -D_FILE_OFFSET_BITS=64 -D_LARGEFILE_SOURCE -D_GNU_SOURCE -DCOMP_DEFAULT="gzip" -Wall -DGZIP_SUPPORT -DLZMA_SUPPORT -DXZ_SUPPORT -DLZO_SUPPORT -DLZ4_SUPPORT -DZSTD_SUPPORT -DXATTR_SUPPORT -DXATTR_DEFAULT -DREPRODUCIBLE_DEFAULT   -c -o unsquash-34.o unsquash-34.c
2025-12-13T21:30:31 /usr/bin/gcc -O2 -O2 -I/home/VuAirOS/buildroot-2021.05/output/host/include -I. -D_FILE_OFFSET_BITS=64 -D_LARGEFILE_SOURCE -D_GNU_SOURCE -DCOMP_DEFAULT="gzip" -Wall -DGZIP_SUPPORT -DLZMA_SUPPORT -DXZ_SUPPORT -DLZO_SUPPORT -DLZ4_SUPPORT -DZSTD_SUPPORT -DXATTR_SUPPORT -DXATTR_DEFAULT -DREPRODUCIBLE_DEFAULT   -c -o unsquashfs_info.o unsquashfs_info.c
2025-12-13T21:30:31 /usr/bin/gcc -O2 -O2 -I/home/VuAirOS/buildroot-2021.05/output/host/include -I. -D_FILE_OFFSET_BITS=64 -D_LARGEFILE_SOURCE -D_GNU_SOURCE -DCOMP_DEFAULT="gzip" -Wall -DGZIP_SUPPORT -DLZMA_SUPPORT -DXZ_SUPPORT -DLZO_SUPPORT -DLZ4_SUPPORT -DZSTD_SUPPORT -DXATTR_SUPPORT -DXATTR_DEFAULT -DREPRODUCIBLE_DEFAULT   -c -o unsquashfs_xattr.o unsquashfs_xattr.c
2025-12-13T21:30:32 /usr/bin/gcc  -L/home/VuAirOS/buildroot-2021.05/output/host/lib -Wl,-rpath,/home/VuAirOS/buildroot-2021.05/output/host/lib unsquashfs.o unsquash-1.o unsquash-2.o unsquash-3.o unsquash-4.o unsquash-123.o unsquash-34.o swap.o compressor.o unsquashfs_info.o gzip_wrapper.o lzma_xz_wrapper.o xz_wrapper.o lzo_wrapper.o lz4_wrapper.o zstd_wrapper.o read_xattrs.o unsquashfs_xattr.o -lpthread -lm -lz -llzma -llzma  -llzo2 -llz4 -lzstd -o unsquashfs
2025-12-13T21:30:32 /usr/bin/gcc  -L/home/VuAirOS/buildroot-2021.05/output/host/lib -Wl,-rpath,/home/VuAirOS/buildroot-2021.05/output/host/lib mksquashfs.o read_fs.o action.o swap.o pseudo.o compressor.o sort.o progressbar.o read_file.o info.o restore.o process_fragments.o caches-queues-lists.o gzip_wrapper.o lzma_xz_wrapper.o xz_wrapper.o lzo_wrapper.o lz4_wrapper.o zstd_wrapper.o xattr.o read_xattrs.o -lpthread -lm -lz -llzma -llzma  -llzo2 -llz4 -lzstd -o mksquashfs
2025-12-13T21:30:32 make[1]: Leaving directory '/home/VuAirOS/buildroot-2021.05/output/build/host-squashfs-4.4/squashfs-tools'
2025-12-13T21:30:32 [7m>>> host-squashfs 4.4 Installing to host directory[27m
2025-12-13T21:30:32 PATH="/home/VuAirOS/buildroot-2021.05/output/host/bin:/home/VuAirOS/buildroot-2021.05/output/host/sbin:/usr/local/sbin:/usr/local/bin:/usr/sbin:/usr/bin:/sbin:/bin:/usr/games:/usr/local/games:/usr/lib/wsl/lib" PKG_CONFIG="/home/VuAirOS/buildroot-2021.05/output/host/bin/pkg-config" PKG_CONFIG_SYSROOT_DIR="/" PKG_CONFIG_ALLOW_SYSTEM_CFLAGS=1 PKG_CONFIG_ALLOW_SYSTEM_LIBS=1 PKG_CONFIG_LIBDIR="/home/VuAirOS/buildroot-2021.05/output/host/lib/pkgconfig:/home/VuAirOS/buildroot-2021.05/output/host/share/pkgconfig" /usr/bin/make  XATTR_SUPPORT=1 XZ_SUPPORT=1 GZIP_SUPPORT=1 LZ4_SUPPORT=1 LZO_SUPPORT=1 LZMA_XZ_SUPPORT=1 ZSTD_SUPPORT=1 -C /home/VuAirOS/buildroot-2021.05/output/build/host-squashfs-4.4/squashfs-tools/ INSTALL_DIR=/home/VuAirOS/buildroot-2021.05/output/host/bin install
2025-12-13T21:30:32 make[1]: Entering directory '/home/VuAirOS/buildroot-2021.05/output/build/host-squashfs-4.4/squashfs-tools'
2025-12-13T21:30:32 mkdir -p /home/VuAirOS/buildroot-2021.05/output/host/bin
2025-12-13T21:30:32 cp mksquashfs /home/VuAirOS/buildroot-2021.05/output/host/bin
2025-12-13T21:30:32 cp unsquashfs /home/VuAirOS/buildroot-2021.05/output/host/bin
2025-12-13T21:30:32 make[1]: Leaving directory '/home/VuAirOS/buildroot-2021.05/output/build/host-squashfs-4.4/squashfs-tools'
2025-12-13T21:30:32 attr-2.5.1.tar.xz: OK (sha256: db448a626f9313a1a970d636767316a8da32aede70518b8050fa0de7947adc32)
2025-12-13T21:30:32 [7m>>> host-attr 2.5.1 Extracting[27m
2025-12-13T21:30:32 xzcat /home/VuAirOS/buildroot-2021.05/dl/attr/attr-2.5.1.tar.xz | tar --strip-components=1 -C /home/VuAirOS/buildroot-2021.05/output/build/host-attr-2.5.1   -xf -
2025-12-13T21:30:32 [7m>>> host-attr 2.5.1 Patching[27m
2025-12-13T21:30:32 
2025-12-13T21:30:32 Applying 0001-build-with-older-GCCs.patch using patch:
2025-12-13T21:30:32 patching file include/attributes.h
2025-12-13T21:30:32 [7m>>> host-attr 2.5.1 Updating config.sub and config.guess[27m
2025-12-13T21:30:32 for file in config.guess config.sub; do for i in $(find /home/VuAirOS/buildroot-2021.05/output/build/host-attr-2.5.1 -name $file); do cp support/gnuconfig/$file $i; done; done
2025-12-13T21:30:32 [7m>>> host-attr 2.5.1 Patching libtool[27m
2025-12-13T21:30:32 patching file /home/VuAirOS/buildroot-2021.05/output/build/host-attr-2.5.1/build-aux/ltmain.sh
2025-12-13T21:30:32 Hunk #1 succeeded at 2694 (offset 7 lines).
2025-12-13T21:30:32 Hunk #2 succeeded at 4284 (offset 7 lines).
2025-12-13T21:30:32 Hunk #3 succeeded at 6579 (offset 25 lines).
2025-12-13T21:30:32 Hunk #4 succeeded at 6589 (offset 25 lines).
2025-12-13T21:30:32 Hunk #5 succeeded at 6882 (offset 25 lines).
2025-12-13T21:30:32 Hunk #6 succeeded at 7174 (offset 25 lines).
2025-12-13T21:30:32 Hunk #7 succeeded at 8142 (offset 30 lines).
2025-12-13T21:30:32 Hunk #8 succeeded at 10771 (offset 61 lines).
2025-12-13T21:30:32 [7m>>> host-attr 2.5.1 Configuring[27m
2025-12-13T21:30:32 (cd /home/VuAirOS/buildroot-2021.05/output/build/host-attr-2.5.1/ && rm -rf config.cache; PATH="/home/VuAirOS/buildroot-2021.05/output/host/bin:/home/VuAirOS/buildroot-2021.05/output/host/sbin:/usr/local/sbin:/usr/local/bin:/usr/sbin:/usr/bin:/sbin:/bin:/usr/games:/usr/local/games:/usr/lib/wsl/lib" PKG_CONFIG="/home/VuAirOS/buildroot-2021.05/output/host/bin/pkg-config" PKG_CONFIG_SYSROOT_DIR="/" PKG_CONFIG_ALLOW_SYSTEM_CFLAGS=1 PKG_CONFIG_ALLOW_SYSTEM_LIBS=1 PKG_CONFIG_LIBDIR="/home/VuAirOS/buildroot-2021.05/output/host/lib/pkgconfig:/home/VuAirOS/buildroot-2021.05/output/host/share/pkgconfig" AR="/usr/bin/ar" AS="/usr/bin/as" LD="/usr/bin/ld" NM="/usr/bin/nm" CC="/usr/bin/gcc" GCC="/usr/bin/gcc" CXX="/usr/bin/g++" CPP="/usr/bin/cpp" OBJCOPY="/usr/bin/objcopy" RANLIB="/usr/bin/ranlib" CPPFLAGS="-I/home/VuAirOS/buildroot-2021.05/output/host/include" CFLAGS="-O2 -I/home/VuAirOS/buildroot-2021.05/output/host/include" CXXFLAGS="-O2 -I/home/VuAirOS/buildroot-2021.05/output/host/include" LDFLAGS="-L/home/VuAirOS/buildroot-2021.05/output/host/lib -Wl,-rpath,/home/VuAirOS/buildroot-2021.05/output/host/lib" INTLTOOL_PERL=/usr/bin/perl CFLAGS="-O2 -I/home/VuAirOS/buildroot-2021.05/output/host/include" LDFLAGS="-L/home/VuAirOS/buildroot-2021.05/output/host/lib -Wl,-rpath,/home/VuAirOS/buildroot-2021.05/output/host/lib"  CONFIG_SITE=/dev/null ./configure --prefix="/home/VuAirOS/buildroot-2021.05/output/host" --sysconfdir="/home/VuAirOS/buildroot-2021.05/output/host/etc" --localstatedir="/home/VuAirOS/buildroot-2021.05/output/host/var" --enable-shared --disable-static --disable-gtk-doc --disable-gtk-doc-html --disable-doc --disable-docs --disable-documentation --disable-debug --with-xmlto=no --with-fop=no --disable-nls --disable-dependency-tracking   )
2025-12-13T21:30:32 configure: WARNING: unrecognized options: --disable-gtk-doc, --disable-gtk-doc-html, --disable-doc, --disable-docs, --disable-documentation, --with-xmlto, --with-fop
2025-12-13T21:30:33 checking for a BSD-compatible install... /usr/bin/install -c
2025-12-13T21:30:33 checking whether build environment is sane... yes
2025-12-13T21:30:33 checking for a thread-safe mkdir -p... /usr/bin/mkdir -p
2025-12-13T21:30:33 checking for gawk... gawk
2025-12-13T21:30:33 checking whether make sets $(MAKE)... yes
2025-12-13T21:30:33 checking whether make supports nested variables... yes
2025-12-13T21:30:33 checking whether make supports nested variables... (cached) yes
2025-12-13T21:30:33 checking for gcc... /usr/bin/gcc
2025-12-13T21:30:33 checking whether the C compiler works... yes
2025-12-13T21:30:33 checking for C compiler default output file name... a.out
2025-12-13T21:30:33 checking for suffix of executables...
2025-12-13T21:30:33 checking whether we are cross compiling... no
2025-12-13T21:30:33 checking for suffix of object files... o
2025-12-13T21:30:33 checking whether we are using the GNU C compiler... yes
2025-12-13T21:30:33 checking whether /usr/bin/gcc accepts -g... yes
2025-12-13T21:30:33 checking for /usr/bin/gcc option to accept ISO C89... none needed
2025-12-13T21:30:33 checking whether /usr/bin/gcc understands -c and -o together... yes
2025-12-13T21:30:33 checking whether make supports the include directive... yes (GNU style)
2025-12-13T21:30:33 checking dependency style of /usr/bin/gcc... none
2025-12-13T21:30:33 checking how to run the C preprocessor... /usr/bin/cpp
2025-12-13T21:30:33 checking for grep that handles long lines and -e... /usr/bin/grep
2025-12-13T21:30:33 checking for egrep... /usr/bin/grep -E
2025-12-13T21:30:33 checking for ANSI C header files... yes
2025-12-13T21:30:33 checking for sys/types.h... yes
2025-12-13T21:30:33 checking for sys/stat.h... yes
2025-12-13T21:30:33 checking for stdlib.h... yes
2025-12-13T21:30:33 checking for string.h... yes
2025-12-13T21:30:33 checking for memory.h... yes
2025-12-13T21:30:33 checking for strings.h... yes
2025-12-13T21:30:33 checking for inttypes.h... yes
2025-12-13T21:30:33 checking for stdint.h... yes
2025-12-13T21:30:33 checking for unistd.h... yes
2025-12-13T21:30:33 checking minix/config.h usability... no
2025-12-13T21:30:33 checking minix/config.h presence... no
2025-12-13T21:30:33 checking for minix/config.h... no
2025-12-13T21:30:33 checking whether it is safe to define __EXTENSIONS__... yes
2025-12-13T21:30:33 checking for an ANSI C-conforming const... yes
2025-12-13T21:30:33 checking for mode_t... yes
2025-12-13T21:30:33 checking for size_t... yes
2025-12-13T21:30:33 checking for working alloca.h... yes
2025-12-13T21:30:33 checking for alloca... yes
2025-12-13T21:30:33 checking whether __attribute__((visibility())) is supported... yes
2025-12-13T21:30:33 checking for special C compiler options needed for large files... no
2025-12-13T21:30:33 checking for _FILE_OFFSET_BITS value needed for large files... no
2025-12-13T21:30:33 checking the archiver (/usr/bin/ar) interface... ar
2025-12-13T21:30:33 checking build system type... x86_64-pc-linux-gnu
2025-12-13T21:30:33 checking host system type... x86_64-pc-linux-gnu
2025-12-13T21:30:33 checking how to print strings... printf
2025-12-13T21:30:33 checking for a sed that does not truncate output... /usr/bin/sed
2025-12-13T21:30:33 checking for fgrep... /usr/bin/grep -F
2025-12-13T21:30:33 checking for ld used by /usr/bin/gcc... /usr/bin/ld
2025-12-13T21:30:33 checking if the linker (/usr/bin/ld) is GNU ld... yes
2025-12-13T21:30:33 checking for BSD- or MS-compatible name lister (nm)... /usr/bin/nm
2025-12-13T21:30:33 checking the name lister (/usr/bin/nm) interface... BSD nm
2025-12-13T21:30:33 checking whether ln -s works... yes
2025-12-13T21:30:33 checking the maximum length of command line arguments... 1572864
2025-12-13T21:30:33 checking how to convert x86_64-pc-linux-gnu file names to x86_64-pc-linux-gnu format... func_convert_file_noop
2025-12-13T21:30:33 checking how to convert x86_64-pc-linux-gnu file names to toolchain format... func_convert_file_noop
2025-12-13T21:30:33 checking for /usr/bin/ld option to reload object files... -r
2025-12-13T21:30:33 checking for objdump... objdump
2025-12-13T21:30:33 checking how to recognize dependent libraries... pass_all
2025-12-13T21:30:33 checking for dlltool... no
2025-12-13T21:30:33 checking how to associate runtime and link libraries... printf %sn
2025-12-13T21:30:33 checking for archiver @FILE support... @
2025-12-13T21:30:33 checking for strip... strip
2025-12-13T21:30:33 checking for ranlib... /usr/bin/ranlib
2025-12-13T21:30:33 checking command to parse /usr/bin/nm output from /usr/bin/gcc object... ok
2025-12-13T21:30:33 checking for sysroot... no
2025-12-13T21:30:33 checking for a working dd... /usr/bin/dd
2025-12-13T21:30:33 checking how to truncate binary pipes... /usr/bin/dd bs=4096 count=1
2025-12-13T21:30:33 checking for mt... mt
2025-12-13T21:30:33 checking if mt is a manifest tool... no
2025-12-13T21:30:33 checking for dlfcn.h... yes
2025-12-13T21:30:33 checking for objdir... .libs
2025-12-13T21:30:33 checking if /usr/bin/gcc supports -fno-rtti -fno-exceptions... no
2025-12-13T21:30:33 checking for /usr/bin/gcc option to produce PIC... -fPIC -DPIC
2025-12-13T21:30:33 checking if /usr/bin/gcc PIC flag -fPIC -DPIC works... yes
2025-12-13T21:30:33 checking if /usr/bin/gcc static flag -static works... yes
2025-12-13T21:30:33 checking if /usr/bin/gcc supports -c -o file.o... yes
2025-12-13T21:30:33 checking if /usr/bin/gcc supports -c -o file.o... (cached) yes
2025-12-13T21:30:33 checking whether the /usr/bin/gcc linker (/usr/bin/ld -m elf_x86_64) supports shared libraries... yes
2025-12-13T21:30:33 checking whether -lc should be explicitly linked in... no
2025-12-13T21:30:33 checking dynamic linker characteristics... GNU/Linux ld.so
2025-12-13T21:30:33 checking how to hardcode library paths into programs... immediate
2025-12-13T21:30:33 checking whether stripping libraries is possible... yes
2025-12-13T21:30:33 checking if libtool supports shared libraries... yes
2025-12-13T21:30:33 checking whether to build shared libraries... yes
2025-12-13T21:30:33 checking whether to build static libraries... no
2025-12-13T21:30:33 checking whether NLS is requested... no
2025-12-13T21:30:33 checking for msgfmt... /usr/bin/msgfmt
2025-12-13T21:30:33 checking for gmsgfmt... /usr/bin/msgfmt
2025-12-13T21:30:33 checking for xgettext... /usr/bin/xgettext
2025-12-13T21:30:33 checking for msgmerge... /usr/bin/msgmerge
2025-12-13T21:30:33 checking for ld used by /usr/bin/gcc... /usr/bin/ld -m elf_x86_64
2025-12-13T21:30:33 checking if the linker (/usr/bin/ld -m elf_x86_64) is GNU ld... yes
2025-12-13T21:30:33 checking for shared library run path origin... done
2025-12-13T21:30:33 checking for CFPreferencesCopyAppValue... no
2025-12-13T21:30:33 checking for CFLocaleCopyCurrent... no
2025-12-13T21:30:33 checking whether to use NLS... no
2025-12-13T21:30:34 checking that generated files are newer than configure... done
2025-12-13T21:30:34 configure: creating ./config.status
2025-12-13T21:30:34 config.status: creating libattr.pc
2025-12-13T21:30:34 config.status: creating Makefile
2025-12-13T21:30:34 config.status: creating po/Makefile.in
2025-12-13T21:30:34 config.status: creating include/config.h
2025-12-13T21:30:34 config.status: executing depfiles commands
2025-12-13T21:30:34 config.status: executing libtool commands
2025-12-13T21:30:34 config.status: executing po-directories commands
2025-12-13T21:30:34 config.status: creating po/POTFILES
2025-12-13T21:30:34 config.status: creating po/Makefile
2025-12-13T21:30:34 config.status: executing include/attr commands
2025-12-13T21:30:34 configure: WARNING: unrecognized options: --disable-gtk-doc, --disable-gtk-doc-html, --disable-doc, --disable-docs, --disable-documentation, --with-xmlto, --with-fop
2025-12-13T21:30:34 [7m>>> host-attr 2.5.1 Building[27m
2025-12-13T21:30:34 PATH="/home/VuAirOS/buildroot-2021.05/output/host/bin:/home/VuAirOS/buildroot-2021.05/output/host/sbin:/usr/local/sbin:/usr/local/bin:/usr/sbin:/usr/bin:/sbin:/bin:/usr/games:/usr/local/games:/usr/lib/wsl/lib" PKG_CONFIG="/home/VuAirOS/buildroot-2021.05/output/host/bin/pkg-config" PKG_CONFIG_SYSROOT_DIR="/" PKG_CONFIG_ALLOW_SYSTEM_CFLAGS=1 PKG_CONFIG_ALLOW_SYSTEM_LIBS=1 PKG_CONFIG_LIBDIR="/home/VuAirOS/buildroot-2021.05/output/host/lib/pkgconfig:/home/VuAirOS/buildroot-2021.05/output/host/share/pkgconfig"  /usr/bin/make   -C /home/VuAirOS/buildroot-2021.05/output/build/host-attr-2.5.1/
2025-12-13T21:30:34 make[1]: Entering directory '/home/VuAirOS/buildroot-2021.05/output/build/host-attr-2.5.1'
2025-12-13T21:30:34 Making all in po
2025-12-13T21:30:34 make[2]: Entering directory '/home/VuAirOS/buildroot-2021.05/output/build/host-attr-2.5.1/po'
2025-12-13T21:30:34 make[2]: Nothing to be done for 'all'.
2025-12-13T21:30:34 make[2]: Leaving directory '/home/VuAirOS/buildroot-2021.05/output/build/host-attr-2.5.1/po'
2025-12-13T21:30:34 make[2]: Entering directory '/home/VuAirOS/buildroot-2021.05/output/build/host-attr-2.5.1'
2025-12-13T21:30:34 CC       tools/attr.o
2025-12-13T21:30:34 CC       tools/getfattr.o
2025-12-13T21:30:34 CC       tools/setfattr.o
2025-12-13T21:30:34 CC       libattr/la-attr_copy_action.lo
2025-12-13T21:30:34 CC       libattr/la-attr_copy_check.lo
2025-12-13T21:30:34 CC       libattr/la-attr_copy_fd.lo
2025-12-13T21:30:34 CC       libattr/la-attr_copy_file.lo
2025-12-13T21:30:34 CC       libattr/la-libattr.lo
2025-12-13T21:30:34 CC       libattr/la-syscalls.lo
2025-12-13T21:30:34 CC       libmisc/high_water_alloc.lo
2025-12-13T21:30:34 CC       libmisc/quote.lo
2025-12-13T21:30:34 CC       libmisc/unquote.lo
2025-12-13T21:30:34 CC       libmisc/walk_tree.lo
2025-12-13T21:30:34 CC       libmisc/next_line.lo
2025-12-13T21:30:34 CCLD     libmisc.la
2025-12-13T21:30:34 /usr/bin/ar: `u' modifier ignored since `D' is the default (see `U')
2025-12-13T21:30:34 CCLD     libattr.la
2025-12-13T21:30:34 CCLD     attr
2025-12-13T21:30:34 CCLD     getfattr
2025-12-13T21:30:34 CCLD     setfattr
2025-12-13T21:30:34 make[2]: Leaving directory '/home/VuAirOS/buildroot-2021.05/output/build/host-attr-2.5.1'
2025-12-13T21:30:34 make[1]: Leaving directory '/home/VuAirOS/buildroot-2021.05/output/build/host-attr-2.5.1'
2025-12-13T21:30:34 [7m>>> host-attr 2.5.1 Installing to host directory[27m
2025-12-13T21:30:34 PATH="/home/VuAirOS/buildroot-2021.05/output/host/bin:/home/VuAirOS/buildroot-2021.05/output/host/sbin:/usr/local/sbin:/usr/local/bin:/usr/sbin:/usr/bin:/sbin:/bin:/usr/games:/usr/local/games:/usr/lib/wsl/lib" PKG_CONFIG="/home/VuAirOS/buildroot-2021.05/output/host/bin/pkg-config" PKG_CONFIG_SYSROOT_DIR="/" PKG_CONFIG_ALLOW_SYSTEM_CFLAGS=1 PKG_CONFIG_ALLOW_SYSTEM_LIBS=1 PKG_CONFIG_LIBDIR="/home/VuAirOS/buildroot-2021.05/output/host/lib/pkgconfig:/home/VuAirOS/buildroot-2021.05/output/host/share/pkgconfig"  /usr/bin/make  install -C /home/VuAirOS/buildroot-2021.05/output/build/host-attr-2.5.1/
2025-12-13T21:30:34 make[1]: Entering directory '/home/VuAirOS/buildroot-2021.05/output/build/host-attr-2.5.1'
2025-12-13T21:30:34 Making install in po
2025-12-13T21:30:34 make[2]: Entering directory '/home/VuAirOS/buildroot-2021.05/output/build/host-attr-2.5.1/po'
2025-12-13T21:30:34 if test "attr" = "gettext-tools"; then   /usr/bin/mkdir -p /home/VuAirOS/buildroot-2021.05/output/host/share/gettext/po;   for file in Makefile.in.in remove-potcdate.sin quot.sed boldquot.sed en@quot.header en@boldquot.header insert-header.sin Rules-quot   Makevars.template; do     /usr/bin/install -c -m 644 ./$file 		    /home/VuAirOS/buildroot-2021.05/output/host/share/gettext/po/$file;   done;   for file in Makevars; do     rm -f /home/VuAirOS/buildroot-2021.05/output/host/share/gettext/po/$file;   done; else   : ; fi
2025-12-13T21:30:34 make[2]: Leaving directory '/home/VuAirOS/buildroot-2021.05/output/build/host-attr-2.5.1/po'
2025-12-13T21:30:34 make[2]: Entering directory '/home/VuAirOS/buildroot-2021.05/output/build/host-attr-2.5.1'
2025-12-13T21:30:34 make[3]: Entering directory '/home/VuAirOS/buildroot-2021.05/output/build/host-attr-2.5.1'
2025-12-13T21:30:34 subst_install_header() { file=`echo "$1" | sed -e 's,^.*/,,'`; /usr/bin/sed -e "s/<EXPORT>/extern/" < "$1" > "include/$file.t" || exit 1; /usr/bin/mkdir -p "$2" || exit 1; /usr/bin/install -c -m 644 "include/$file.t" "$2/$file" || exit 1; rm -f "include/$file.t"; }; subst_install_header "include/attributes.h" "/home/VuAirOS/buildroot-2021.05/output/host/include/attr"
2025-12-13T21:30:34 subst_install_header() { file=`echo "$1" | sed -e 's,^.*/,,'`; /usr/bin/sed -e "s/<EXPORT>/extern/" < "$1" > "include/$file.t" || exit 1; /usr/bin/mkdir -p "$2" || exit 1; /usr/bin/install -c -m 644 "include/$file.t" "$2/$file" || exit 1; rm -f "include/$file.t"; }; subst_install_header "include/error_context.h" "/home/VuAirOS/buildroot-2021.05/output/host/include/attr"
2025-12-13T21:30:34 /usr/bin/mkdir -p '/home/VuAirOS/buildroot-2021.05/output/host/lib'
2025-12-13T21:30:34 subst_install_header() { file=`echo "$1" | sed -e 's,^.*/,,'`; /usr/bin/sed -e "s/<EXPORT>/extern/" < "$1" > "include/$file.t" || exit 1; /usr/bin/mkdir -p "$2" || exit 1; /usr/bin/install -c -m 644 "include/$file.t" "$2/$file" || exit 1; rm -f "include/$file.t"; }; subst_install_header "include/libattr.h" "/home/VuAirOS/buildroot-2021.05/output/host/include/attr"
2025-12-13T21:30:34 /usr/bin/mkdir -p '/home/VuAirOS/buildroot-2021.05/output/host/etc'
2025-12-13T21:30:34 /bin/bash ./libtool   --mode=install /usr/bin/install -c   libattr.la '/home/VuAirOS/buildroot-2021.05/output/host/lib'
2025-12-13T21:30:34 /usr/bin/mkdir -p '/home/VuAirOS/buildroot-2021.05/output/host/share/doc/attr'
2025-12-13T21:30:34 /usr/bin/mkdir -p '/home/VuAirOS/buildroot-2021.05/output/host/share/man/man1'
2025-12-13T21:30:34 /usr/bin/mkdir -p '/home/VuAirOS/buildroot-2021.05/output/host/lib/pkgconfig'
2025-12-13T21:30:34 /usr/bin/mkdir -p '/home/VuAirOS/buildroot-2021.05/output/host/share/man/man3'
2025-12-13T21:30:34 /usr/bin/install -c -m 644 xattr.conf '/home/VuAirOS/buildroot-2021.05/output/host/etc'
2025-12-13T21:30:34 /usr/bin/install -c -m 644 doc/CHANGES doc/COPYING doc/COPYING.LGPL doc/PORTING '/home/VuAirOS/buildroot-2021.05/output/host/share/doc/attr'
2025-12-13T21:30:34 /usr/bin/install -c -m 644 libattr.pc '/home/VuAirOS/buildroot-2021.05/output/host/lib/pkgconfig'
2025-12-13T21:30:34 /usr/bin/install -c -m 644 man/man1/attr.1 man/man1/getfattr.1 man/man1/setfattr.1 '/home/VuAirOS/buildroot-2021.05/output/host/share/man/man1'
2025-12-13T21:30:34 /usr/bin/install -c -m 644 man/man3/attr_get.3 man/man3/attr_list.3 man/man3/attr_multi.3 man/man3/attr_remove.3 man/man3/attr_set.3 '/home/VuAirOS/buildroot-2021.05/output/host/share/man/man3'
2025-12-13T21:30:34 /usr/bin/make  install-data-hook
2025-12-13T21:30:34 make[4]: Entering directory '/home/VuAirOS/buildroot-2021.05/output/build/host-attr-2.5.1'
2025-12-13T21:30:34 set -e; cd "/home/VuAirOS/buildroot-2021.05/output/host/share/man"; for d in man/man1/attr.1 man/man1/getfattr.1 man/man1/setfattr.1 man/man3/attr_get.3 man/man3/attr_list.3 man/man3/attr_multi.3 man/man3/attr_remove.3 man/man3/attr_set.3; do 	man_section=${d##*.}; 	d=${d#man/}; 	dst=${d##*/}; 	for m in `gawk 		'/^.S[h|H] NAME/ {ok=1; next} ok {print; exit}' $d 		| /usr/bin/sed 			-e 's/^.Nm //' -e 's/,/ /g' -e 's/\-.*//' 			-e 's/\f[0-9]//g' -e 's/  / /g;q'`; 	do 		[ "$m" = "\" ] && continue; 		ln="man$man_section/$m.$man_section"; 		[ -e "$ln" ] && continue; 		echo ln -s $dst $ln; 		ln -s $dst $ln; 	done; done
2025-12-13T21:30:34 libtool: install: /usr/bin/install -c .libs/libattr.so.1.1.2501 /home/VuAirOS/buildroot-2021.05/output/host/lib/libattr.so.1.1.2501
2025-12-13T21:30:34 libtool: install: (cd /home/VuAirOS/buildroot-2021.05/output/host/lib && { ln -s -f libattr.so.1.1.2501 libattr.so.1 || { rm -f libattr.so.1 && ln -s libattr.so.1.1.2501 libattr.so.1; }; })
2025-12-13T21:30:34 libtool: install: (cd /home/VuAirOS/buildroot-2021.05/output/host/lib && { ln -s -f libattr.so.1.1.2501 libattr.so || { rm -f libattr.so && ln -s libattr.so.1.1.2501 libattr.so; }; })
2025-12-13T21:30:34 ln -s attr_get.3 man3/attr_getf.3
2025-12-13T21:30:34 libtool: install: /usr/bin/install -c .libs/libattr.lai /home/VuAirOS/buildroot-2021.05/output/host/lib/libattr.la
2025-12-13T21:30:34 ln -s attr_list.3 man3/attr_listf.3
2025-12-13T21:30:34 ln -s attr_multi.3 man3/attr_multif.3
2025-12-13T21:30:34 ln -s attr_remove.3 man3/attr_removef.3
2025-12-13T21:30:34 ln -s attr_set.3 man3/attr_setf.3
2025-12-13T21:30:34 make[4]: Leaving directory '/home/VuAirOS/buildroot-2021.05/output/build/host-attr-2.5.1'
2025-12-13T21:30:34 libtool: finish: PATH="/home/VuAirOS/buildroot-2021.05/output/host/bin:/home/VuAirOS/buildroot-2021.05/output/host/sbin:/usr/local/sbin:/usr/local/bin:/usr/sbin:/usr/bin:/sbin:/bin:/usr/games:/usr/local/games:/usr/lib/wsl/lib:/sbin" ldconfig -n /home/VuAirOS/buildroot-2021.05/output/host/lib
2025-12-13T21:30:34 ----------------------------------------------------------------------
2025-12-13T21:30:34 Libraries have been installed in:
2025-12-13T21:30:34 /home/VuAirOS/buildroot-2021.05/output/host/lib
2025-12-13T21:30:34 
2025-12-13T21:30:34 If you ever happen to want to link against installed libraries
2025-12-13T21:30:34 in a given directory, LIBDIR, you must either use libtool, and
2025-12-13T21:30:34 specify the full pathname of the library, or use the '-LLIBDIR'
2025-12-13T21:30:34 flag during linking and do at least one of the following:
2025-12-13T21:30:34 - add LIBDIR to the 'LD_LIBRARY_PATH' environment variable
2025-12-13T21:30:34 during execution
2025-12-13T21:30:34 - add LIBDIR to the 'LD_RUN_PATH' environment variable
2025-12-13T21:30:34 during linking
2025-12-13T21:30:34 - use the '-Wl,-rpath -Wl,LIBDIR' linker flag
2025-12-13T21:30:34 - have your system administrator add LIBDIR to '/etc/ld.so.conf'
2025-12-13T21:30:34 
2025-12-13T21:30:34 See any operating system documentation about shared libraries for
2025-12-13T21:30:34 more information, such as the ld(1) and ld.so(8) manual pages.
2025-12-13T21:30:34 ----------------------------------------------------------------------
2025-12-13T21:30:34 /usr/bin/mkdir -p '/home/VuAirOS/buildroot-2021.05/output/host/bin'
2025-12-13T21:30:34 /bin/bash ./libtool   --mode=install /usr/bin/install -c attr getfattr setfattr '/home/VuAirOS/buildroot-2021.05/output/host/bin'
2025-12-13T21:30:34 libtool: install: /usr/bin/install -c attr /home/VuAirOS/buildroot-2021.05/output/host/bin/attr
2025-12-13T21:30:34 libtool: install: /usr/bin/install -c getfattr /home/VuAirOS/buildroot-2021.05/output/host/bin/getfattr
2025-12-13T21:30:34 libtool: install: /usr/bin/install -c setfattr /home/VuAirOS/buildroot-2021.05/output/host/bin/setfattr
2025-12-13T21:30:34 make[3]: Leaving directory '/home/VuAirOS/buildroot-2021.05/output/build/host-attr-2.5.1'
2025-12-13T21:30:34 make[2]: Leaving directory '/home/VuAirOS/buildroot-2021.05/output/build/host-attr-2.5.1'
2025-12-13T21:30:34 make[1]: Leaving directory '/home/VuAirOS/buildroot-2021.05/output/build/host-attr-2.5.1'
2025-12-13T21:30:34 acl-2.3.1.tar.xz: OK (sha256: c0234042e17f11306c23c038b08e5e070edb7be44bef6697fb8734dcff1c66b1)
2025-12-13T21:30:34 [7m>>> host-acl 2.3.1 Extracting[27m
2025-12-13T21:30:34 xzcat /home/VuAirOS/buildroot-2021.05/dl/acl/acl-2.3.1.tar.xz | tar --strip-components=1 -C /home/VuAirOS/buildroot-2021.05/output/build/host-acl-2.3.1   -xf -
2025-12-13T21:30:34 [7m>>> host-acl 2.3.1 Patching[27m
2025-12-13T21:30:34 
2025-12-13T21:30:34 Applying 0001-Build-with-old-GCC-versions.patch using patch:
2025-12-13T21:30:34 patching file libacl/acl_from_text.c
2025-12-13T21:30:34 [7m>>> host-acl 2.3.1 Updating config.sub and config.guess[27m
2025-12-13T21:30:34 for file in config.guess config.sub; do for i in $(find /home/VuAirOS/buildroot-2021.05/output/build/host-acl-2.3.1 -name $file); do cp support/gnuconfig/$file $i; done; done
2025-12-13T21:30:34 [7m>>> host-acl 2.3.1 Patching libtool[27m
2025-12-13T21:30:34 patching file /home/VuAirOS/buildroot-2021.05/output/build/host-acl-2.3.1/build-aux/ltmain.sh
2025-12-13T21:30:34 Hunk #1 succeeded at 2694 (offset 7 lines).
2025-12-13T21:30:34 Hunk #2 succeeded at 4284 (offset 7 lines).
2025-12-13T21:30:34 Hunk #3 succeeded at 6579 (offset 25 lines).
2025-12-13T21:30:34 Hunk #4 succeeded at 6589 (offset 25 lines).
2025-12-13T21:30:34 Hunk #5 succeeded at 6882 (offset 25 lines).
2025-12-13T21:30:34 Hunk #6 succeeded at 7174 (offset 25 lines).
2025-12-13T21:30:34 Hunk #7 succeeded at 8142 (offset 30 lines).
2025-12-13T21:30:34 Hunk #8 succeeded at 10771 (offset 61 lines).
2025-12-13T21:30:34 [7m>>> host-acl 2.3.1 Configuring[27m
2025-12-13T21:30:34 (cd /home/VuAirOS/buildroot-2021.05/output/build/host-acl-2.3.1/ && rm -rf config.cache; PATH="/home/VuAirOS/buildroot-2021.05/output/host/bin:/home/VuAirOS/buildroot-2021.05/output/host/sbin:/usr/local/sbin:/usr/local/bin:/usr/sbin:/usr/bin:/sbin:/bin:/usr/games:/usr/local/games:/usr/lib/wsl/lib" PKG_CONFIG="/home/VuAirOS/buildroot-2021.05/output/host/bin/pkg-config" PKG_CONFIG_SYSROOT_DIR="/" PKG_CONFIG_ALLOW_SYSTEM_CFLAGS=1 PKG_CONFIG_ALLOW_SYSTEM_LIBS=1 PKG_CONFIG_LIBDIR="/home/VuAirOS/buildroot-2021.05/output/host/lib/pkgconfig:/home/VuAirOS/buildroot-2021.05/output/host/share/pkgconfig" AR="/usr/bin/ar" AS="/usr/bin/as" LD="/usr/bin/ld" NM="/usr/bin/nm" CC="/usr/bin/gcc" GCC="/usr/bin/gcc" CXX="/usr/bin/g++" CPP="/usr/bin/cpp" OBJCOPY="/usr/bin/objcopy" RANLIB="/usr/bin/ranlib" CPPFLAGS="-I/home/VuAirOS/buildroot-2021.05/output/host/include" CFLAGS="-O2 -I/home/VuAirOS/buildroot-2021.05/output/host/include" CXXFLAGS="-O2 -I/home/VuAirOS/buildroot-2021.05/output/host/include" LDFLAGS="-L/home/VuAirOS/buildroot-2021.05/output/host/lib -Wl,-rpath,/home/VuAirOS/buildroot-2021.05/output/host/lib" INTLTOOL_PERL=/usr/bin/perl CFLAGS="-O2 -I/home/VuAirOS/buildroot-2021.05/output/host/include" LDFLAGS="-L/home/VuAirOS/buildroot-2021.05/output/host/lib -Wl,-rpath,/home/VuAirOS/buildroot-2021.05/output/host/lib"  CONFIG_SITE=/dev/null ./configure --prefix="/home/VuAirOS/buildroot-2021.05/output/host" --sysconfdir="/home/VuAirOS/buildroot-2021.05/output/host/etc" --localstatedir="/home/VuAirOS/buildroot-2021.05/output/host/var" --enable-shared --disable-static --disable-gtk-doc --disable-gtk-doc-html --disable-doc --disable-docs --disable-documentation --disable-debug --with-xmlto=no --with-fop=no --disable-nls --disable-dependency-tracking   )
2025-12-13T21:30:34 configure: WARNING: unrecognized options: --disable-gtk-doc, --disable-gtk-doc-html, --disable-doc, --disable-docs, --disable-documentation, --with-xmlto, --with-fop
2025-12-13T21:30:34 checking for a BSD-compatible install... /usr/bin/install -c
2025-12-13T21:30:34 checking whether build environment is sane... yes
2025-12-13T21:30:34 checking for a thread-safe mkdir -p... /usr/bin/mkdir -p
2025-12-13T21:30:34 checking for gawk... gawk
2025-12-13T21:30:34 checking whether make sets $(MAKE)... yes
2025-12-13T21:30:34 checking whether make supports nested variables... yes
2025-12-13T21:30:34 checking whether make supports nested variables... (cached) yes
2025-12-13T21:30:34 checking for gcc... /usr/bin/gcc
2025-12-13T21:30:34 checking whether the C compiler works... yes
2025-12-13T21:30:34 checking for C compiler default output file name... a.out
2025-12-13T21:30:35 checking for suffix of executables...
2025-12-13T21:30:35 checking whether we are cross compiling... no
2025-12-13T21:30:35 checking for suffix of object files... o
2025-12-13T21:30:35 checking whether we are using the GNU C compiler... yes
2025-12-13T21:30:35 checking whether /usr/bin/gcc accepts -g... yes
2025-12-13T21:30:35 checking for /usr/bin/gcc option to accept ISO C89... none needed
2025-12-13T21:30:35 checking whether /usr/bin/gcc understands -c and -o together... yes
2025-12-13T21:30:35 checking whether make supports the include directive... yes (GNU style)
2025-12-13T21:30:35 checking dependency style of /usr/bin/gcc... none
2025-12-13T21:30:35 checking how to run the C preprocessor... /usr/bin/cpp
2025-12-13T21:30:35 checking for grep that handles long lines and -e... /usr/bin/grep
2025-12-13T21:30:35 checking for egrep... /usr/bin/grep -E
2025-12-13T21:30:35 checking for ANSI C header files... yes
2025-12-13T21:30:35 checking for sys/types.h... yes
2025-12-13T21:30:35 checking for sys/stat.h... yes
2025-12-13T21:30:35 checking for stdlib.h... yes
2025-12-13T21:30:35 checking for string.h... yes
2025-12-13T21:30:35 checking for memory.h... yes
2025-12-13T21:30:35 checking for strings.h... yes
2025-12-13T21:30:35 checking for inttypes.h... yes
2025-12-13T21:30:35 checking for stdint.h... yes
2025-12-13T21:30:35 checking for unistd.h... yes
2025-12-13T21:30:35 checking minix/config.h usability... no
2025-12-13T21:30:35 checking minix/config.h presence... no
2025-12-13T21:30:35 checking for minix/config.h... no
2025-12-13T21:30:35 checking whether it is safe to define __EXTENSIONS__... yes
2025-12-13T21:30:35 checking whether __attribute__((visibility())) is supported... yes
2025-12-13T21:30:35 checking whether byte ordering is bigendian... no
2025-12-13T21:30:35 checking for special C compiler options needed for large files... no
2025-12-13T21:30:35 checking for _FILE_OFFSET_BITS value needed for large files... no
2025-12-13T21:30:35 checking the archiver (/usr/bin/ar) interface... ar
2025-12-13T21:30:35 checking build system type... x86_64-pc-linux-gnu
2025-12-13T21:30:35 checking host system type... x86_64-pc-linux-gnu
2025-12-13T21:30:35 checking how to print strings... printf
2025-12-13T21:30:35 checking for a sed that does not truncate output... /usr/bin/sed
2025-12-13T21:30:35 checking for fgrep... /usr/bin/grep -F
2025-12-13T21:30:35 checking for ld used by /usr/bin/gcc... /usr/bin/ld
2025-12-13T21:30:35 checking if the linker (/usr/bin/ld) is GNU ld... yes
2025-12-13T21:30:35 checking for BSD- or MS-compatible name lister (nm)... /usr/bin/nm
2025-12-13T21:30:35 checking the name lister (/usr/bin/nm) interface... BSD nm
2025-12-13T21:30:35 checking whether ln -s works... yes
2025-12-13T21:30:35 checking the maximum length of command line arguments... 1572864
2025-12-13T21:30:35 checking how to convert x86_64-pc-linux-gnu file names to x86_64-pc-linux-gnu format... func_convert_file_noop
2025-12-13T21:30:35 checking how to convert x86_64-pc-linux-gnu file names to toolchain format... func_convert_file_noop
2025-12-13T21:30:35 checking for /usr/bin/ld option to reload object files... -r
2025-12-13T21:30:35 checking for objdump... objdump
2025-12-13T21:30:35 checking how to recognize dependent libraries... pass_all
2025-12-13T21:30:35 checking for dlltool... no
2025-12-13T21:30:35 checking how to associate runtime and link libraries... printf %sn
2025-12-13T21:30:35 checking for archiver @FILE support... @
2025-12-13T21:30:35 checking for strip... strip
2025-12-13T21:30:35 checking for ranlib... /usr/bin/ranlib
2025-12-13T21:30:35 checking command to parse /usr/bin/nm output from /usr/bin/gcc object... ok
2025-12-13T21:30:35 checking for sysroot... no
2025-12-13T21:30:35 checking for a working dd... /usr/bin/dd
2025-12-13T21:30:35 checking how to truncate binary pipes... /usr/bin/dd bs=4096 count=1
2025-12-13T21:30:35 checking for mt... mt
2025-12-13T21:30:35 checking if mt is a manifest tool... no
2025-12-13T21:30:35 checking for dlfcn.h... yes
2025-12-13T21:30:35 checking for objdir... .libs
2025-12-13T21:30:35 checking if /usr/bin/gcc supports -fno-rtti -fno-exceptions... no
2025-12-13T21:30:35 checking for /usr/bin/gcc option to produce PIC... -fPIC -DPIC
2025-12-13T21:30:35 checking if /usr/bin/gcc PIC flag -fPIC -DPIC works... yes
2025-12-13T21:30:35 checking if /usr/bin/gcc static flag -static works... yes
2025-12-13T21:30:35 checking if /usr/bin/gcc supports -c -o file.o... yes
2025-12-13T21:30:35 checking if /usr/bin/gcc supports -c -o file.o... (cached) yes
2025-12-13T21:30:35 checking whether the /usr/bin/gcc linker (/usr/bin/ld -m elf_x86_64) supports shared libraries... yes
2025-12-13T21:30:35 checking whether -lc should be explicitly linked in... no
2025-12-13T21:30:35 checking dynamic linker characteristics... GNU/Linux ld.so
2025-12-13T21:30:35 checking how to hardcode library paths into programs... immediate
2025-12-13T21:30:35 checking whether stripping libraries is possible... yes
2025-12-13T21:30:35 checking if libtool supports shared libraries... yes
2025-12-13T21:30:35 checking whether to build shared libraries... yes
2025-12-13T21:30:35 checking whether to build static libraries... no
2025-12-13T21:30:35 checking whether NLS is requested... no
2025-12-13T21:30:35 checking for msgfmt... /usr/bin/msgfmt
2025-12-13T21:30:35 checking for gmsgfmt... /usr/bin/msgfmt
2025-12-13T21:30:35 checking for xgettext... /usr/bin/xgettext
2025-12-13T21:30:35 checking for msgmerge... /usr/bin/msgmerge
2025-12-13T21:30:35 checking for ld used by /usr/bin/gcc... /usr/bin/ld -m elf_x86_64
2025-12-13T21:30:35 checking if the linker (/usr/bin/ld -m elf_x86_64) is GNU ld... yes
2025-12-13T21:30:35 checking for shared library run path origin... done
2025-12-13T21:30:35 checking for CFPreferencesCopyAppValue... no
2025-12-13T21:30:35 checking for CFLocaleCopyCurrent... no
2025-12-13T21:30:35 checking whether to use NLS... no
2025-12-13T21:30:35 checking attr/error_context.h usability... yes
2025-12-13T21:30:35 checking attr/error_context.h presence... yes
2025-12-13T21:30:35 checking for attr/error_context.h... yes
2025-12-13T21:30:35 checking for getxattr in -lattr... yes
2025-12-13T21:30:35 checking that generated files are newer than configure... done
2025-12-13T21:30:35 configure: creating ./config.status
2025-12-13T21:30:36 config.status: creating libacl.pc
2025-12-13T21:30:36 config.status: creating Makefile
2025-12-13T21:30:36 config.status: creating po/Makefile.in
2025-12-13T21:30:36 config.status: creating include/config.h
2025-12-13T21:30:36 config.status: executing depfiles commands
2025-12-13T21:30:36 config.status: executing libtool commands
2025-12-13T21:30:36 config.status: executing po-directories commands
2025-12-13T21:30:36 config.status: creating po/POTFILES
2025-12-13T21:30:36 config.status: creating po/Makefile
2025-12-13T21:30:36 config.status: executing include/acl commands
2025-12-13T21:30:36 config.status: executing include/sys commands
2025-12-13T21:30:36 configure: WARNING: unrecognized options: --disable-gtk-doc, --disable-gtk-doc-html, --disable-doc, --disable-docs, --disable-documentation, --with-xmlto, --with-fop
2025-12-13T21:30:36 [7m>>> host-acl 2.3.1 Building[27m
2025-12-13T21:30:36 PATH="/home/VuAirOS/buildroot-2021.05/output/host/bin:/home/VuAirOS/buildroot-2021.05/output/host/sbin:/usr/local/sbin:/usr/local/bin:/usr/sbin:/usr/bin:/sbin:/bin:/usr/games:/usr/local/games:/usr/lib/wsl/lib" PKG_CONFIG="/home/VuAirOS/buildroot-2021.05/output/host/bin/pkg-config" PKG_CONFIG_SYSROOT_DIR="/" PKG_CONFIG_ALLOW_SYSTEM_CFLAGS=1 PKG_CONFIG_ALLOW_SYSTEM_LIBS=1 PKG_CONFIG_LIBDIR="/home/VuAirOS/buildroot-2021.05/output/host/lib/pkgconfig:/home/VuAirOS/buildroot-2021.05/output/host/share/pkgconfig"  /usr/bin/make   -C /home/VuAirOS/buildroot-2021.05/output/build/host-acl-2.3.1/
2025-12-13T21:30:36 make[1]: Entering directory '/home/VuAirOS/buildroot-2021.05/output/build/host-acl-2.3.1'
2025-12-13T21:30:36 Making all in po
2025-12-13T21:30:36 make[2]: Entering directory '/home/VuAirOS/buildroot-2021.05/output/build/host-acl-2.3.1/po'
2025-12-13T21:30:36 make[2]: Nothing to be done for 'all'.
2025-12-13T21:30:36 make[2]: Leaving directory '/home/VuAirOS/buildroot-2021.05/output/build/host-acl-2.3.1/po'
2025-12-13T21:30:36 make[2]: Entering directory '/home/VuAirOS/buildroot-2021.05/output/build/host-acl-2.3.1'
2025-12-13T21:30:36 CC       tools/chacl.o
2025-12-13T21:30:36 CC       tools/getfacl.o
2025-12-13T21:30:36 CC       tools/user_group.o
2025-12-13T21:30:36 CC       tools/do_set.o
2025-12-13T21:30:36 CC       tools/parse.o
2025-12-13T21:30:36 CC       tools/sequence.o
2025-12-13T21:30:36 CC       tools/setfacl.o
2025-12-13T21:30:36 CC       libacl/la-acl_add_perm.lo
2025-12-13T21:30:36 CC       libacl/la-acl_calc_mask.lo
2025-12-13T21:30:36 CC       libacl/la-acl_clear_perms.lo
2025-12-13T21:30:36 CC       libacl/la-acl_copy_entry.lo
2025-12-13T21:30:36 CC       libacl/la-acl_copy_ext.lo
2025-12-13T21:30:36 CC       libacl/la-acl_create_entry.lo
2025-12-13T21:30:36 CC       libacl/la-acl_delete_def_file.lo
2025-12-13T21:30:36 CC       libacl/la-acl_delete_entry.lo
2025-12-13T21:30:36 CC       libacl/la-acl_copy_int.lo
2025-12-13T21:30:36 CC       libacl/la-acl_delete_perm.lo
2025-12-13T21:30:36 CC       libacl/la-acl_dup.lo
2025-12-13T21:30:36 CC       libacl/la-acl_free.lo
2025-12-13T21:30:36 CC       libacl/la-acl_from_text.lo
2025-12-13T21:30:36 CC       libacl/la-acl_get_entry.lo
2025-12-13T21:30:36 CC       libacl/la-acl_get_fd.lo
2025-12-13T21:30:36 CC       libacl/la-acl_get_file.lo
2025-12-13T21:30:36 CC       libacl/la-acl_get_perm.lo
2025-12-13T21:30:36 CC       libacl/la-acl_get_permset.lo
2025-12-13T21:30:36 CC       libacl/la-acl_get_qualifier.lo
2025-12-13T21:30:36 CC       libacl/la-acl_get_tag_type.lo
2025-12-13T21:30:36 CC       libacl/la-acl_init.lo
2025-12-13T21:30:36 CC       libacl/la-acl_set_fd.lo
2025-12-13T21:30:36 CC       libacl/la-acl_set_file.lo
2025-12-13T21:30:36 CC       libacl/la-acl_set_permset.lo
2025-12-13T21:30:36 CC       libacl/la-acl_set_qualifier.lo
2025-12-13T21:30:36 CC       libacl/la-acl_set_tag_type.lo
2025-12-13T21:30:36 CC       libacl/la-acl_size.lo
2025-12-13T21:30:36 CC       libacl/la-acl_to_text.lo
2025-12-13T21:30:36 CC       libacl/la-acl_valid.lo
2025-12-13T21:30:36 CC       libacl/la-acl_check.lo
2025-12-13T21:30:36 CC       libacl/la-acl_entries.lo
2025-12-13T21:30:36 CC       libacl/la-acl_cmp.lo
2025-12-13T21:30:36 CC       libacl/la-acl_equiv_mode.lo
2025-12-13T21:30:36 CC       libacl/la-acl_error.lo
2025-12-13T21:30:36 CC       libacl/la-acl_extended_fd.lo
2025-12-13T21:30:36 CC       libacl/la-acl_extended_file.lo
2025-12-13T21:30:36 CC       libacl/la-acl_from_mode.lo
2025-12-13T21:30:36 CC       libacl/la-acl_extended_file_nofollow.lo
2025-12-13T21:30:36 CC       libacl/la-acl_to_any_text.lo
2025-12-13T21:30:36 CC       libacl/la-__acl_extended_file.lo
2025-12-13T21:30:36 CC       libacl/la-__acl_from_xattr.lo
2025-12-13T21:30:36 CC       libacl/la-__acl_reorder_obj_p.lo
2025-12-13T21:30:36 CC       libacl/la-__acl_to_any_text.lo
2025-12-13T21:30:36 CC       libacl/la-__acl_to_xattr.lo
2025-12-13T21:30:36 CC       libacl/la-__apply_mask_to_mode.lo
2025-12-13T21:30:36 CC       libacl/la-perm_copy_fd.lo
2025-12-13T21:30:36 CC       libacl/la-__libobj.lo
2025-12-13T21:30:36 CC       libacl/la-perm_copy_file.lo
2025-12-13T21:30:36 CC       libmisc/high_water_alloc.lo
2025-12-13T21:30:36 CC       libmisc/next_line.lo
2025-12-13T21:30:36 CC       libmisc/quote.lo
2025-12-13T21:30:36 CC       libmisc/unquote.lo
2025-12-13T21:30:36 CC       libmisc/walk_tree.lo
2025-12-13T21:30:36 CCLD     libmisc.la
2025-12-13T21:30:36 /usr/bin/ar: `u' modifier ignored since `D' is the default (see `U')
2025-12-13T21:30:36 CCLD     libacl.la
2025-12-13T21:30:36 CCLD     chacl
2025-12-13T21:30:36 CCLD     getfacl
2025-12-13T21:30:36 CCLD     setfacl
2025-12-13T21:30:36 make[2]: Leaving directory '/home/VuAirOS/buildroot-2021.05/output/build/host-acl-2.3.1'
2025-12-13T21:30:36 make[1]: Leaving directory '/home/VuAirOS/buildroot-2021.05/output/build/host-acl-2.3.1'
2025-12-13T21:30:36 [7m>>> host-acl 2.3.1 Installing to host directory[27m
2025-12-13T21:30:36 PATH="/home/VuAirOS/buildroot-2021.05/output/host/bin:/home/VuAirOS/buildroot-2021.05/output/host/sbin:/usr/local/sbin:/usr/local/bin:/usr/sbin:/usr/bin:/sbin:/bin:/usr/games:/usr/local/games:/usr/lib/wsl/lib" PKG_CONFIG="/home/VuAirOS/buildroot-2021.05/output/host/bin/pkg-config" PKG_CONFIG_SYSROOT_DIR="/" PKG_CONFIG_ALLOW_SYSTEM_CFLAGS=1 PKG_CONFIG_ALLOW_SYSTEM_LIBS=1 PKG_CONFIG_LIBDIR="/home/VuAirOS/buildroot-2021.05/output/host/lib/pkgconfig:/home/VuAirOS/buildroot-2021.05/output/host/share/pkgconfig"  /usr/bin/make  install -C /home/VuAirOS/buildroot-2021.05/output/build/host-acl-2.3.1/
2025-12-13T21:30:36 make[1]: Entering directory '/home/VuAirOS/buildroot-2021.05/output/build/host-acl-2.3.1'
2025-12-13T21:30:36 Making install in po
2025-12-13T21:30:36 make[2]: Entering directory '/home/VuAirOS/buildroot-2021.05/output/build/host-acl-2.3.1/po'
2025-12-13T21:30:36 if test "acl" = "gettext-tools"; then   /usr/bin/mkdir -p /home/VuAirOS/buildroot-2021.05/output/host/share/gettext/po;   for file in Makefile.in.in remove-potcdate.sin quot.sed boldquot.sed en@quot.header en@boldquot.header insert-header.sin Rules-quot   Makevars.template; do     /usr/bin/install -c -m 644 ./$file 		    /home/VuAirOS/buildroot-2021.05/output/host/share/gettext/po/$file;   done;   for file in Makevars; do     rm -f /home/VuAirOS/buildroot-2021.05/output/host/share/gettext/po/$file;   done; else   : ; fi
2025-12-13T21:30:36 make[2]: Leaving directory '/home/VuAirOS/buildroot-2021.05/output/build/host-acl-2.3.1/po'
2025-12-13T21:30:36 make[2]: Entering directory '/home/VuAirOS/buildroot-2021.05/output/build/host-acl-2.3.1'
2025-12-13T21:30:36 make[3]: Entering directory '/home/VuAirOS/buildroot-2021.05/output/build/host-acl-2.3.1'
2025-12-13T21:30:36 subst_install_header() { file=`echo "$1" | sed -e 's,^.*/,,'`; /usr/bin/sed -e "s/<EXPORT>/extern/" < "$1" > "include/$file.t" || exit 1; /usr/bin/mkdir -p "$2" || exit 1; /usr/bin/install -c -m 644 "include/$file.t" "$2/$file" || exit 1; rm -f "include/$file.t"; }; subst_install_header "include/libacl.h" "/home/VuAirOS/buildroot-2021.05/output/host/include/acl"
2025-12-13T21:30:36 subst_install_header() { file=`echo "$1" | sed -e 's,^.*/,,'`; /usr/bin/sed -e "s/<EXPORT>/extern/" < "$1" > "include/$file.t" || exit 1; /usr/bin/mkdir -p "$2" || exit 1; /usr/bin/install -c -m 644 "include/$file.t" "$2/$file" || exit 1; rm -f "include/$file.t"; }; subst_install_header "include/acl.h" "/home/VuAirOS/buildroot-2021.05/output/host/include/sys"
2025-12-13T21:30:36 /usr/bin/mkdir -p '/home/VuAirOS/buildroot-2021.05/output/host/lib'
2025-12-13T21:30:36 /usr/bin/mkdir -p '/home/VuAirOS/buildroot-2021.05/output/host/share/doc/acl'
2025-12-13T21:30:36 /bin/bash ./libtool   --mode=install /usr/bin/install -c   libacl.la '/home/VuAirOS/buildroot-2021.05/output/host/lib'
2025-12-13T21:30:36 /usr/bin/mkdir -p '/home/VuAirOS/buildroot-2021.05/output/host/share/man/man1'
2025-12-13T21:30:36 /usr/bin/mkdir -p '/home/VuAirOS/buildroot-2021.05/output/host/lib/pkgconfig'
2025-12-13T21:30:36 /usr/bin/mkdir -p '/home/VuAirOS/buildroot-2021.05/output/host/share/man/man3'
2025-12-13T21:30:36 /usr/bin/mkdir -p '/home/VuAirOS/buildroot-2021.05/output/host/share/man/man5'
2025-12-13T21:30:36 /usr/bin/install -c -m 644 doc/extensions.txt doc/CHANGES doc/COPYING doc/COPYING.LGPL doc/libacl.txt doc/PORTING '/home/VuAirOS/buildroot-2021.05/output/host/share/doc/acl'
2025-12-13T21:30:36 /usr/bin/install -c -m 644 libacl.pc '/home/VuAirOS/buildroot-2021.05/output/host/lib/pkgconfig'
2025-12-13T21:30:36 /usr/bin/install -c -m 644 man/man1/chacl.1 man/man1/getfacl.1 man/man1/setfacl.1 '/home/VuAirOS/buildroot-2021.05/output/host/share/man/man1'
2025-12-13T21:30:36 /usr/bin/install -c -m 644 man/man5/acl.5 '/home/VuAirOS/buildroot-2021.05/output/host/share/man/man5'
2025-12-13T21:30:36 /usr/bin/install -c -m 644 man/man3/acl_add_perm.3 man/man3/acl_calc_mask.3 man/man3/acl_check.3 man/man3/acl_clear_perms.3 man/man3/acl_cmp.3 man/man3/acl_copy_entry.3 man/man3/acl_copy_ext.3 man/man3/acl_copy_int.3 man/man3/acl_create_entry.3 man/man3/acl_delete_def_file.3 man/man3/acl_delete_entry.3 man/man3/acl_delete_perm.3 man/man3/acl_dup.3 man/man3/acl_entries.3 man/man3/acl_equiv_mode.3 man/man3/acl_error.3 man/man3/acl_extended_fd.3 man/man3/acl_extended_file.3 man/man3/acl_extended_file_nofollow.3 man/man3/acl_free.3 man/man3/acl_from_mode.3 man/man3/acl_from_text.3 man/man3/acl_get_entry.3 man/man3/acl_get_fd.3 man/man3/acl_get_file.3 man/man3/acl_get_perm.3 man/man3/acl_get_permset.3 man/man3/acl_get_qualifier.3 man/man3/acl_get_tag_type.3 man/man3/acl_init.3 man/man3/acl_set_fd.3 man/man3/acl_set_file.3 man/man3/acl_set_permset.3 man/man3/acl_set_qualifier.3 man/man3/acl_set_tag_type.3 man/man3/acl_size.3 man/man3/acl_to_any_text.3 man/man3/acl_to_text.3 man/man3/acl_valid.3 '/home/VuAirOS/buildroot-2021.05/output/host/share/man/man3'
2025-12-13T21:30:36 libtool: install: /usr/bin/install -c .libs/libacl.so.1.1.2301 /home/VuAirOS/buildroot-2021.05/output/host/lib/libacl.so.1.1.2301
2025-12-13T21:30:36 libtool: install: (cd /home/VuAirOS/buildroot-2021.05/output/host/lib && { ln -s -f libacl.so.1.1.2301 libacl.so.1 || { rm -f libacl.so.1 && ln -s libacl.so.1.1.2301 libacl.so.1; }; })
2025-12-13T21:30:36 libtool: install: (cd /home/VuAirOS/buildroot-2021.05/output/host/lib && { ln -s -f libacl.so.1.1.2301 libacl.so || { rm -f libacl.so && ln -s libacl.so.1.1.2301 libacl.so; }; })
2025-12-13T21:30:36 libtool: install: /usr/bin/install -c .libs/libacl.lai /home/VuAirOS/buildroot-2021.05/output/host/lib/libacl.la
2025-12-13T21:30:36 libtool: finish: PATH="/home/VuAirOS/buildroot-2021.05/output/host/bin:/home/VuAirOS/buildroot-2021.05/output/host/sbin:/usr/local/sbin:/usr/local/bin:/usr/sbin:/usr/bin:/sbin:/bin:/usr/games:/usr/local/games:/usr/lib/wsl/lib:/sbin" ldconfig -n /home/VuAirOS/buildroot-2021.05/output/host/lib
2025-12-13T21:30:36 ----------------------------------------------------------------------
2025-12-13T21:30:36 Libraries have been installed in:
2025-12-13T21:30:36 /home/VuAirOS/buildroot-2021.05/output/host/lib
2025-12-13T21:30:36 
2025-12-13T21:30:36 If you ever happen to want to link against installed libraries
2025-12-13T21:30:36 in a given directory, LIBDIR, you must either use libtool, and
2025-12-13T21:30:36 specify the full pathname of the library, or use the '-LLIBDIR'
2025-12-13T21:30:36 flag during linking and do at least one of the following:
2025-12-13T21:30:36 - add LIBDIR to the 'LD_LIBRARY_PATH' environment variable
2025-12-13T21:30:36 during execution
2025-12-13T21:30:36 - add LIBDIR to the 'LD_RUN_PATH' environment variable
2025-12-13T21:30:36 during linking
2025-12-13T21:30:36 - use the '-Wl,-rpath -Wl,LIBDIR' linker flag
2025-12-13T21:30:36 - have your system administrator add LIBDIR to '/etc/ld.so.conf'
2025-12-13T21:30:36 
2025-12-13T21:30:36 See any operating system documentation about shared libraries for
2025-12-13T21:30:36 more information, such as the ld(1) and ld.so(8) manual pages.
2025-12-13T21:30:36 ----------------------------------------------------------------------
2025-12-13T21:30:36 /usr/bin/mkdir -p '/home/VuAirOS/buildroot-2021.05/output/host/bin'
2025-12-13T21:30:36 /bin/bash ./libtool   --mode=install /usr/bin/install -c chacl getfacl setfacl '/home/VuAirOS/buildroot-2021.05/output/host/bin'
2025-12-13T21:30:37 libtool: install: /usr/bin/install -c chacl /home/VuAirOS/buildroot-2021.05/output/host/bin/chacl
2025-12-13T21:30:37 libtool: install: /usr/bin/install -c getfacl /home/VuAirOS/buildroot-2021.05/output/host/bin/getfacl
2025-12-13T21:30:37 libtool: install: /usr/bin/install -c setfacl /home/VuAirOS/buildroot-2021.05/output/host/bin/setfacl
2025-12-13T21:30:37 make[3]: Leaving directory '/home/VuAirOS/buildroot-2021.05/output/build/host-acl-2.3.1'
2025-12-13T21:30:37 make[2]: Leaving directory '/home/VuAirOS/buildroot-2021.05/output/build/host-acl-2.3.1'
2025-12-13T21:30:37 make[1]: Leaving directory '/home/VuAirOS/buildroot-2021.05/output/build/host-acl-2.3.1'
2025-12-13T21:30:37 m4-1.4.18.tar.xz: OK (sha256: f2c1e86ca0a404ff281631bdc8377638992744b175afb806e25871a24a934e07)
2025-12-13T21:30:37 [7m>>> host-m4 1.4.18 Extracting[27m
2025-12-13T21:30:37 xzcat /home/VuAirOS/buildroot-2021.05/dl/m4/m4-1.4.18.tar.xz | tar --strip-components=1 -C /home/VuAirOS/buildroot-2021.05/output/build/host-m4-1.4.18   -xf -
2025-12-13T21:30:37 [7m>>> host-m4 1.4.18 Patching[27m
2025-12-13T21:30:37 
2025-12-13T21:30:37 Applying 0001-fflush-adjust-to-glibc-2.28-libio.h-removal.patch using patch:
2025-12-13T21:30:37 patching file lib/fflush.c
2025-12-13T21:30:37 Hunk #2 succeeded at 72 with fuzz 1.
2025-12-13T21:30:37 patching file lib/fpending.c
2025-12-13T21:30:37 Hunk #1 succeeded at 32 with fuzz 1.
2025-12-13T21:30:37 patching file lib/fpurge.c
2025-12-13T21:30:37 patching file lib/freadahead.c
2025-12-13T21:30:37 Hunk #1 succeeded at 25 (offset -5 lines).
2025-12-13T21:30:37 patching file lib/freading.c
2025-12-13T21:30:37 patching file lib/fseeko.c
2025-12-13T21:30:37 patching file lib/stdio-impl.h
2025-12-13T21:30:37 
2025-12-13T21:30:37 Applying 0002-fflush-be-more-paranoid-about-libio.h-change.patch using patch:
2025-12-13T21:30:37 patching file lib/fflush.c
2025-12-13T21:30:37 Hunk #2 succeeded at 73 with fuzz 1.
2025-12-13T21:30:37 patching file lib/fpending.c
2025-12-13T21:30:37 Hunk #1 succeeded at 32 with fuzz 1.
2025-12-13T21:30:37 patching file lib/fpurge.c
2025-12-13T21:30:37 patching file lib/freadahead.c
2025-12-13T21:30:37 Hunk #1 succeeded at 25 (offset -5 lines).
2025-12-13T21:30:37 patching file lib/freading.c
2025-12-13T21:30:37 patching file lib/fseeko.c
2025-12-13T21:30:37 
2025-12-13T21:30:37 Applying 0003-c-stack-stop-using-SIGSTKSZ.patch using patch:
2025-12-13T21:30:37 patching file lib/c-stack.c
2025-12-13T21:30:37 patching file lib/c-stack.h
2025-12-13T21:30:37 [7m>>> host-m4 1.4.18 Updating config.sub and config.guess[27m
2025-12-13T21:30:37 for file in config.guess config.sub; do for i in $(find /home/VuAirOS/buildroot-2021.05/output/build/host-m4-1.4.18 -name $file); do cp support/gnuconfig/$file $i; done; done
2025-12-13T21:30:37 [7m>>> host-m4 1.4.18 Patching libtool[27m
2025-12-13T21:30:37 [7m>>> host-m4 1.4.18 Configuring[27m
2025-12-13T21:30:37 (cd /home/VuAirOS/buildroot-2021.05/output/build/host-m4-1.4.18/ && rm -rf config.cache; PATH="/home/VuAirOS/buildroot-2021.05/output/host/bin:/home/VuAirOS/buildroot-2021.05/output/host/sbin:/usr/local/sbin:/usr/local/bin:/usr/sbin:/usr/bin:/sbin:/bin:/usr/games:/usr/local/games:/usr/lib/wsl/lib" PKG_CONFIG="/home/VuAirOS/buildroot-2021.05/output/host/bin/pkg-config" PKG_CONFIG_SYSROOT_DIR="/" PKG_CONFIG_ALLOW_SYSTEM_CFLAGS=1 PKG_CONFIG_ALLOW_SYSTEM_LIBS=1 PKG_CONFIG_LIBDIR="/home/VuAirOS/buildroot-2021.05/output/host/lib/pkgconfig:/home/VuAirOS/buildroot-2021.05/output/host/share/pkgconfig" AR="/usr/bin/ar" AS="/usr/bin/as" LD="/usr/bin/ld" NM="/usr/bin/nm" CC="/usr/bin/gcc" GCC="/usr/bin/gcc" CXX="/usr/bin/g++" CPP="/usr/bin/cpp" OBJCOPY="/usr/bin/objcopy" RANLIB="/usr/bin/ranlib" CPPFLAGS="-I/home/VuAirOS/buildroot-2021.05/output/host/include" CFLAGS="-O2 -I/home/VuAirOS/buildroot-2021.05/output/host/include" CXXFLAGS="-O2 -I/home/VuAirOS/buildroot-2021.05/output/host/include" LDFLAGS="-L/home/VuAirOS/buildroot-2021.05/output/host/lib -Wl,-rpath,/home/VuAirOS/buildroot-2021.05/output/host/lib" INTLTOOL_PERL=/usr/bin/perl CFLAGS="-O2 -I/home/VuAirOS/buildroot-2021.05/output/host/include" LDFLAGS="-L/home/VuAirOS/buildroot-2021.05/output/host/lib -Wl,-rpath,/home/VuAirOS/buildroot-2021.05/output/host/lib"  CONFIG_SITE=/dev/null ./configure --prefix="/home/VuAirOS/buildroot-2021.05/output/host" --sysconfdir="/home/VuAirOS/buildroot-2021.05/output/host/etc" --localstatedir="/home/VuAirOS/buildroot-2021.05/output/host/var" --enable-shared --disable-static --disable-gtk-doc --disable-gtk-doc-html --disable-doc --disable-docs --disable-documentation --disable-debug --with-xmlto=no --with-fop=no --disable-nls --disable-dependency-tracking  --disable-static )
2025-12-13T21:30:37 configure: WARNING: unrecognized options: --enable-shared, --disable-static, --disable-gtk-doc, --disable-gtk-doc-html, --disable-doc, --disable-docs, --disable-documentation, --disable-debug, --with-xmlto, --with-fop, --disable-nls, --disable-static
2025-12-13T21:30:37 checking for a BSD-compatible install... /usr/bin/install -c
2025-12-13T21:30:37 checking whether build environment is sane... yes
2025-12-13T21:30:37 checking for a thread-safe mkdir -p... /usr/bin/mkdir -p
2025-12-13T21:30:37 checking for gawk... gawk
2025-12-13T21:30:37 checking whether make sets $(MAKE)... yes
2025-12-13T21:30:37 checking whether make supports nested variables... yes
2025-12-13T21:30:37 checking whether make supports nested variables... (cached) yes
2025-12-13T21:30:37 checking for gcc... /usr/bin/gcc
2025-12-13T21:30:37 checking whether the C compiler works... yes
2025-12-13T21:30:37 checking for C compiler default output file name... a.out
2025-12-13T21:30:37 checking for suffix of executables...
2025-12-13T21:30:37 checking whether we are cross compiling... no
2025-12-13T21:30:37 checking for suffix of object files... o
2025-12-13T21:30:37 checking whether we are using the GNU C compiler... yes
2025-12-13T21:30:37 checking whether /usr/bin/gcc accepts -g... yes
2025-12-13T21:30:37 checking for /usr/bin/gcc option to accept ISO C89... none needed
2025-12-13T21:30:37 checking whether /usr/bin/gcc understands -c and -o together... yes
2025-12-13T21:30:37 checking for style of include used by make... GNU
2025-12-13T21:30:37 checking dependency style of /usr/bin/gcc... none
2025-12-13T21:30:37 checking how to run the C preprocessor... /usr/bin/cpp
2025-12-13T21:30:37 checking for grep that handles long lines and -e... /usr/bin/grep
2025-12-13T21:30:37 checking for egrep... /usr/bin/grep -E
2025-12-13T21:30:37 checking for ANSI C header files... yes
2025-12-13T21:30:37 checking for sys/types.h... yes
2025-12-13T21:30:37 checking for sys/stat.h... yes
2025-12-13T21:30:37 checking for stdlib.h... yes
2025-12-13T21:30:37 checking for string.h... yes
2025-12-13T21:30:37 checking for memory.h... yes
2025-12-13T21:30:37 checking for strings.h... yes
2025-12-13T21:30:37 checking for inttypes.h... yes
2025-12-13T21:30:37 checking for stdint.h... yes
2025-12-13T21:30:37 checking for unistd.h... yes
2025-12-13T21:30:37 checking minix/config.h usability... no
2025-12-13T21:30:37 checking minix/config.h presence... no
2025-12-13T21:30:37 checking for minix/config.h... no
2025-12-13T21:30:37 checking whether it is safe to define __EXTENSIONS__... yes
2025-12-13T21:30:37 checking whether _XOPEN_SOURCE should be defined... no
2025-12-13T21:30:37 checking for Minix Amsterdam compiler... no
2025-12-13T21:30:37 checking the archiver (/usr/bin/ar) interface... ar
2025-12-13T21:30:37 checking for ar... /usr/bin/ar
2025-12-13T21:30:37 checking build system type... x86_64-pc-linux-gnu
2025-12-13T21:30:37 checking host system type... x86_64-pc-linux-gnu
2025-12-13T21:30:37 checking for _LARGEFILE_SOURCE value needed for large files... no
2025-12-13T21:30:37 checking for special C compiler options needed for large files... no
2025-12-13T21:30:37 checking for _FILE_OFFSET_BITS value needed for large files... no
2025-12-13T21:30:37 checking for /usr/bin/gcc option to accept ISO C99... none needed
2025-12-13T21:30:37 checking for /usr/bin/gcc option to accept ISO Standard C... (cached) none needed
2025-12-13T21:30:37 configure: autobuild project... GNU M4
2025-12-13T21:30:37 configure: autobuild revision... 1.4.18
2025-12-13T21:30:37 configure: autobuild hostname... DESKTOP-BNPEL5E
2025-12-13T21:30:37 configure: autobuild timestamp... 20251214T033037Z
2025-12-13T21:30:37 checking for unsigned long long int... yes
2025-12-13T21:30:37 checking for long long int... yes
2025-12-13T21:30:37 checking for unsigned long long int... (cached) yes
2025-12-13T21:30:37 checking for size_t... yes
2025-12-13T21:30:37 checking for working alloca.h... yes
2025-12-13T21:30:37 checking for alloca... yes
2025-12-13T21:30:37 checking whether <wchar.h> uses 'inline' correctly... yes
2025-12-13T21:30:37 checking for btowc... yes
2025-12-13T21:30:37 checking for setrlimit... yes
2025-12-13T21:30:37 checking for sigaltstack... yes
2025-12-13T21:30:38 checking for canonicalize_file_name... yes
2025-12-13T21:30:38 checking for getcwd... yes
2025-12-13T21:30:38 checking for readlink... yes
2025-12-13T21:30:38 checking for realpath... yes
2025-12-13T21:30:38 checking for _set_invalid_parameter_handler... no
2025-12-13T21:30:38 checking for fcntl... yes
2025-12-13T21:30:38 checking for symlink... yes
2025-12-13T21:30:38 checking for mempcpy... yes
2025-12-13T21:30:38 checking for fpurge... no
2025-12-13T21:30:38 checking for __fpurge... yes
2025-12-13T21:30:38 checking for __freadahead... no
2025-12-13T21:30:38 checking for __freading... yes
2025-12-13T21:30:38 checking for getdtablesize... yes
2025-12-13T21:30:38 checking for getprogname... no
2025-12-13T21:30:38 checking for getexecname... no
2025-12-13T21:30:38 checking for gettimeofday... yes
2025-12-13T21:30:38 checking for lstat... yes
2025-12-13T21:30:38 checking for mbsinit... yes
2025-12-13T21:30:38 checking for mbrtowc... yes
2025-12-13T21:30:38 checking for mprotect... yes
2025-12-13T21:30:38 checking for mkstemp... yes
2025-12-13T21:30:38 checking for nl_langinfo... yes
2025-12-13T21:30:38 checking for pipe2... yes
2025-12-13T21:30:38 checking for isblank... yes
2025-12-13T21:30:38 checking for iswctype... yes
2025-12-13T21:30:38 checking for link... yes
2025-12-13T21:30:38 checking for secure_getenv... yes
2025-12-13T21:30:38 checking for getuid... yes
2025-12-13T21:30:38 checking for geteuid... yes
2025-12-13T21:30:38 checking for getgid... yes
2025-12-13T21:30:38 checking for getegid... yes
2025-12-13T21:30:38 checking for sigaction... yes
2025-12-13T21:30:38 checking for siginterrupt... yes
2025-12-13T21:30:38 checking for snprintf... yes
2025-12-13T21:30:38 checking for strndup... yes
2025-12-13T21:30:38 checking for pipe... yes
2025-12-13T21:30:38 checking for vasnprintf... no
2025-12-13T21:30:38 checking for wcrtomb... yes
2025-12-13T21:30:38 checking for iswcntrl... yes
2025-12-13T21:30:38 checking for newlocale... yes
2025-12-13T21:30:38 checking for setenv... yes
2025-12-13T21:30:38 checking for sleep... yes
2025-12-13T21:30:38 checking for strdup... yes
2025-12-13T21:30:39 checking for wctob... yes
2025-12-13T21:30:39 checking for nl_langinfo and CODESET... yes
2025-12-13T21:30:39 checking for a traditional french locale... none
2025-12-13T21:30:39 checking for ucontext.h... yes
2025-12-13T21:30:39 checking for unistd.h... (cached) yes
2025-12-13T21:30:39 checking for sys/param.h... yes
2025-12-13T21:30:39 checking for sys/socket.h... yes
2025-12-13T21:30:39 checking for stdio_ext.h... yes
2025-12-13T21:30:39 checking for sys/stat.h... (cached) yes
2025-12-13T21:30:39 checking for getopt.h... yes
2025-12-13T21:30:39 checking for sys/time.h... yes
2025-12-13T21:30:39 checking for langinfo.h... yes
2025-12-13T21:30:39 checking for limits.h... yes
2025-12-13T21:30:39 checking for xlocale.h... no
2025-12-13T21:30:39 checking for math.h... yes
2025-12-13T21:30:39 checking for sys/mman.h... yes
2025-12-13T21:30:39 checking for malloc.h... yes
2025-12-13T21:30:39 checking for sys/cdefs.h... yes
2025-12-13T21:30:39 checking for spawn.h... yes
2025-12-13T21:30:39 checking for wchar.h... yes
2025-12-13T21:30:39 checking for stdint.h... (cached) yes
2025-12-13T21:30:39 checking for sys/wait.h... yes
2025-12-13T21:30:39 checking for features.h... yes
2025-12-13T21:30:39 checking for wctype.h... yes
2025-12-13T21:30:39 checking for dirent.h... yes
2025-12-13T21:30:39 checking for inttypes.h... (cached) yes
2025-12-13T21:30:39 checking for working C stack overflow detection... no
2025-12-13T21:30:39 checking for ld used by /usr/bin/gcc... /usr/bin/ld
2025-12-13T21:30:39 checking if the linker (/usr/bin/ld) is GNU ld... yes
2025-12-13T21:30:39 checking for shared library run path origin... done
2025-12-13T21:30:39 checking for libsigsegv... no, consider installing GNU libsigsegv
2025-12-13T21:30:39 checking whether // is distinct from /... no
2025-12-13T21:30:39 checking whether realpath works... yes
2025-12-13T21:30:39 checking if environ is properly declared... yes
2025-12-13T21:30:39 checking whether the preprocessor supports include_next... yes
2025-12-13T21:30:39 checking whether system header files limit the line length... no
2025-12-13T21:30:39 checking for complete errno.h... yes
2025-12-13T21:30:39 checking whether strerror_r is declared... yes
2025-12-13T21:30:39 checking for strerror_r... yes
2025-12-13T21:30:39 checking whether strerror_r returns char *... yes
2025-12-13T21:30:39 checking for mode_t... yes
2025-12-13T21:30:39 checking for sig_atomic_t... yes
2025-12-13T21:30:40 checking for working fcntl.h... yes
2025-12-13T21:30:40 checking for pid_t... yes
2025-12-13T21:30:40 checking whether frexp() can be used without linking with libm... yes
2025-12-13T21:30:40 checking whether alarm is declared... yes
2025-12-13T21:30:40 checking whether long double and double are the same... no
2025-12-13T21:30:40 checking whether stdin defaults to large file offsets... yes
2025-12-13T21:30:40 checking whether fseeko is declared... yes
2025-12-13T21:30:40 checking for fseeko... yes
2025-12-13T21:30:40 checking whether fflush works on input streams... no
2025-12-13T21:30:40 checking whether stat file-mode macros are broken... no
2025-12-13T21:30:40 checking for nlink_t... yes
2025-12-13T21:30:40 checking whether ftello is declared... yes
2025-12-13T21:30:41 checking for ftello... yes
2025-12-13T21:30:41 checking whether ftello works... yes
2025-12-13T21:30:41 checking whether getdtablesize is declared... yes
2025-12-13T21:30:41 checking for getopt.h... (cached) yes
2025-12-13T21:30:41 checking for getopt_long_only... yes
2025-12-13T21:30:41 checking whether getopt is POSIX compatible... yes
2025-12-13T21:30:41 checking for working GNU getopt function... yes
2025-12-13T21:30:41 checking for working GNU getopt_long function... yes
2025-12-13T21:30:41 checking whether getenv is declared... yes
2025-12-13T21:30:41 checking for C/C++ restrict keyword... __restrict
2025-12-13T21:30:41 checking for struct timeval... yes
2025-12-13T21:30:41 checking for wide-enough struct timeval.tv_sec member... yes
2025-12-13T21:30:41 checking where to find the exponent in a 'double'... word 1 bit 20
2025-12-13T21:30:41 checking where to find the exponent in a 'float'... word 0 bit 23
2025-12-13T21:30:41 checking whether byte ordering is bigendian... no
2025-12-13T21:30:41 checking whether limits.h has ULLONG_WIDTH etc.... yes
2025-12-13T21:30:41 checking whether getc_unlocked is declared... yes
2025-12-13T21:30:41 checking whether we are using the GNU C Library >= 2.1 or uClibc... yes
2025-12-13T21:30:41 checking for wchar_t... yes
2025-12-13T21:30:41 checking for max_align_t... yes
2025-12-13T21:30:41 checking whether NULL can be used in arbitrary expressions... yes
2025-12-13T21:30:41 checking for multithread API to use... none
2025-12-13T21:30:41 checking whether lstat correctly handles trailing slash... yes
2025-12-13T21:30:41 checking for a sed that does not truncate output... /usr/bin/sed
2025-12-13T21:30:41 checking whether malloc, realloc, calloc are POSIX compliant... yes
2025-12-13T21:30:41 checking for stdlib.h... (cached) yes
2025-12-13T21:30:41 checking for GNU libc compatible malloc... yes
2025-12-13T21:30:41 checking for mbstate_t... yes
2025-12-13T21:30:41 checking for a traditional japanese locale... none
2025-12-13T21:30:41 checking for a transitional chinese locale... none
2025-12-13T21:30:41 checking for a french Unicode locale... none
2025-12-13T21:30:41 checking for mmap... yes
2025-12-13T21:30:41 checking for MAP_ANONYMOUS... yes
2025-12-13T21:30:41 checking whether memchr works... yes
2025-12-13T21:30:41 checking whether <limits.h> defines MIN and MAX... no
2025-12-13T21:30:41 checking whether <sys/param.h> defines MIN and MAX... yes
2025-12-13T21:30:41 checking for promoted mode_t type... mode_t
2025-12-13T21:30:41 checking for library containing posix_spawn... none required
2025-12-13T21:30:41 checking for posix_spawn... yes
2025-12-13T21:30:41 checking whether posix_spawn works... yes
2025-12-13T21:30:41 checking whether posix_spawnattr_setschedpolicy is supported... yes
2025-12-13T21:30:41 checking whether posix_spawnattr_setschedparam is supported... yes
2025-12-13T21:30:41 checking for sigset_t... yes
2025-12-13T21:30:41 checking for SIGPIPE... yes
2025-12-13T21:30:41 checking for inline... inline
2025-12-13T21:30:41 checking for uid_t in sys/types.h... yes
2025-12-13T21:30:41 checking whether C symbols are prefixed with underscore at the linker level... no
2025-12-13T21:30:41 checking whether snprintf returns a byte count as in C99... yes
2025-12-13T21:30:41 checking whether snprintf is declared... yes
2025-12-13T21:30:42 checking for stdbool.h that conforms to C99... yes
2025-12-13T21:30:42 checking for _Bool... yes
2025-12-13T21:30:42 checking for wint_t... yes
2025-12-13T21:30:42 checking whether wint_t is too small... no
2025-12-13T21:30:42 checking whether stdint.h conforms to C99... yes
2025-12-13T21:30:42 checking whether stdint.h predates C++11... no
2025-12-13T21:30:42 checking whether stdint.h has UINTMAX_WIDTH etc.... yes
2025-12-13T21:30:42 checking whether strerror(0) succeeds... yes
2025-12-13T21:30:42 checking whether strndup is declared... yes
2025-12-13T21:30:42 checking whether strnlen is declared... yes
2025-12-13T21:30:42 checking whether strsignal is declared... yes
2025-12-13T21:30:42 checking whether sys_siglist is declared... no
2025-12-13T21:30:42 checking whether strstr works... yes
2025-12-13T21:30:42 checking whether ldexp() can be used without linking with libm... yes
2025-12-13T21:30:42 checking for struct timespec in <time.h>... yes
2025-12-13T21:30:42 checking whether clearerr_unlocked is declared... yes
2025-12-13T21:30:42 checking whether feof_unlocked is declared... yes
2025-12-13T21:30:42 checking whether ferror_unlocked is declared... yes
2025-12-13T21:30:42 checking whether fflush_unlocked is declared... yes
2025-12-13T21:30:42 checking whether fgets_unlocked is declared... yes
2025-12-13T21:30:42 checking whether fputc_unlocked is declared... yes
2025-12-13T21:30:42 checking whether fputs_unlocked is declared... yes
2025-12-13T21:30:42 checking whether fread_unlocked is declared... yes
2025-12-13T21:30:42 checking whether fwrite_unlocked is declared... yes
2025-12-13T21:30:42 checking whether getchar_unlocked is declared... yes
2025-12-13T21:30:42 checking whether putc_unlocked is declared... yes
2025-12-13T21:30:42 checking whether putchar_unlocked is declared... yes
2025-12-13T21:30:42 checking for inttypes.h... yes
2025-12-13T21:30:42 checking for stdint.h... yes
2025-12-13T21:30:42 checking for intmax_t... yes
2025-12-13T21:30:42 checking for snprintf... (cached) yes
2025-12-13T21:30:42 checking for strnlen... yes
2025-12-13T21:30:42 checking for wcslen... yes
2025-12-13T21:30:42 checking for wcsnlen... yes
2025-12-13T21:30:42 checking for mbrtowc... (cached) yes
2025-12-13T21:30:42 checking for wcrtomb... (cached) yes
2025-12-13T21:30:42 checking whether _snprintf is declared... no
2025-12-13T21:30:42 checking whether printf supports size specifiers as in C99... yes
2025-12-13T21:30:42 checking whether printf supports 'long double' arguments... yes
2025-12-13T21:30:42 checking whether printf supports infinite 'double' arguments... yes
2025-12-13T21:30:42 checking whether printf supports infinite 'long double' arguments... yes
2025-12-13T21:30:42 checking whether printf supports the 'a' and 'A' directives... yes
2025-12-13T21:30:42 checking whether printf supports the 'F' directive... yes
2025-12-13T21:30:42 checking whether printf supports the 'n' directive... no
2025-12-13T21:30:43 checking whether printf supports the 'ls' directive... yes
2025-12-13T21:30:43 checking whether printf supports the grouping flag... yes
2025-12-13T21:30:43 checking whether printf supports the left-adjust flag correctly... yes
2025-12-13T21:30:43 checking whether printf supports the zero flag correctly... yes
2025-12-13T21:30:43 checking whether printf supports large precisions... yes
2025-12-13T21:30:43 checking whether printf survives out-of-memory conditions... yes
2025-12-13T21:30:43 checking whether to use C++... no
2025-12-13T21:30:43 checking whether ungetc works on arbitrary bytes... yes
2025-12-13T21:30:43 checking whether getcwd (NULL, 0) allocates memory for result... yes
2025-12-13T21:30:43 checking for getcwd with POSIX signature... yes
2025-12-13T21:30:43 checking for inttypes.h... (cached) yes
2025-12-13T21:30:43 checking whether the inttypes.h PRIxNN macros are broken... no
2025-12-13T21:30:43 checking for LC_MESSAGES... yes
2025-12-13T21:30:43 checking for CFPreferencesCopyAppValue... no
2025-12-13T21:30:43 checking for CFLocaleCopyCurrent... no
2025-12-13T21:30:43 checking whether setenv is declared... yes
2025-12-13T21:30:43 checking search.h usability... yes
2025-12-13T21:30:43 checking search.h presence... yes
2025-12-13T21:30:43 checking for search.h... yes
2025-12-13T21:30:43 checking for tsearch... yes
2025-12-13T21:30:43 checking whether strdup is declared... yes
2025-12-13T21:30:43 checking whether unsetenv is declared... yes
2025-12-13T21:30:43 checking for alloca as a compiler built-in... yes
2025-12-13T21:30:43 checking whether to enable assertions... yes
2025-12-13T21:30:43 checking whether btowc(0) is correct... yes
2025-12-13T21:30:43 checking whether btowc(EOF) is correct... guessing yes
2025-12-13T21:30:43 checking for __builtin_expect... yes
2025-12-13T21:30:43 checking whether sigaltstack is declared... yes
2025-12-13T21:30:43 checking for stack_t... yes
2025-12-13T21:30:43 checking whether // is distinct from /... (cached) no
2025-12-13T21:30:43 checking whether dup2 works... yes
2025-12-13T21:30:43 checking for error_at_line... yes
2025-12-13T21:30:43 checking whether fflush works on input streams... (cached) no
2025-12-13T21:30:43 checking whether fcntl handles F_DUPFD correctly... yes
2025-12-13T21:30:43 checking whether fcntl understands F_DUPFD_CLOEXEC... needs runtime check
2025-12-13T21:30:43 checking whether fflush works on input streams... (cached) no
2025-12-13T21:30:43 checking whether conversion from 'int' to 'long double' works... yes
2025-12-13T21:30:43 checking whether fopen recognizes a trailing slash... yes
2025-12-13T21:30:43 checking for __fpending... yes
2025-12-13T21:30:43 checking whether __fpending is declared... yes
2025-12-13T21:30:43 checking whether fpurge is declared... no
2025-12-13T21:30:43 checking whether frexp works... yes
2025-12-13T21:30:43 checking whether frexpl is declared... yes
2025-12-13T21:30:43 checking whether frexpl() can be used without linking with libm... yes
2025-12-13T21:30:43 checking whether frexpl works... yes
2025-12-13T21:30:43 checking for fseeko... (cached) yes
2025-12-13T21:30:43 checking whether fflush works on input streams... (cached) no
2025-12-13T21:30:43 checking for _fseeki64... no
2025-12-13T21:30:43 checking for ftello... (cached) yes
2025-12-13T21:30:43 checking whether ftello works... (cached) yes
2025-12-13T21:30:43 checking whether getdtablesize works... yes
2025-12-13T21:30:43 checking whether program_invocation_name is declared... yes
2025-12-13T21:30:43 checking whether program_invocation_short_name is declared... yes
2025-12-13T21:30:43 checking whether __argv is declared... no
2025-12-13T21:30:43 checking whether gettimeofday clobbers localtime buffer... no
2025-12-13T21:30:43 checking for gettimeofday with POSIX signature... yes
2025-12-13T21:30:43 checking whether isnan(double) can be used without linking with libm... yes
2025-12-13T21:30:43 checking whether isnan(float) can be used without linking with libm... yes
2025-12-13T21:30:44 checking whether isnan(float) works... yes
2025-12-13T21:30:44 checking whether isnan(long double) can be used without linking with libm... yes
2025-12-13T21:30:44 checking whether isnanl works... yes
2025-12-13T21:30:44 checking whether langinfo.h defines CODESET... yes
2025-12-13T21:30:44 checking whether langinfo.h defines T_FMT_AMPM... yes
2025-12-13T21:30:44 checking whether langinfo.h defines ERA... yes
2025-12-13T21:30:44 checking whether langinfo.h defines YESEXPR... yes
2025-12-13T21:30:44 checking for libsigsegv... (cached) no, consider installing GNU libsigsegv
2025-12-13T21:30:44 checking whether locale.h conforms to POSIX:2001... yes
2025-12-13T21:30:44 checking whether struct lconv is properly defined... yes
2025-12-13T21:30:44 checking whether lseek detects pipes... yes
2025-12-13T21:30:44 checking whether NAN macro works... yes
2025-12-13T21:30:44 checking whether HUGE_VAL works... yes
2025-12-13T21:30:44 checking whether mbrtowc handles incomplete characters... guessing yes
2025-12-13T21:30:44 checking whether mbrtowc works as well as mbtowc... guessing yes
2025-12-13T21:30:44 checking whether mbrtowc handles a NULL pwc argument... guessing yes
2025-12-13T21:30:44 checking whether mbrtowc handles a NULL string argument... guessing yes
2025-12-13T21:30:44 checking whether mbrtowc has a correct return value... guessing yes
2025-12-13T21:30:44 checking whether mbrtowc returns 0 when parsing a NUL character... guessing yes
2025-12-13T21:30:44 checking whether mbrtowc works on empty input... yes
2025-12-13T21:30:44 checking whether the C locale is free of encoding errors... no
2025-12-13T21:30:44 checking whether mbrtowc handles incomplete characters... (cached) guessing yes
2025-12-13T21:30:44 checking whether mbrtowc works as well as mbtowc... (cached) guessing yes
2025-12-13T21:30:44 checking for mkdtemp... yes
2025-12-13T21:30:44 checking for working mkstemp... yes
2025-12-13T21:30:44 checking whether YESEXPR works... yes
2025-12-13T21:30:44 checking for obstacks that work with any size object... no
2025-12-13T21:30:44 checking whether open recognizes a trailing slash... yes
2025-12-13T21:30:44 checking whether posix_spawn_file_actions_addclose works... yes
2025-12-13T21:30:44 checking whether posix_spawn_file_actions_adddup2 works... yes
2025-12-13T21:30:44 checking whether posix_spawn_file_actions_addopen works... yes
2025-12-13T21:30:44 checking whether frexp works... (cached) yes
2025-12-13T21:30:44 checking whether ldexp can be used without linking with libm... (cached) yes
2025-12-13T21:30:44 checking whether frexpl() can be used without linking with libm... (cached) yes
2025-12-13T21:30:44 checking whether frexpl works... (cached) yes
2025-12-13T21:30:44 checking whether frexpl is declared... (cached) yes
2025-12-13T21:30:44 checking whether ldexpl() can be used without linking with libm... yes
2025-12-13T21:30:44 checking whether ldexpl works... yes
2025-12-13T21:30:44 checking whether ldexpl is declared... yes
2025-12-13T21:30:44 checking whether program_invocation_name is declared... (cached) yes
2025-12-13T21:30:44 checking whether program_invocation_short_name is declared... (cached) yes
2025-12-13T21:30:44 checking for raise... yes
2025-12-13T21:30:44 checking for sigprocmask... yes
2025-12-13T21:30:44 checking for rawmemchr... yes
2025-12-13T21:30:44 checking whether readlink signature is correct... yes
2025-12-13T21:30:44 checking whether readlink handles trailing slash correctly... yes
2025-12-13T21:30:44 checking for working re_compile_pattern... yes
2025-12-13T21:30:44 checking whether rename honors trailing slash on destination... yes
2025-12-13T21:30:44 checking whether rename honors trailing slash on source... yes
2025-12-13T21:30:44 checking whether rename manages hard links correctly... yes
2025-12-13T21:30:44 checking whether rename manages existing destinations correctly... yes
2025-12-13T21:30:44 checking whether rmdir works... yes
2025-12-13T21:30:44 checking for struct sigaction.sa_sigaction... yes
2025-12-13T21:30:44 checking for volatile sig_atomic_t... yes
2025-12-13T21:30:44 checking for sighandler_t... yes
2025-12-13T21:30:44 checking for signbit macro... yes
2025-12-13T21:30:45 checking for signbit compiler built-ins... yes
2025-12-13T21:30:45 checking for sigprocmask... (cached) yes
2025-12-13T21:30:45 checking for stdint.h... (cached) yes
2025-12-13T21:30:45 checking for SIZE_MAX... yes
2025-12-13T21:30:45 checking for snprintf... (cached) yes
2025-12-13T21:30:45 checking whether snprintf respects a size of 1... yes
2025-12-13T21:30:45 checking whether printf supports POSIX/XSI format strings with positions... yes
2025-12-13T21:30:45 checking for posix_spawnattr_t... yes
2025-12-13T21:30:45 checking for posix_spawn_file_actions_t... yes
2025-12-13T21:30:45 checking for ssize_t... yes
2025-12-13T21:30:45 checking whether stat handles trailing slashes on directories... yes
2025-12-13T21:30:45 checking whether stat handles trailing slashes on files... yes
2025-12-13T21:30:45 checking for va_copy... yes
2025-12-13T21:30:45 checking for max_align_t... (cached) yes
2025-12-13T21:30:45 checking whether NULL can be used in arbitrary expressions... (cached) yes
2025-12-13T21:30:45 checking which flavor of printf attribute matches inttypes macros... system
2025-12-13T21:30:45 checking for strchrnul... yes
2025-12-13T21:30:45 checking whether strchrnul works... yes
2025-12-13T21:30:45 checking for working strerror function... yes
2025-12-13T21:30:45 checking for working strndup... yes
2025-12-13T21:30:45 checking for working strnlen... yes
2025-12-13T21:30:45 checking for strsignal... yes
2025-12-13T21:30:45 checking whether strsignal always returns a string... yes
2025-12-13T21:30:45 checking whether strstr works in linear time... yes
2025-12-13T21:30:45 checking whether strstr works... (cached) yes
2025-12-13T21:30:45 checking whether strtod obeys C99... yes
2025-12-13T21:30:45 checking for nlink_t... (cached) yes
2025-12-13T21:30:45 checking for ptrdiff_t... yes
2025-12-13T21:30:45 checking for vasprintf... yes
2025-12-13T21:30:45 checking for vasprintf... (cached) yes
2025-12-13T21:30:45 checking for ptrdiff_t... (cached) yes
2025-12-13T21:30:45 checking for waitid... yes
2025-12-13T21:30:45 checking whether mbrtowc handles incomplete characters... (cached) guessing yes
2025-12-13T21:30:45 checking whether mbrtowc works as well as mbtowc... (cached) guessing yes
2025-12-13T21:30:45 checking whether wcrtomb return value is correct... guessing yes
2025-12-13T21:30:45 checking whether iswcntrl works... yes
2025-12-13T21:30:45 checking for towlower... yes
2025-12-13T21:30:45 checking for wctype_t... yes
2025-12-13T21:30:45 checking for wctrans_t... yes
2025-12-13T21:30:45 checking for stdint.h... (cached) yes
2025-12-13T21:30:45 checking for a traditional french locale... (cached) none
2025-12-13T21:30:45 checking for a french Unicode locale... (cached) none
2025-12-13T21:30:45 checking for a traditional french locale... (cached) none
2025-12-13T21:30:45 checking for a turkish Unicode locale... none
2025-12-13T21:30:45 checking for closedir... yes
2025-12-13T21:30:45 checking for dirfd... yes
2025-12-13T21:30:45 checking whether dirfd is declared... yes
2025-12-13T21:30:45 checking whether dirfd is a macro... no
2025-12-13T21:30:45 checking whether dup works... yes
2025-12-13T21:30:45 checking whether fdopen sets errno... yes
2025-12-13T21:30:45 checking for flexible array member... yes
2025-12-13T21:30:45 checking for getpagesize... yes
2025-12-13T21:30:45 checking whether getpagesize is declared... yes
2025-12-13T21:30:45 checking whether INT32_MAX < INTMAX_MAX... yes
2025-12-13T21:30:45 checking whether INT64_MAX == LONG_MAX... yes
2025-12-13T21:30:45 checking whether UINT32_MAX < UINTMAX_MAX... yes
2025-12-13T21:30:45 checking whether UINT64_MAX == ULONG_MAX... yes
2025-12-13T21:30:45 checking where to find the exponent in a 'double'... (cached) word 1 bit 20
2025-12-13T21:30:45 checking where to find the exponent in a 'float'... (cached) word 0 bit 23
2025-12-13T21:30:45 checking where to find the exponent in a 'long double'... unknown
2025-12-13T21:30:45 checking whether link obeys POSIX... yes
2025-12-13T21:30:45 checking for setlocale... yes
2025-12-13T21:30:46 checking for uselocale... yes
2025-12-13T21:30:46 checking for getlocalename_l... no
2025-12-13T21:30:46 checking for a traditional french locale... (cached) none
2025-12-13T21:30:46 checking for a french Unicode locale... (cached) none
2025-12-13T21:30:46 checking for a traditional japanese locale... (cached) none
2025-12-13T21:30:46 checking for a transitional chinese locale... (cached) none
2025-12-13T21:30:46 checking for a french Unicode locale... (cached) none
2025-12-13T21:30:46 checking for mmap... (cached) yes
2025-12-13T21:30:46 checking for MAP_ANONYMOUS... yes
2025-12-13T21:30:46 checking for mmap... (cached) yes
2025-12-13T21:30:46 checking for MAP_ANONYMOUS... yes
2025-12-13T21:30:46 checking for a traditional french locale... (cached) none
2025-12-13T21:30:46 checking for a french Unicode locale... (cached) none
2025-12-13T21:30:46 checking for opendir... yes
2025-12-13T21:30:46 checking for putenv compatible with GNU and SVID... yes
2025-12-13T21:30:46 checking for mmap... (cached) yes
2025-12-13T21:30:46 checking for MAP_ANONYMOUS... yes
2025-12-13T21:30:46 checking for mmap... (cached) yes
2025-12-13T21:30:46 checking for MAP_ANONYMOUS... yes
2025-12-13T21:30:46 checking for readdir... yes
2025-12-13T21:30:46 checking whether setenv validates arguments... yes
2025-12-13T21:30:46 checking for a traditional french locale... (cached) none
2025-12-13T21:30:46 checking for a french Unicode locale... (cached) none
2025-12-13T21:30:46 checking for a traditional japanese locale... (cached) none
2025-12-13T21:30:46 checking for a transitional chinese locale... (cached) none
2025-12-13T21:30:46 checking whether sleep is declared... yes
2025-12-13T21:30:47 checking for working sleep... yes
2025-12-13T21:30:47 checking for working stdalign.h... yes
2025-12-13T21:30:47 checking for mmap... (cached) yes
2025-12-13T21:30:47 checking for MAP_ANONYMOUS... yes
2025-12-13T21:30:47 checking for mmap... (cached) yes
2025-12-13T21:30:47 checking for MAP_ANONYMOUS... yes
2025-12-13T21:30:47 checking whether symlink handles trailing slash correctly... yes
2025-12-13T21:30:47 checking for unsetenv... yes
2025-12-13T21:30:47 checking for unsetenv() return type... int
2025-12-13T21:30:47 checking whether unsetenv obeys POSIX... yes
2025-12-13T21:30:47 checking for a traditional french locale... (cached) none
2025-12-13T21:30:47 checking for a french Unicode locale... (cached) none
2025-12-13T21:30:47 checking for a traditional japanese locale... (cached) none
2025-12-13T21:30:47 checking for a transitional chinese locale... (cached) none
2025-12-13T21:30:47 checking whether wctob works... guessing yes
2025-12-13T21:30:47 checking whether wctob is declared... yes
2025-12-13T21:30:47 checking whether an open file can be renamed... yes
2025-12-13T21:30:47 checking if changeword is wanted... no
2025-12-13T21:30:47 checking which shell to use for syscmd... /bin/sh
2025-12-13T21:30:47 checking if malloc debugging is wanted... no
2025-12-13T21:30:47 checking that generated files are newer than configure... done
2025-12-13T21:30:47 configure: creating ./config.status
2025-12-13T21:30:47 config.status: creating Makefile
2025-12-13T21:30:47 config.status: creating doc/Makefile
2025-12-13T21:30:47 config.status: creating lib/Makefile
2025-12-13T21:30:47 config.status: creating src/Makefile
2025-12-13T21:30:47 config.status: creating tests/Makefile
2025-12-13T21:30:47 config.status: creating checks/Makefile
2025-12-13T21:30:47 config.status: creating examples/Makefile
2025-12-13T21:30:47 config.status: creating lib/config.h
2025-12-13T21:30:47 config.status: executing depfiles commands
2025-12-13T21:30:47 config.status: executing stamp-h commands
2025-12-13T21:30:47 configure: WARNING: unrecognized options: --enable-shared, --disable-static, --disable-gtk-doc, --disable-gtk-doc-html, --disable-doc, --disable-docs, --disable-documentation, --disable-debug, --with-xmlto, --with-fop, --disable-nls, --disable-static
2025-12-13T21:30:47 [7m>>> host-m4 1.4.18 Building[27m
2025-12-13T21:30:47 PATH="/home/VuAirOS/buildroot-2021.05/output/host/bin:/home/VuAirOS/buildroot-2021.05/output/host/sbin:/usr/local/sbin:/usr/local/bin:/usr/sbin:/usr/bin:/sbin:/bin:/usr/games:/usr/local/games:/usr/lib/wsl/lib" PKG_CONFIG="/home/VuAirOS/buildroot-2021.05/output/host/bin/pkg-config" PKG_CONFIG_SYSROOT_DIR="/" PKG_CONFIG_ALLOW_SYSTEM_CFLAGS=1 PKG_CONFIG_ALLOW_SYSTEM_LIBS=1 PKG_CONFIG_LIBDIR="/home/VuAirOS/buildroot-2021.05/output/host/lib/pkgconfig:/home/VuAirOS/buildroot-2021.05/output/host/share/pkgconfig"  /usr/bin/make   -C /home/VuAirOS/buildroot-2021.05/output/build/host-m4-1.4.18/
2025-12-13T21:30:47 make[1]: Entering directory '/home/VuAirOS/buildroot-2021.05/output/build/host-m4-1.4.18'
2025-12-13T21:30:47 /usr/bin/make  all-recursive
2025-12-13T21:30:47 make[2]: Entering directory '/home/VuAirOS/buildroot-2021.05/output/build/host-m4-1.4.18'
2025-12-13T21:30:47 Making all in .
2025-12-13T21:30:47 make[3]: Entering directory '/home/VuAirOS/buildroot-2021.05/output/build/host-m4-1.4.18'
2025-12-13T21:30:47 make[3]: Nothing to be done for 'all-am'.
2025-12-13T21:30:47 make[3]: Leaving directory '/home/VuAirOS/buildroot-2021.05/output/build/host-m4-1.4.18'
2025-12-13T21:30:47 Making all in examples
2025-12-13T21:30:47 make[3]: Entering directory '/home/VuAirOS/buildroot-2021.05/output/build/host-m4-1.4.18/examples'
2025-12-13T21:30:47 make[3]: Nothing to be done for 'all'.
2025-12-13T21:30:47 make[3]: Leaving directory '/home/VuAirOS/buildroot-2021.05/output/build/host-m4-1.4.18/examples'
2025-12-13T21:30:47 Making all in lib
2025-12-13T21:30:47 make[3]: Entering directory '/home/VuAirOS/buildroot-2021.05/output/build/host-m4-1.4.18/lib'
2025-12-13T21:30:47 GEN      alloca.h
2025-12-13T21:30:47 GEN      configmake.h
2025-12-13T21:30:47 GEN      c++defs.h
2025-12-13T21:30:47 GEN      arg-nonnull.h
2025-12-13T21:30:47 GEN      warn-on-use.h
2025-12-13T21:30:47 GEN      limits.h
2025-12-13T21:30:47 GEN      unused-parameter.h
2025-12-13T21:30:47 GEN      sys/types.h
2025-12-13T21:30:47 GEN      fcntl.h
2025-12-13T21:30:47 GEN      langinfo.h
2025-12-13T21:30:47 GEN      locale.h
2025-12-13T21:30:47 GEN      signal.h
2025-12-13T21:30:47 GEN      math.h
2025-12-13T21:30:47 GEN      spawn.h
2025-12-13T21:30:47 GEN      stdio.h
2025-12-13T21:30:47 GEN      stdlib.h
2025-12-13T21:30:47 GEN      string.h
2025-12-13T21:30:47 GEN      sys/stat.h
2025-12-13T21:30:47 GEN      time.h
2025-12-13T21:30:47 GEN      sys/time.h
2025-12-13T21:30:47 GEN      sys/wait.h
2025-12-13T21:30:47 GEN      unistd.h
2025-12-13T21:30:47 GEN      wchar.h
2025-12-13T21:30:47 GEN      wctype.h
2025-12-13T21:30:47 /usr/bin/make  all-am
2025-12-13T21:30:47 make[4]: Entering directory '/home/VuAirOS/buildroot-2021.05/output/build/host-m4-1.4.18/lib'
2025-12-13T21:30:47 CC       gl_avltree_oset.o
2025-12-13T21:30:47 CC       binary-io.o
2025-12-13T21:30:47 CC       c-ctype.o
2025-12-13T21:30:47 CC       c-stack.o
2025-12-13T21:30:47 CC       c-strcasecmp.o
2025-12-13T21:30:47 CC       c-strncasecmp.o
2025-12-13T21:30:47 CC       clean-temp.o
2025-12-13T21:30:47 CC       cloexec.o
2025-12-13T21:30:47 CC       close-stream.o
2025-12-13T21:30:47 CC       closein.o
2025-12-13T21:30:47 CC       closeout.o
2025-12-13T21:30:47 CC       dirname.o
2025-12-13T21:30:47 CC       basename.o
2025-12-13T21:30:47 CC       dirname-lgpl.o
2025-12-13T21:30:47 CC       basename-lgpl.o
2025-12-13T21:30:47 CC       stripslash.o
2025-12-13T21:30:47 CC       execute.o
2025-12-13T21:30:47 CC       exitfail.o
2025-12-13T21:30:47 CC       fatal-signal.o
2025-12-13T21:30:47 CC       fd-hook.o
2025-12-13T21:30:47 CC       dup-safer-flag.o
2025-12-13T21:30:47 CC       fd-safer-flag.o
2025-12-13T21:30:47 CC       filenamecat.o
2025-12-13T21:30:47 CC       filenamecat-lgpl.o
2025-12-13T21:30:47 CC       fopen-safer.o
2025-12-13T21:30:47 CC       freading.o
2025-12-13T21:30:47 CC       hard-locale.o
2025-12-13T21:30:47 CC       gl_linkedhash_list.o
2025-12-13T21:30:47 CC       getprogname.o
2025-12-13T21:30:47 CC       gl_list.o
2025-12-13T21:30:47 CC       localcharset.o
2025-12-13T21:30:47 CC       malloca.o
2025-12-13T21:30:47 CC       math.o
2025-12-13T21:30:47 CC       memchr2.o
2025-12-13T21:30:47 CC       gl_oset.o
2025-12-13T21:30:47 CC       pipe2.o
2025-12-13T21:30:47 CC       printf-frexp.o
2025-12-13T21:30:47 CC       pipe2-safer.o
2025-12-13T21:30:47 CC       printf-frexpl.o
2025-12-13T21:30:47 CC       progname.o
2025-12-13T21:30:47 CC       quotearg.o
2025-12-13T21:30:47 CC       sig-handler.o
2025-12-13T21:30:47 CC       spawn-pipe.o
2025-12-13T21:30:47 CC       mkstemp-safer.o
2025-12-13T21:30:47 CC       tempname.o
2025-12-13T21:30:47 CC       glthread/threadlib.o
2025-12-13T21:30:47 CC       tmpdir.o
2025-12-13T21:30:47 CC       glthread/tls.o
2025-12-13T21:30:47 CC       dup-safer.o
2025-12-13T21:30:47 CC       unistd.o
2025-12-13T21:30:47 CC       fd-safer.o
2025-12-13T21:30:47 CC       pipe-safer.o
2025-12-13T21:30:47 CC       verror.o
2025-12-13T21:30:47 CC       version-etc-fsf.o
2025-12-13T21:30:47 CC       wait-process.o
2025-12-13T21:30:47 CC       version-etc.o
2025-12-13T21:30:47 CC       wctype-h.o
2025-12-13T21:30:47 CC       xalloc-die.o
2025-12-13T21:30:47 CC       xmalloc.o
2025-12-13T21:30:47 CC       gl_xlist.o
2025-12-13T21:30:47 CC       xmalloca.o
2025-12-13T21:30:47 CC       gl_xoset.o
2025-12-13T21:30:47 CC       xprintf.o
2025-12-13T21:30:47 CC       xsize.o
2025-12-13T21:30:47 CC       xstrndup.o
2025-12-13T21:30:47 CC       xvasprintf.o
2025-12-13T21:30:47 CC       xasprintf.o
2025-12-13T21:30:47 CC       asnprintf.o
2025-12-13T21:30:47 CC       asprintf.o
2025-12-13T21:30:47 CC       fclose.o
2025-12-13T21:30:47 CC       fcntl.o
2025-12-13T21:30:47 CC       fflush.o
2025-12-13T21:30:47 CC       freadahead.o
2025-12-13T21:30:47 CC       fpurge.o
2025-12-13T21:30:47 CC       fseek.o
2025-12-13T21:30:47 CC       fseeko.o
2025-12-13T21:30:47 CC       mbrtowc.o
2025-12-13T21:30:47 CC       obstack.o
2025-12-13T21:30:47 CC       printf-args.o
2025-12-13T21:30:47 CC       printf-parse.o
2025-12-13T21:30:47 CC       vasnprintf.o
2025-12-13T21:30:47 CC       vasprintf.o
2025-12-13T21:30:47 GEN      charset.alias
2025-12-13T21:30:47 GEN      ref-add.sed
2025-12-13T21:30:47 GEN      ref-del.sed
2025-12-13T21:30:47 CC       glthread/lock.o
2025-12-13T21:30:48 AR       libm4.a
2025-12-13T21:30:48 make[4]: Leaving directory '/home/VuAirOS/buildroot-2021.05/output/build/host-m4-1.4.18/lib'
2025-12-13T21:30:48 make[3]: Leaving directory '/home/VuAirOS/buildroot-2021.05/output/build/host-m4-1.4.18/lib'
2025-12-13T21:30:48 Making all in src
2025-12-13T21:30:48 make[3]: Entering directory '/home/VuAirOS/buildroot-2021.05/output/build/host-m4-1.4.18/src'
2025-12-13T21:30:48 CC       m4.o
2025-12-13T21:30:48 CC       builtin.o
2025-12-13T21:30:48 CC       debug.o
2025-12-13T21:30:48 CC       eval.o
2025-12-13T21:30:48 CC       format.o
2025-12-13T21:30:48 CC       freeze.o
2025-12-13T21:30:48 CC       input.o
2025-12-13T21:30:48 CC       macro.o
2025-12-13T21:30:48 CC       output.o
2025-12-13T21:30:48 CC       path.o
2025-12-13T21:30:48 CC       symtab.o
2025-12-13T21:30:48 [01m[Km4.c:146:1:[m[K [01;35m[Kwarning: [m[K'[01m[Kpure[m[K' attribute on function returning '[01m[Kvoid[m[K' [[01;35m[K]8;;https://gcc.gnu.org/onlinedocs/gcc/Warning-Options.html#index-Wattributes-Wattributes]8;;[m[K]
2025-12-13T21:30:48 146 | [01;35m[K{[m[K
2025-12-13T21:30:48 | [01;35m[K^[m[K
2025-12-13T21:30:48 CCLD     m4
2025-12-13T21:30:48 make[3]: Leaving directory '/home/VuAirOS/buildroot-2021.05/output/build/host-m4-1.4.18/src'
2025-12-13T21:30:48 Making all in doc
2025-12-13T21:30:48 make[3]: Entering directory '/home/VuAirOS/buildroot-2021.05/output/build/host-m4-1.4.18/doc'
2025-12-13T21:30:48 make[3]: Nothing to be done for 'all'.
2025-12-13T21:30:48 make[3]: Leaving directory '/home/VuAirOS/buildroot-2021.05/output/build/host-m4-1.4.18/doc'
2025-12-13T21:30:48 Making all in checks
2025-12-13T21:30:48 make[3]: Entering directory '/home/VuAirOS/buildroot-2021.05/output/build/host-m4-1.4.18/checks'
2025-12-13T21:30:48 make[3]: Nothing to be done for 'all'.
2025-12-13T21:30:48 make[3]: Leaving directory '/home/VuAirOS/buildroot-2021.05/output/build/host-m4-1.4.18/checks'
2025-12-13T21:30:48 Making all in tests
2025-12-13T21:30:48 make[3]: Entering directory '/home/VuAirOS/buildroot-2021.05/output/build/host-m4-1.4.18/tests'
2025-12-13T21:30:48 GEN      c++defs.h
2025-12-13T21:30:48 GEN      warn-on-use.h
2025-12-13T21:30:48 GEN      arg-nonnull.h
2025-12-13T21:30:48 GEN      test-posix_spawn1.sh
2025-12-13T21:30:48 GEN      test-posix_spawn2.sh
2025-12-13T21:30:48 GEN      unused-parameter.h
2025-12-13T21:30:48 GEN      ctype.h
2025-12-13T21:30:48 GEN      dirent.h
2025-12-13T21:30:48 GEN      inttypes.h
2025-12-13T21:30:48 /usr/bin/make  all-recursive
2025-12-13T21:30:48 make[4]: Entering directory '/home/VuAirOS/buildroot-2021.05/output/build/host-m4-1.4.18/tests'
2025-12-13T21:30:48 Making all in .
2025-12-13T21:30:48 make[5]: Entering directory '/home/VuAirOS/buildroot-2021.05/output/build/host-m4-1.4.18/tests'
2025-12-13T21:30:48 make[5]: Nothing to be done for 'all-am'.
2025-12-13T21:30:48 make[5]: Leaving directory '/home/VuAirOS/buildroot-2021.05/output/build/host-m4-1.4.18/tests'
2025-12-13T21:30:48 make[4]: Leaving directory '/home/VuAirOS/buildroot-2021.05/output/build/host-m4-1.4.18/tests'
2025-12-13T21:30:48 make[3]: Leaving directory '/home/VuAirOS/buildroot-2021.05/output/build/host-m4-1.4.18/tests'
2025-12-13T21:30:48 make[2]: Leaving directory '/home/VuAirOS/buildroot-2021.05/output/build/host-m4-1.4.18'
2025-12-13T21:30:48 make[1]: Leaving directory '/home/VuAirOS/buildroot-2021.05/output/build/host-m4-1.4.18'
2025-12-13T21:30:48 [7m>>> host-m4 1.4.18 Installing to host directory[27m
2025-12-13T21:30:48 PATH="/home/VuAirOS/buildroot-2021.05/output/host/bin:/home/VuAirOS/buildroot-2021.05/output/host/sbin:/usr/local/sbin:/usr/local/bin:/usr/sbin:/usr/bin:/sbin:/bin:/usr/games:/usr/local/games:/usr/lib/wsl/lib" PKG_CONFIG="/home/VuAirOS/buildroot-2021.05/output/host/bin/pkg-config" PKG_CONFIG_SYSROOT_DIR="/" PKG_CONFIG_ALLOW_SYSTEM_CFLAGS=1 PKG_CONFIG_ALLOW_SYSTEM_LIBS=1 PKG_CONFIG_LIBDIR="/home/VuAirOS/buildroot-2021.05/output/host/lib/pkgconfig:/home/VuAirOS/buildroot-2021.05/output/host/share/pkgconfig"  /usr/bin/make  install -C /home/VuAirOS/buildroot-2021.05/output/build/host-m4-1.4.18/
2025-12-13T21:30:48 make[1]: Entering directory '/home/VuAirOS/buildroot-2021.05/output/build/host-m4-1.4.18'
2025-12-13T21:30:48 /usr/bin/make  install-recursive
2025-12-13T21:30:48 make[2]: Entering directory '/home/VuAirOS/buildroot-2021.05/output/build/host-m4-1.4.18'
2025-12-13T21:30:48 Making install in .
2025-12-13T21:30:48 make[3]: Entering directory '/home/VuAirOS/buildroot-2021.05/output/build/host-m4-1.4.18'
2025-12-13T21:30:48 make[4]: Entering directory '/home/VuAirOS/buildroot-2021.05/output/build/host-m4-1.4.18'
2025-12-13T21:30:48 make[4]: Nothing to be done for 'install-exec-am'.
2025-12-13T21:30:48 make[4]: Nothing to be done for 'install-data-am'.
2025-12-13T21:30:48 make[4]: Leaving directory '/home/VuAirOS/buildroot-2021.05/output/build/host-m4-1.4.18'
2025-12-13T21:30:48 make[3]: Leaving directory '/home/VuAirOS/buildroot-2021.05/output/build/host-m4-1.4.18'
2025-12-13T21:30:48 Making install in examples
2025-12-13T21:30:48 make[3]: Entering directory '/home/VuAirOS/buildroot-2021.05/output/build/host-m4-1.4.18/examples'
2025-12-13T21:30:48 make[4]: Entering directory '/home/VuAirOS/buildroot-2021.05/output/build/host-m4-1.4.18/examples'
2025-12-13T21:30:48 make[4]: Nothing to be done for 'install-exec-am'.
2025-12-13T21:30:48 make[4]: Nothing to be done for 'install-data-am'.
2025-12-13T21:30:48 make[4]: Leaving directory '/home/VuAirOS/buildroot-2021.05/output/build/host-m4-1.4.18/examples'
2025-12-13T21:30:48 make[3]: Leaving directory '/home/VuAirOS/buildroot-2021.05/output/build/host-m4-1.4.18/examples'
2025-12-13T21:30:48 Making install in lib
2025-12-13T21:30:48 make[3]: Entering directory '/home/VuAirOS/buildroot-2021.05/output/build/host-m4-1.4.18/lib'
2025-12-13T21:30:48 /usr/bin/make  install-am
2025-12-13T21:30:48 make[4]: Entering directory '/home/VuAirOS/buildroot-2021.05/output/build/host-m4-1.4.18/lib'
2025-12-13T21:30:48 make[5]: Entering directory '/home/VuAirOS/buildroot-2021.05/output/build/host-m4-1.4.18/lib'
2025-12-13T21:30:48 if test yes = no; then   case 'linux-gnu' in     darwin[56]*)       need_charset_alias=true ;;     darwin* | cygwin* | mingw* | pw32* | cegcc*)       need_charset_alias=false ;;     *)       need_charset_alias=true ;;   esac ; else   need_charset_alias=false ; fi ; if $need_charset_alias; then   /bin/bash /home/VuAirOS/buildroot-2021.05/output/build/host-m4-1.4.18/build-aux/install-sh -d /home/VuAirOS/buildroot-2021.05/output/host/lib ; fi ; if test -f /home/VuAirOS/buildroot-2021.05/output/host/lib/charset.alias; then   sed -f ref-add.sed /home/VuAirOS/buildroot-2021.05/output/host/lib/charset.alias > /home/VuAirOS/buildroot-2021.05/output/host/lib/charset.tmp ;   /usr/bin/install -c -m 644 /home/VuAirOS/buildroot-2021.05/output/host/lib/charset.tmp /home/VuAirOS/buildroot-2021.05/output/host/lib/charset.alias ;   rm -f /home/VuAirOS/buildroot-2021.05/output/host/lib/charset.tmp ; else   if $need_charset_alias; then     sed -f ref-add.sed charset.alias > /home/VuAirOS/buildroot-2021.05/output/host/lib/charset.tmp ;     /usr/bin/install -c -m 644 /home/VuAirOS/buildroot-2021.05/output/host/lib/charset.tmp /home/VuAirOS/buildroot-2021.05/output/host/lib/charset.alias ;     rm -f /home/VuAirOS/buildroot-2021.05/output/host/lib/charset.tmp ;   fi ; fi
2025-12-13T21:30:48 make[5]: Nothing to be done for 'install-data-am'.
2025-12-13T21:30:48 make[5]: Leaving directory '/home/VuAirOS/buildroot-2021.05/output/build/host-m4-1.4.18/lib'
2025-12-13T21:30:48 make[4]: Leaving directory '/home/VuAirOS/buildroot-2021.05/output/build/host-m4-1.4.18/lib'
2025-12-13T21:30:48 make[3]: Leaving directory '/home/VuAirOS/buildroot-2021.05/output/build/host-m4-1.4.18/lib'
2025-12-13T21:30:48 Making install in src
2025-12-13T21:30:48 make[3]: Entering directory '/home/VuAirOS/buildroot-2021.05/output/build/host-m4-1.4.18/src'
2025-12-13T21:30:48 make[4]: Entering directory '/home/VuAirOS/buildroot-2021.05/output/build/host-m4-1.4.18/src'
2025-12-13T21:30:48 make[4]: Nothing to be done for 'install-data-am'.
2025-12-13T21:30:48 /usr/bin/mkdir -p '/home/VuAirOS/buildroot-2021.05/output/host/bin'
2025-12-13T21:30:48 /usr/bin/install -c m4 '/home/VuAirOS/buildroot-2021.05/output/host/bin'
2025-12-13T21:30:48 make[4]: Leaving directory '/home/VuAirOS/buildroot-2021.05/output/build/host-m4-1.4.18/src'
2025-12-13T21:30:48 make[3]: Leaving directory '/home/VuAirOS/buildroot-2021.05/output/build/host-m4-1.4.18/src'
2025-12-13T21:30:48 Making install in doc
2025-12-13T21:30:48 make[3]: Entering directory '/home/VuAirOS/buildroot-2021.05/output/build/host-m4-1.4.18/doc'
2025-12-13T21:30:48 make[4]: Entering directory '/home/VuAirOS/buildroot-2021.05/output/build/host-m4-1.4.18/doc'
2025-12-13T21:30:48 make[4]: Nothing to be done for 'install-exec-am'.
2025-12-13T21:30:48 /usr/bin/mkdir -p '/home/VuAirOS/buildroot-2021.05/output/host/share/man/man1'
2025-12-13T21:30:48 /usr/bin/mkdir -p '/home/VuAirOS/buildroot-2021.05/output/host/share/info'
2025-12-13T21:30:48 /usr/bin/install -c -m 644 ./m4.1 '/home/VuAirOS/buildroot-2021.05/output/host/share/man/man1'
2025-12-13T21:30:48 /usr/bin/install -c -m 644 ./m4.info ./m4.info-1 ./m4.info-2 '/home/VuAirOS/buildroot-2021.05/output/host/share/info'
2025-12-13T21:30:48 install-info --info-dir='/home/VuAirOS/buildroot-2021.05/output/host/share/info' '/home/VuAirOS/buildroot-2021.05/output/host/share/info/m4.info'
2025-12-13T21:30:48 make[4]: Leaving directory '/home/VuAirOS/buildroot-2021.05/output/build/host-m4-1.4.18/doc'
2025-12-13T21:30:48 make[3]: Leaving directory '/home/VuAirOS/buildroot-2021.05/output/build/host-m4-1.4.18/doc'
2025-12-13T21:30:48 Making install in checks
2025-12-13T21:30:48 make[3]: Entering directory '/home/VuAirOS/buildroot-2021.05/output/build/host-m4-1.4.18/checks'
2025-12-13T21:30:48 make[4]: Entering directory '/home/VuAirOS/buildroot-2021.05/output/build/host-m4-1.4.18/checks'
2025-12-13T21:30:48 make[4]: Nothing to be done for 'install-exec-am'.
2025-12-13T21:30:48 make[4]: Nothing to be done for 'install-data-am'.
2025-12-13T21:30:48 make[4]: Leaving directory '/home/VuAirOS/buildroot-2021.05/output/build/host-m4-1.4.18/checks'
2025-12-13T21:30:48 make[3]: Leaving directory '/home/VuAirOS/buildroot-2021.05/output/build/host-m4-1.4.18/checks'
2025-12-13T21:30:48 Making install in tests
2025-12-13T21:30:48 make[3]: Entering directory '/home/VuAirOS/buildroot-2021.05/output/build/host-m4-1.4.18/tests'
2025-12-13T21:30:48 /usr/bin/make  install-recursive
2025-12-13T21:30:48 make[4]: Entering directory '/home/VuAirOS/buildroot-2021.05/output/build/host-m4-1.4.18/tests'
2025-12-13T21:30:48 Making install in .
2025-12-13T21:30:48 make[5]: Entering directory '/home/VuAirOS/buildroot-2021.05/output/build/host-m4-1.4.18/tests'
2025-12-13T21:30:48 make[6]: Entering directory '/home/VuAirOS/buildroot-2021.05/output/build/host-m4-1.4.18/tests'
2025-12-13T21:30:48 make[6]: Nothing to be done for 'install-exec-am'.
2025-12-13T21:30:48 make[6]: Nothing to be done for 'install-data-am'.
2025-12-13T21:30:48 make[6]: Leaving directory '/home/VuAirOS/buildroot-2021.05/output/build/host-m4-1.4.18/tests'
2025-12-13T21:30:48 make[5]: Leaving directory '/home/VuAirOS/buildroot-2021.05/output/build/host-m4-1.4.18/tests'
2025-12-13T21:30:48 make[4]: Leaving directory '/home/VuAirOS/buildroot-2021.05/output/build/host-m4-1.4.18/tests'
2025-12-13T21:30:48 make[3]: Leaving directory '/home/VuAirOS/buildroot-2021.05/output/build/host-m4-1.4.18/tests'
2025-12-13T21:30:48 make[2]: Leaving directory '/home/VuAirOS/buildroot-2021.05/output/build/host-m4-1.4.18'
2025-12-13T21:30:48 make[1]: Leaving directory '/home/VuAirOS/buildroot-2021.05/output/build/host-m4-1.4.18'
2025-12-13T21:30:48 libtool-2.4.6.tar.xz: OK (sha256: 7c87a8c2c8c0fc9cd5019e402bed4292462d00a718a7cd5f11218153bf28b26f)
2025-12-13T21:30:48 [7m>>> host-libtool 2.4.6 Extracting[27m
2025-12-13T21:30:48 xzcat /home/VuAirOS/buildroot-2021.05/dl/libtool/libtool-2.4.6.tar.xz | tar --strip-components=1 -C /home/VuAirOS/buildroot-2021.05/output/build/host-libtool-2.4.6   -xf -
2025-12-13T21:30:48 [7m>>> host-libtool 2.4.6 Patching[27m
2025-12-13T21:30:48 [7m>>> host-libtool 2.4.6 Updating config.sub and config.guess[27m
2025-12-13T21:30:48 for file in config.guess config.sub; do for i in $(find /home/VuAirOS/buildroot-2021.05/output/build/host-libtool-2.4.6 -name $file); do cp support/gnuconfig/$file $i; done; done
2025-12-13T21:30:48 [7m>>> host-libtool 2.4.6 Configuring[27m
2025-12-13T21:30:48 find /home/VuAirOS/buildroot-2021.05/output/build/host-libtool-2.4.6 -name aclocal.m4 -exec touch '{}' ;
2025-12-13T21:30:48 find /home/VuAirOS/buildroot-2021.05/output/build/host-libtool-2.4.6 -name config-h.in -exec touch '{}' ;
2025-12-13T21:30:48 find /home/VuAirOS/buildroot-2021.05/output/build/host-libtool-2.4.6 -name configure -exec touch '{}' ;
2025-12-13T21:30:48 find /home/VuAirOS/buildroot-2021.05/output/build/host-libtool-2.4.6 -name Makefile.in -exec touch '{}' ;
2025-12-13T21:30:48 (cd /home/VuAirOS/buildroot-2021.05/output/build/host-libtool-2.4.6/. && rm -rf config.cache; PATH="/home/VuAirOS/buildroot-2021.05/output/host/bin:/home/VuAirOS/buildroot-2021.05/output/host/sbin:/usr/local/sbin:/usr/local/bin:/usr/sbin:/usr/bin:/sbin:/bin:/usr/games:/usr/local/games:/usr/lib/wsl/lib" PKG_CONFIG="/home/VuAirOS/buildroot-2021.05/output/host/bin/pkg-config" PKG_CONFIG_SYSROOT_DIR="/" PKG_CONFIG_ALLOW_SYSTEM_CFLAGS=1 PKG_CONFIG_ALLOW_SYSTEM_LIBS=1 PKG_CONFIG_LIBDIR="/home/VuAirOS/buildroot-2021.05/output/host/lib/pkgconfig:/home/VuAirOS/buildroot-2021.05/output/host/share/pkgconfig" AR="/usr/bin/ar" AS="/usr/bin/as" LD="/usr/bin/ld" NM="/usr/bin/nm" CC="/usr/bin/gcc" GCC="/usr/bin/gcc" CXX="/usr/bin/g++" CPP="/usr/bin/cpp" OBJCOPY="/usr/bin/objcopy" RANLIB="/usr/bin/ranlib" CPPFLAGS="-I/home/VuAirOS/buildroot-2021.05/output/host/include" CFLAGS="-O2 -I/home/VuAirOS/buildroot-2021.05/output/host/include" CXXFLAGS="-O2 -I/home/VuAirOS/buildroot-2021.05/output/host/include" LDFLAGS="-L/home/VuAirOS/buildroot-2021.05/output/host/lib -Wl,-rpath,/home/VuAirOS/buildroot-2021.05/output/host/lib" INTLTOOL_PERL=/usr/bin/perl CFLAGS="-O2 -I/home/VuAirOS/buildroot-2021.05/output/host/include" LDFLAGS="-L/home/VuAirOS/buildroot-2021.05/output/host/lib -Wl,-rpath,/home/VuAirOS/buildroot-2021.05/output/host/lib" MAKEINFO=true CONFIG_SITE=/dev/null ./configure --prefix="/home/VuAirOS/buildroot-2021.05/output/host" --sysconfdir="/home/VuAirOS/buildroot-2021.05/output/host/etc" --localstatedir="/home/VuAirOS/buildroot-2021.05/output/host/var" --enable-shared --disable-static --disable-gtk-doc --disable-gtk-doc-html --disable-doc --disable-docs --disable-documentation --disable-debug --with-xmlto=no --with-fop=no --disable-nls --disable-dependency-tracking   )
2025-12-13T21:30:48 configure: WARNING: unrecognized options: --disable-gtk-doc, --disable-gtk-doc-html, --disable-doc, --disable-docs, --disable-documentation, --disable-debug, --with-xmlto, --with-fop, --disable-nls
2025-12-13T21:30:48 ## ------------------------- ##
2025-12-13T21:30:48 ## Configuring libtool 2.4.6 ##
2025-12-13T21:30:48 ## ------------------------- ##
2025-12-13T21:30:48 
2025-12-13T21:30:48 checking for GNU M4 that supports accurate traces... /home/VuAirOS/buildroot-2021.05/output/host/bin/m4
2025-12-13T21:30:48 checking whether /home/VuAirOS/buildroot-2021.05/output/host/bin/m4 accepts --gnu... yes
2025-12-13T21:30:48 checking how m4 supports trace files... --debugfile
2025-12-13T21:30:48 checking for a BSD-compatible install... /usr/bin/install -c
2025-12-13T21:30:48 checking whether build environment is sane... yes
2025-12-13T21:30:48 checking for a thread-safe mkdir -p... /usr/bin/mkdir -p
2025-12-13T21:30:48 checking for gawk... gawk
2025-12-13T21:30:48 checking whether make sets $(MAKE)... yes
2025-12-13T21:30:48 checking whether make supports nested variables... yes
2025-12-13T21:30:48 checking whether make supports nested variables... (cached) yes
2025-12-13T21:30:48 checking build system type... x86_64-pc-linux-gnu
2025-12-13T21:30:48 checking host system type... x86_64-pc-linux-gnu
2025-12-13T21:30:48 configure: autobuild project... GNU Libtool
2025-12-13T21:30:48 configure: autobuild revision... 2.4.6
2025-12-13T21:30:48 configure: autobuild hostname... DESKTOP-BNPEL5E
2025-12-13T21:30:48 configure: autobuild mode... default
2025-12-13T21:30:48 configure: autobuild timestamp... 20251214T033049Z
2025-12-13T21:30:48 checking for gcc... /usr/bin/gcc
2025-12-13T21:30:49 checking whether the C compiler works... yes
2025-12-13T21:30:49 checking for C compiler default output file name... a.out
2025-12-13T21:30:49 checking for suffix of executables...
2025-12-13T21:30:49 checking whether we are cross compiling... no
2025-12-13T21:30:49 checking for suffix of object files... o
2025-12-13T21:30:49 checking whether we are using the GNU C compiler... yes
2025-12-13T21:30:49 checking whether /usr/bin/gcc accepts -g... yes
2025-12-13T21:30:49 checking for /usr/bin/gcc option to accept ISO C89... none needed
2025-12-13T21:30:49 checking whether /usr/bin/gcc understands -c and -o together... yes
2025-12-13T21:30:49 checking for style of include used by make... GNU
2025-12-13T21:30:49 checking dependency style of /usr/bin/gcc... none
2025-12-13T21:30:49 checking how to run the C preprocessor... /usr/bin/cpp
2025-12-13T21:30:49 checking for grep that handles long lines and -e... /usr/bin/grep
2025-12-13T21:30:49 checking for egrep... /usr/bin/grep -E
2025-12-13T21:30:49 checking for Minix Amsterdam compiler... no
2025-12-13T21:30:49 checking how to run the C preprocessor... /usr/bin/cpp
2025-12-13T21:30:49 checking how to print strings... printf
2025-12-13T21:30:49 checking for a sed that does not truncate output... /usr/bin/sed
2025-12-13T21:30:49 checking for fgrep... /usr/bin/grep -F
2025-12-13T21:30:49 checking for ld used by /usr/bin/gcc... /usr/bin/ld
2025-12-13T21:30:49 checking if the linker (/usr/bin/ld) is GNU ld... yes
2025-12-13T21:30:49 checking for BSD- or MS-compatible name lister (nm)... /usr/bin/nm
2025-12-13T21:30:49 checking the name lister (/usr/bin/nm) interface... BSD nm
2025-12-13T21:30:49 checking whether ln -s works... yes
2025-12-13T21:30:49 checking the maximum length of command line arguments... 1572864
2025-12-13T21:30:49 checking how to convert x86_64-pc-linux-gnu file names to x86_64-pc-linux-gnu format... func_convert_file_noop
2025-12-13T21:30:49 checking how to convert x86_64-pc-linux-gnu file names to toolchain format... func_convert_file_noop
2025-12-13T21:30:49 checking for /usr/bin/ld option to reload object files... -r
2025-12-13T21:30:49 checking for objdump... objdump
2025-12-13T21:30:49 checking how to recognize dependent libraries... pass_all
2025-12-13T21:30:49 checking for dlltool... no
2025-12-13T21:30:49 checking how to associate runtime and link libraries... printf %sn
2025-12-13T21:30:49 checking for archiver @FILE support... @
2025-12-13T21:30:49 checking for strip... strip
2025-12-13T21:30:49 checking for ranlib... /usr/bin/ranlib
2025-12-13T21:30:49 checking command to parse /usr/bin/nm output from /usr/bin/gcc object... ok
2025-12-13T21:30:49 checking for sysroot... no
2025-12-13T21:30:49 checking for a working dd... /usr/bin/dd
2025-12-13T21:30:49 checking how to truncate binary pipes... /usr/bin/dd bs=4096 count=1
2025-12-13T21:30:49 checking for mt... mt
2025-12-13T21:30:49 checking if mt is a manifest tool... no
2025-12-13T21:30:49 checking for ANSI C header files... yes
2025-12-13T21:30:49 checking for sys/types.h... yes
2025-12-13T21:30:49 checking for sys/stat.h... yes
2025-12-13T21:30:49 checking for stdlib.h... yes
2025-12-13T21:30:49 checking for string.h... yes
2025-12-13T21:30:49 checking for memory.h... yes
2025-12-13T21:30:49 checking for strings.h... yes
2025-12-13T21:30:49 checking for inttypes.h... yes
2025-12-13T21:30:49 checking for stdint.h... yes
2025-12-13T21:30:49 checking for unistd.h... yes
2025-12-13T21:30:49 checking for dlfcn.h... yes
2025-12-13T21:30:49 checking for objdir... .libs
2025-12-13T21:30:49 checking if /usr/bin/gcc supports -fno-rtti -fno-exceptions... no
2025-12-13T21:30:49 checking for /usr/bin/gcc option to produce PIC... -fPIC -DPIC
2025-12-13T21:30:49 checking if /usr/bin/gcc PIC flag -fPIC -DPIC works... yes
2025-12-13T21:30:49 checking if /usr/bin/gcc static flag -static works... yes
2025-12-13T21:30:49 checking if /usr/bin/gcc supports -c -o file.o... yes
2025-12-13T21:30:49 checking if /usr/bin/gcc supports -c -o file.o... (cached) yes
2025-12-13T21:30:49 checking whether the /usr/bin/gcc linker (/usr/bin/ld -m elf_x86_64) supports shared libraries... yes
2025-12-13T21:30:49 checking whether -lc should be explicitly linked in... no
2025-12-13T21:30:49 checking dynamic linker characteristics... GNU/Linux ld.so
2025-12-13T21:30:49 checking how to hardcode library paths into programs... immediate
2025-12-13T21:30:49 checking for shl_load... no
2025-12-13T21:30:49 checking for shl_load in -ldld... no
2025-12-13T21:30:49 checking for dlopen... yes
2025-12-13T21:30:49 checking whether a program can dlopen itself... yes
2025-12-13T21:30:49 checking whether a statically linked program can dlopen itself... no
2025-12-13T21:30:49 checking whether stripping libraries is possible... yes
2025-12-13T21:30:49 checking if libtool supports shared libraries... yes
2025-12-13T21:30:49 checking whether to build shared libraries... yes
2025-12-13T21:30:49 checking whether to build static libraries... no
2025-12-13T21:30:49 checking what extension is used for runtime loadable modules... .so
2025-12-13T21:30:49 checking what variable specifies run-time module search path... LD_LIBRARY_PATH
2025-12-13T21:30:49 checking for the default library search path... /lib /usr/lib /usr/lib/x86_64-linux-gnu/fakechroot /usr/lib/x86_64-linux-gnu/libfakeroot /usr/lib/wsl/lib /usr/local/lib /usr/local/lib/x86_64-linux-gnu /lib/x86_64-linux-gnu /usr/lib/x86_64-linux-gnu /lib32 /usr/lib32
2025-12-13T21:30:49 checking for library containing dlopen... none required
2025-12-13T21:30:49 checking for dlerror... yes
2025-12-13T21:30:49 checking for shl_load... (cached) no
2025-12-13T21:30:49 checking for shl_load in -ldld... (cached) no
2025-12-13T21:30:49 checking for dld_link in -ldld... no
2025-12-13T21:30:49 checking for _ prefix in compiled symbols... no
2025-12-13T21:30:49 checking whether deplibs are loaded by dlopen... yes
2025-12-13T21:30:49 checking for argz.h... yes
2025-12-13T21:30:49 checking for error_t... yes
2025-12-13T21:30:49 checking for argz_add... yes
2025-12-13T21:30:49 checking for argz_append... yes
2025-12-13T21:30:49 checking for argz_count... yes
2025-12-13T21:30:49 checking for argz_create_sep... yes
2025-12-13T21:30:49 checking for argz_insert... yes
2025-12-13T21:30:50 checking for argz_next... yes
2025-12-13T21:30:50 checking for argz_stringify... yes
2025-12-13T21:30:50 checking if argz actually works... yes
2025-12-13T21:30:50 checking whether libtool supports -dlopen/-dlpreopen... yes
2025-12-13T21:30:50 checking for unistd.h... (cached) yes
2025-12-13T21:30:50 checking for dl.h... no
2025-12-13T21:30:50 checking for sys/dl.h... no
2025-12-13T21:30:50 checking for dld.h... no
2025-12-13T21:30:50 checking for mach-o/dyld.h... no
2025-12-13T21:30:50 checking for dirent.h... yes
2025-12-13T21:30:50 checking for closedir... yes
2025-12-13T21:30:50 checking for opendir... yes
2025-12-13T21:30:50 checking for readdir... yes
2025-12-13T21:30:50 checking for strlcat... no
2025-12-13T21:30:50 checking for strlcpy... no
2025-12-13T21:30:50 checking whether we are using the GNU C++ compiler... yes
2025-12-13T21:30:50 checking whether /usr/bin/g++ accepts -g... yes
2025-12-13T21:30:50 checking dependency style of /usr/bin/g++... none
2025-12-13T21:30:50 checking how to run the C++ preprocessor... /usr/bin/g++ -E
2025-12-13T21:30:50 checking for ld used by /usr/bin/g++... /usr/bin/ld -m elf_x86_64
2025-12-13T21:30:50 checking if the linker (/usr/bin/ld -m elf_x86_64) is GNU ld... yes
2025-12-13T21:30:50 checking whether the /usr/bin/g++ linker (/usr/bin/ld -m elf_x86_64) supports shared libraries... yes
2025-12-13T21:30:50 checking for /usr/bin/g++ option to produce PIC... -fPIC -DPIC
2025-12-13T21:30:50 checking if /usr/bin/g++ PIC flag -fPIC -DPIC works... yes
2025-12-13T21:30:50 checking if /usr/bin/g++ static flag -static works... yes
2025-12-13T21:30:50 checking if /usr/bin/g++ supports -c -o file.o... yes
2025-12-13T21:30:50 checking if /usr/bin/g++ supports -c -o file.o... (cached) yes
2025-12-13T21:30:50 checking whether the /usr/bin/g++ linker (/usr/bin/ld -m elf_x86_64) supports shared libraries... yes
2025-12-13T21:30:50 checking dynamic linker characteristics... (cached) GNU/Linux ld.so
2025-12-13T21:30:50 checking how to hardcode library paths into programs... immediate
2025-12-13T21:30:50 checking for g77... no
2025-12-13T21:30:50 checking for xlf... no
2025-12-13T21:30:50 checking for f77... no
2025-12-13T21:30:50 checking for frt... no
2025-12-13T21:30:50 checking for pgf77... no
2025-12-13T21:30:50 checking for cf77... no
2025-12-13T21:30:50 checking for fort77... no
2025-12-13T21:30:50 checking for fl32... no
2025-12-13T21:30:50 checking for af77... no
2025-12-13T21:30:50 checking for xlf90... no
2025-12-13T21:30:50 checking for f90... no
2025-12-13T21:30:50 checking for pgf90... no
2025-12-13T21:30:50 checking for pghpf... no
2025-12-13T21:30:50 checking for epcf90... no
2025-12-13T21:30:50 checking for gfortran... no
2025-12-13T21:30:50 checking for g95... no
2025-12-13T21:30:50 checking for xlf95... no
2025-12-13T21:30:50 checking for f95... no
2025-12-13T21:30:50 checking for fort... no
2025-12-13T21:30:50 checking for ifort... no
2025-12-13T21:30:50 checking for ifc... no
2025-12-13T21:30:50 checking for efc... no
2025-12-13T21:30:50 checking for pgfortran... no
2025-12-13T21:30:50 checking for pgf95... no
2025-12-13T21:30:50 checking for lf95... no
2025-12-13T21:30:50 checking for ftn... no
2025-12-13T21:30:50 checking for nagfor... no
2025-12-13T21:30:50 checking whether we are using the GNU Fortran 77 compiler... no
2025-12-13T21:30:50 checking whether  accepts -g... no
2025-12-13T21:30:50 checking for gfortran... no
2025-12-13T21:30:50 checking for g95... no
2025-12-13T21:30:50 checking for xlf95... no
2025-12-13T21:30:50 checking for f95... no
2025-12-13T21:30:50 checking for fort... no
2025-12-13T21:30:50 checking for ifort... no
2025-12-13T21:30:50 checking for ifc... no
2025-12-13T21:30:50 checking for efc... no
2025-12-13T21:30:50 checking for pgfortran... no
2025-12-13T21:30:50 checking for pgf95... no
2025-12-13T21:30:50 checking for lf95... no
2025-12-13T21:30:50 checking for ftn... no
2025-12-13T21:30:50 checking for nagfor... no
2025-12-13T21:30:50 checking for xlf90... no
2025-12-13T21:30:50 checking for f90... no
2025-12-13T21:30:50 checking for pgf90... no
2025-12-13T21:30:50 checking for pghpf... no
2025-12-13T21:30:50 checking for epcf90... no
2025-12-13T21:30:50 checking for g77... no
2025-12-13T21:30:50 checking for xlf... no
2025-12-13T21:30:50 checking for f77... no
2025-12-13T21:30:50 checking for frt... no
2025-12-13T21:30:50 checking for pgf77... no
2025-12-13T21:30:50 checking for cf77... no
2025-12-13T21:30:50 checking for fort77... no
2025-12-13T21:30:50 checking for fl32... no
2025-12-13T21:30:50 checking for af77... no
2025-12-13T21:30:50 checking whether we are using the GNU Fortran compiler... no
2025-12-13T21:30:50 checking whether  accepts -g... no
2025-12-13T21:30:50 checking for gccgo... no
2025-12-13T21:30:50 checking for gcj... no
2025-12-13T21:30:50 checking for windres... no
2025-12-13T21:30:50 checking that generated files are newer than configure... done
2025-12-13T21:30:50 configure: creating ./config.status
2025-12-13T21:30:51 config.status: creating Makefile
2025-12-13T21:30:51 config.status: creating config.h
2025-12-13T21:30:51 config.status: executing tests/atconfig commands
2025-12-13T21:30:51 config.status: executing depfiles commands
2025-12-13T21:30:51 config.status: executing libtool commands
2025-12-13T21:30:51 configure: WARNING: unrecognized options: --disable-gtk-doc, --disable-gtk-doc-html, --disable-doc, --disable-docs, --disable-documentation, --disable-debug, --with-xmlto, --with-fop, --disable-nls
2025-12-13T21:30:51 [7m>>> host-libtool 2.4.6 Building[27m
2025-12-13T21:30:51 PATH="/home/VuAirOS/buildroot-2021.05/output/host/bin:/home/VuAirOS/buildroot-2021.05/output/host/sbin:/usr/local/sbin:/usr/local/bin:/usr/sbin:/usr/bin:/sbin:/bin:/usr/games:/usr/local/games:/usr/lib/wsl/lib" PKG_CONFIG="/home/VuAirOS/buildroot-2021.05/output/host/bin/pkg-config" PKG_CONFIG_SYSROOT_DIR="/" PKG_CONFIG_ALLOW_SYSTEM_CFLAGS=1 PKG_CONFIG_ALLOW_SYSTEM_LIBS=1 PKG_CONFIG_LIBDIR="/home/VuAirOS/buildroot-2021.05/output/host/lib/pkgconfig:/home/VuAirOS/buildroot-2021.05/output/host/share/pkgconfig"  /usr/bin/make   -C /home/VuAirOS/buildroot-2021.05/output/build/host-libtool-2.4.6/.
2025-12-13T21:30:51 make[1]: Entering directory '/home/VuAirOS/buildroot-2021.05/output/build/host-libtool-2.4.6'
2025-12-13T21:30:51 GEN      libtoolize
2025-12-13T21:30:51 /usr/bin/make  all-recursive
2025-12-13T21:30:51 make[2]: Entering directory '/home/VuAirOS/buildroot-2021.05/output/build/host-libtool-2.4.6'
2025-12-13T21:30:51 Making all in .
2025-12-13T21:30:51 make[3]: Entering directory '/home/VuAirOS/buildroot-2021.05/output/build/host-libtool-2.4.6'
2025-12-13T21:30:51 CC       libltdl/lt__strl.lo
2025-12-13T21:30:51 make[4]: Entering directory '/home/VuAirOS/buildroot-2021.05/output/build/host-libtool-2.4.6'
2025-12-13T21:30:51 CC       libltdl/loaders/libltdl_libltdl_la-preopen.lo
2025-12-13T21:30:51 CC       libltdl/loaders/dlopen.lo
2025-12-13T21:30:51 CC       libltdl/libltdl_libltdl_la-lt__alloc.lo
2025-12-13T21:30:51 CC       libltdl/libltdl_libltdl_la-lt_dlloader.lo
2025-12-13T21:30:51 CC       libltdl/libltdl_libltdl_la-lt_error.lo
2025-12-13T21:30:51 CC       libltdl/libltdl_libltdl_la-ltdl.lo
2025-12-13T21:30:51 CC       libltdl/libltdl_libltdl_la-slist.lo
2025-12-13T21:30:51 make[4]: Leaving directory '/home/VuAirOS/buildroot-2021.05/output/build/host-libtool-2.4.6'
2025-12-13T21:30:51 CCLD     libltdl/dlopen.la
2025-12-13T21:30:51 /usr/bin/ar: `u' modifier ignored since `D' is the default (see `U')
2025-12-13T21:30:51 CCLD     libltdl/libltdl.la
2025-12-13T21:30:52 GEN      libltdl/stamp-mk
2025-12-13T21:30:52 make[3]: Leaving directory '/home/VuAirOS/buildroot-2021.05/output/build/host-libtool-2.4.6'
2025-12-13T21:30:52 make[2]: Leaving directory '/home/VuAirOS/buildroot-2021.05/output/build/host-libtool-2.4.6'
2025-12-13T21:30:52 make[1]: Leaving directory '/home/VuAirOS/buildroot-2021.05/output/build/host-libtool-2.4.6'
2025-12-13T21:30:52 [7m>>> host-libtool 2.4.6 Installing to host directory[27m
2025-12-13T21:30:52 PATH="/home/VuAirOS/buildroot-2021.05/output/host/bin:/home/VuAirOS/buildroot-2021.05/output/host/sbin:/usr/local/sbin:/usr/local/bin:/usr/sbin:/usr/bin:/sbin:/bin:/usr/games:/usr/local/games:/usr/lib/wsl/lib" PKG_CONFIG="/home/VuAirOS/buildroot-2021.05/output/host/bin/pkg-config" PKG_CONFIG_SYSROOT_DIR="/" PKG_CONFIG_ALLOW_SYSTEM_CFLAGS=1 PKG_CONFIG_ALLOW_SYSTEM_LIBS=1 PKG_CONFIG_LIBDIR="/home/VuAirOS/buildroot-2021.05/output/host/lib/pkgconfig:/home/VuAirOS/buildroot-2021.05/output/host/share/pkgconfig"  /usr/bin/make  install -C /home/VuAirOS/buildroot-2021.05/output/build/host-libtool-2.4.6/.
2025-12-13T21:30:52 make[1]: Entering directory '/home/VuAirOS/buildroot-2021.05/output/build/host-libtool-2.4.6'
2025-12-13T21:30:52 /usr/bin/make  install-recursive
2025-12-13T21:30:52 make[2]: Entering directory '/home/VuAirOS/buildroot-2021.05/output/build/host-libtool-2.4.6'
2025-12-13T21:30:52 Making install in .
2025-12-13T21:30:52 make[3]: Entering directory '/home/VuAirOS/buildroot-2021.05/output/build/host-libtool-2.4.6'
2025-12-13T21:30:52 make[4]: Entering directory '/home/VuAirOS/buildroot-2021.05/output/build/host-libtool-2.4.6'
2025-12-13T21:30:52 /usr/bin/mkdir -p '/home/VuAirOS/buildroot-2021.05/output/host/bin'
2025-12-13T21:30:52 /usr/bin/mkdir -p '/home/VuAirOS/buildroot-2021.05/output/host/lib'
2025-12-13T21:30:52 /usr/bin/mkdir -p '/home/VuAirOS/buildroot-2021.05/output/host/include'
2025-12-13T21:30:52 /bin/bash ./libtool   --mode=install /usr/bin/install -c   libltdl/libltdl.la '/home/VuAirOS/buildroot-2021.05/output/host/lib'
2025-12-13T21:30:52 /usr/bin/mkdir -p '/home/VuAirOS/buildroot-2021.05/output/host/include/libltdl'
2025-12-13T21:30:52 /usr/bin/mkdir -p '/home/VuAirOS/buildroot-2021.05/output/host/share/man/man1'
2025-12-13T21:30:52 /usr/bin/install -c libtool '/home/VuAirOS/buildroot-2021.05/output/host/bin'
2025-12-13T21:30:52 /usr/bin/mkdir -p '/home/VuAirOS/buildroot-2021.05/output/host/share/info'
2025-12-13T21:30:52 GREP='/usr/bin/grep' SED='/usr/bin/sed' './build-aux/inline-source' libtoolize > '/home/VuAirOS/buildroot-2021.05/output/host/bin/libtoolize'
2025-12-13T21:30:52 /usr/bin/install -c -m 644 libltdl/ltdl.h '/home/VuAirOS/buildroot-2021.05/output/host/include'
2025-12-13T21:30:52 /usr/bin/install -c -m 644 libltdl/libltdl/lt_system.h libltdl/libltdl/lt_error.h libltdl/libltdl/lt_dlloader.h '/home/VuAirOS/buildroot-2021.05/output/host/include/libltdl'
2025-12-13T21:30:52 /usr/bin/install -c -m 644 ./doc/libtool.1 ./doc/libtoolize.1 '/home/VuAirOS/buildroot-2021.05/output/host/share/man/man1'
2025-12-13T21:30:52 /usr/bin/install -c -m 644 ./doc/libtool.info ./doc/libtool.info-1 ./doc/libtool.info-2 '/home/VuAirOS/buildroot-2021.05/output/host/share/info'
2025-12-13T21:30:52 install-info --info-dir='/home/VuAirOS/buildroot-2021.05/output/host/share/info' '/home/VuAirOS/buildroot-2021.05/output/host/share/info/libtool.info'
2025-12-13T21:30:52 libtool: install: /usr/bin/install -c libltdl/.libs/libltdl.so.7.3.1 /home/VuAirOS/buildroot-2021.05/output/host/lib/libltdl.so.7.3.1
2025-12-13T21:30:52 libtool: install: (cd /home/VuAirOS/buildroot-2021.05/output/host/lib && { ln -s -f libltdl.so.7.3.1 libltdl.so.7 || { rm -f libltdl.so.7 && ln -s libltdl.so.7.3.1 libltdl.so.7; }; })
2025-12-13T21:30:52 libtool: install: (cd /home/VuAirOS/buildroot-2021.05/output/host/lib && { ln -s -f libltdl.so.7.3.1 libltdl.so || { rm -f libltdl.so && ln -s libltdl.so.7.3.1 libltdl.so; }; })
2025-12-13T21:30:52 libtool: install: /usr/bin/install -c libltdl/.libs/libltdl.lai /home/VuAirOS/buildroot-2021.05/output/host/lib/libltdl.la
2025-12-13T21:30:52 libtool: finish: PATH="/home/VuAirOS/buildroot-2021.05/output/host/bin:/home/VuAirOS/buildroot-2021.05/output/host/sbin:/usr/local/sbin:/usr/local/bin:/usr/sbin:/usr/bin:/sbin:/bin:/usr/games:/usr/local/games:/usr/lib/wsl/lib:/sbin" ldconfig -n /home/VuAirOS/buildroot-2021.05/output/host/lib
2025-12-13T21:30:52 ----------------------------------------------------------------------
2025-12-13T21:30:52 Libraries have been installed in:
2025-12-13T21:30:52 /home/VuAirOS/buildroot-2021.05/output/host/lib
2025-12-13T21:30:52 
2025-12-13T21:30:52 If you ever happen to want to link against installed libraries
2025-12-13T21:30:52 in a given directory, LIBDIR, you must either use libtool, and
2025-12-13T21:30:52 specify the full pathname of the library, or use the '-LLIBDIR'
2025-12-13T21:30:52 flag during linking and do at least one of the following:
2025-12-13T21:30:52 - add LIBDIR to the 'LD_LIBRARY_PATH' environment variable
2025-12-13T21:30:52 during execution
2025-12-13T21:30:52 - add LIBDIR to the 'LD_RUN_PATH' environment variable
2025-12-13T21:30:52 during linking
2025-12-13T21:30:52 - use the '-Wl,-rpath -Wl,LIBDIR' linker flag
2025-12-13T21:30:52 - have your system administrator add LIBDIR to '/etc/ld.so.conf'
2025-12-13T21:30:52 
2025-12-13T21:30:52 See any operating system documentation about shared libraries for
2025-12-13T21:30:52 more information, such as the ld(1) and ld.so(8) manual pages.
2025-12-13T21:30:52 ----------------------------------------------------------------------
2025-12-13T21:30:52 rm -rf '/home/VuAirOS/buildroot-2021.05/output/host/share/libtool'/*
2025-12-13T21:30:52 /usr/bin/install -c -m 644 './m4/libtool.m4' '/home/VuAirOS/buildroot-2021.05/output/host/share/aclocal/libtool.m4'
2025-12-13T21:30:52 /usr/bin/install -c -m 644 './m4/ltargz.m4' '/home/VuAirOS/buildroot-2021.05/output/host/share/aclocal/ltargz.m4'
2025-12-13T21:30:52 /usr/bin/install -c -m 644 './m4/ltdl.m4' '/home/VuAirOS/buildroot-2021.05/output/host/share/aclocal/ltdl.m4'
2025-12-13T21:30:52 /usr/bin/install -c -m 644 './m4/ltoptions.m4' '/home/VuAirOS/buildroot-2021.05/output/host/share/aclocal/ltoptions.m4'
2025-12-13T21:30:52 /usr/bin/install -c -m 644 './m4/ltsugar.m4' '/home/VuAirOS/buildroot-2021.05/output/host/share/aclocal/ltsugar.m4'
2025-12-13T21:30:52 /usr/bin/install -c -m 644 './m4/ltversion.m4' '/home/VuAirOS/buildroot-2021.05/output/host/share/aclocal/ltversion.m4'
2025-12-13T21:30:52 /usr/bin/install -c -m 644 './m4/lt~obsolete.m4' '/home/VuAirOS/buildroot-2021.05/output/host/share/aclocal/lt~obsolete.m4'
2025-12-13T21:30:52 /usr/bin/install -c './build-aux/compile' '/home/VuAirOS/buildroot-2021.05/output/host/share/libtool/build-aux/compile'
2025-12-13T21:30:52 /usr/bin/install -c './build-aux/config.guess' '/home/VuAirOS/buildroot-2021.05/output/host/share/libtool/build-aux/config.guess'
2025-12-13T21:30:52 /usr/bin/install -c './build-aux/config.sub' '/home/VuAirOS/buildroot-2021.05/output/host/share/libtool/build-aux/config.sub'
2025-12-13T21:30:52 /usr/bin/install -c './build-aux/depcomp' '/home/VuAirOS/buildroot-2021.05/output/host/share/libtool/build-aux/depcomp'
2025-12-13T21:30:52 /usr/bin/install -c './build-aux/install-sh' '/home/VuAirOS/buildroot-2021.05/output/host/share/libtool/build-aux/install-sh'
2025-12-13T21:30:52 /usr/bin/install -c './build-aux/missing' '/home/VuAirOS/buildroot-2021.05/output/host/share/libtool/build-aux/missing'
2025-12-13T21:30:52 /usr/bin/install -c -m 644 './build-aux/ltmain.sh' '/home/VuAirOS/buildroot-2021.05/output/host/share/libtool/build-aux/ltmain.sh'
2025-12-13T21:30:52 /usr/bin/install -c -m 644 './libltdl/COPYING.LIB' '/home/VuAirOS/buildroot-2021.05/output/host/share/libtool/COPYING.LIB'
2025-12-13T21:30:52 /usr/bin/install -c -m 644 './libltdl/Makefile.am' '/home/VuAirOS/buildroot-2021.05/output/host/share/libtool/Makefile.am'
2025-12-13T21:30:52 /usr/bin/install -c -m 644 './libltdl/README' '/home/VuAirOS/buildroot-2021.05/output/host/share/libtool/README'
2025-12-13T21:30:52 /usr/bin/install -c -m 644 './libltdl/configure.ac' '/home/VuAirOS/buildroot-2021.05/output/host/share/libtool/configure.ac'
2025-12-13T21:30:52 /usr/bin/install -c -m 644 './libltdl/aclocal.m4' '/home/VuAirOS/buildroot-2021.05/output/host/share/libtool/aclocal.m4'
2025-12-13T21:30:52 /usr/bin/install -c -m 644 './libltdl/Makefile.in' '/home/VuAirOS/buildroot-2021.05/output/host/share/libtool/Makefile.in'
2025-12-13T21:30:52 /usr/bin/install -c -m 644 './libltdl/config-h.in' '/home/VuAirOS/buildroot-2021.05/output/host/share/libtool/config-h.in'
2025-12-13T21:30:52 /usr/bin/install -c -m 644 './libltdl/configure' '/home/VuAirOS/buildroot-2021.05/output/host/share/libtool/configure'
2025-12-13T21:30:52 /usr/bin/install -c -m 644 './libltdl/libltdl/lt__alloc.h' '/home/VuAirOS/buildroot-2021.05/output/host/share/libtool/libltdl/lt__alloc.h'
2025-12-13T21:30:52 /usr/bin/install -c -m 644 './libltdl/libltdl/lt__argz_.h' '/home/VuAirOS/buildroot-2021.05/output/host/share/libtool/libltdl/lt__argz_.h'
2025-12-13T21:30:52 /usr/bin/install -c -m 644 './libltdl/libltdl/lt__dirent.h' '/home/VuAirOS/buildroot-2021.05/output/host/share/libtool/libltdl/lt__dirent.h'
2025-12-13T21:30:52 /usr/bin/install -c -m 644 './libltdl/libltdl/lt__glibc.h' '/home/VuAirOS/buildroot-2021.05/output/host/share/libtool/libltdl/lt__glibc.h'
2025-12-13T21:30:52 /usr/bin/install -c -m 644 './libltdl/libltdl/lt__private.h' '/home/VuAirOS/buildroot-2021.05/output/host/share/libtool/libltdl/lt__private.h'
2025-12-13T21:30:52 /usr/bin/install -c -m 644 './libltdl/libltdl/lt__strl.h' '/home/VuAirOS/buildroot-2021.05/output/host/share/libtool/libltdl/lt__strl.h'
2025-12-13T21:30:52 /usr/bin/install -c -m 644 './libltdl/libltdl/lt_dlloader.h' '/home/VuAirOS/buildroot-2021.05/output/host/share/libtool/libltdl/lt_dlloader.h'
2025-12-13T21:30:52 /usr/bin/install -c -m 644 './libltdl/libltdl/lt_error.h' '/home/VuAirOS/buildroot-2021.05/output/host/share/libtool/libltdl/lt_error.h'
2025-12-13T21:30:52 /usr/bin/install -c -m 644 './libltdl/libltdl/lt_system.h' '/home/VuAirOS/buildroot-2021.05/output/host/share/libtool/libltdl/lt_system.h'
2025-12-13T21:30:52 /usr/bin/install -c -m 644 './libltdl/libltdl/slist.h' '/home/VuAirOS/buildroot-2021.05/output/host/share/libtool/libltdl/slist.h'
2025-12-13T21:30:52 /usr/bin/install -c -m 644 './libltdl/loaders/dld_link.c' '/home/VuAirOS/buildroot-2021.05/output/host/share/libtool/loaders/dld_link.c'
2025-12-13T21:30:52 /usr/bin/install -c -m 644 './libltdl/loaders/dlopen.c' '/home/VuAirOS/buildroot-2021.05/output/host/share/libtool/loaders/dlopen.c'
2025-12-13T21:30:52 /usr/bin/install -c -m 644 './libltdl/loaders/dyld.c' '/home/VuAirOS/buildroot-2021.05/output/host/share/libtool/loaders/dyld.c'
2025-12-13T21:30:52 /usr/bin/install -c -m 644 './libltdl/loaders/load_add_on.c' '/home/VuAirOS/buildroot-2021.05/output/host/share/libtool/loaders/load_add_on.c'
2025-12-13T21:30:52 /usr/bin/install -c -m 644 './libltdl/loaders/loadlibrary.c' '/home/VuAirOS/buildroot-2021.05/output/host/share/libtool/loaders/loadlibrary.c'
2025-12-13T21:30:52 /usr/bin/install -c -m 644 './libltdl/loaders/preopen.c' '/home/VuAirOS/buildroot-2021.05/output/host/share/libtool/loaders/preopen.c'
2025-12-13T21:30:52 /usr/bin/install -c -m 644 './libltdl/loaders/shl_load.c' '/home/VuAirOS/buildroot-2021.05/output/host/share/libtool/loaders/shl_load.c'
2025-12-13T21:30:52 /usr/bin/install -c -m 644 './libltdl/lt__alloc.c' '/home/VuAirOS/buildroot-2021.05/output/host/share/libtool/lt__alloc.c'
2025-12-13T21:30:52 /usr/bin/install -c -m 644 './libltdl/lt__argz.c' '/home/VuAirOS/buildroot-2021.05/output/host/share/libtool/lt__argz.c'
2025-12-13T21:30:52 /usr/bin/install -c -m 644 './libltdl/lt__dirent.c' '/home/VuAirOS/buildroot-2021.05/output/host/share/libtool/lt__dirent.c'
2025-12-13T21:30:52 /usr/bin/install -c -m 644 './libltdl/lt__strl.c' '/home/VuAirOS/buildroot-2021.05/output/host/share/libtool/lt__strl.c'
2025-12-13T21:30:52 /usr/bin/install -c -m 644 './libltdl/lt_dlloader.c' '/home/VuAirOS/buildroot-2021.05/output/host/share/libtool/lt_dlloader.c'
2025-12-13T21:30:52 /usr/bin/install -c -m 644 './libltdl/lt_error.c' '/home/VuAirOS/buildroot-2021.05/output/host/share/libtool/lt_error.c'
2025-12-13T21:30:52 /usr/bin/install -c -m 644 './libltdl/ltdl.c' '/home/VuAirOS/buildroot-2021.05/output/host/share/libtool/ltdl.c'
2025-12-13T21:30:52 /usr/bin/install -c -m 644 './libltdl/ltdl.h' '/home/VuAirOS/buildroot-2021.05/output/host/share/libtool/ltdl.h'
2025-12-13T21:30:52 /usr/bin/install -c -m 644 './libltdl/ltdl.mk' '/home/VuAirOS/buildroot-2021.05/output/host/share/libtool/ltdl.mk'
2025-12-13T21:30:52 /usr/bin/install -c -m 644 './libltdl/slist.c' '/home/VuAirOS/buildroot-2021.05/output/host/share/libtool/slist.c'
2025-12-13T21:30:52 chmod a+x '/home/VuAirOS/buildroot-2021.05/output/host/share/libtool/configure'
2025-12-13T21:30:52 make[4]: Leaving directory '/home/VuAirOS/buildroot-2021.05/output/build/host-libtool-2.4.6'
2025-12-13T21:30:52 make[3]: Leaving directory '/home/VuAirOS/buildroot-2021.05/output/build/host-libtool-2.4.6'
2025-12-13T21:30:52 make[2]: Leaving directory '/home/VuAirOS/buildroot-2021.05/output/build/host-libtool-2.4.6'
2025-12-13T21:30:52 make[1]: Leaving directory '/home/VuAirOS/buildroot-2021.05/output/build/host-libtool-2.4.6'
2025-12-13T21:30:52 autoconf-2.69.tar.xz: OK (sha256: 64ebcec9f8ac5b2487125a86a7760d2591ac9e1d3dbd59489633f9de62a57684)
2025-12-13T21:30:52 [7m>>> host-autoconf 2.69 Extracting[27m
2025-12-13T21:30:52 xzcat /home/VuAirOS/buildroot-2021.05/dl/autoconf/autoconf-2.69.tar.xz | tar --strip-components=1 -C /home/VuAirOS/buildroot-2021.05/output/build/host-autoconf-2.69   -xf -
2025-12-13T21:30:52 [7m>>> host-autoconf 2.69 Patching[27m
2025-12-13T21:30:52 
2025-12-13T21:30:52 Applying 0001-dont-add-dirty-to-version.patch using patch:
2025-12-13T21:30:52 patching file build-aux/git-version-gen
2025-12-13T21:30:52 [7m>>> host-autoconf 2.69 Updating config.sub and config.guess[27m
2025-12-13T21:30:52 for file in config.guess config.sub; do for i in $(find /home/VuAirOS/buildroot-2021.05/output/build/host-autoconf-2.69 -name $file); do cp support/gnuconfig/$file $i; done; done
2025-12-13T21:30:52 [7m>>> host-autoconf 2.69 Patching libtool[27m
2025-12-13T21:30:52 [7m>>> host-autoconf 2.69 Configuring[27m
2025-12-13T21:30:52 (cd /home/VuAirOS/buildroot-2021.05/output/build/host-autoconf-2.69/ && rm -rf config.cache; PATH="/home/VuAirOS/buildroot-2021.05/output/host/bin:/home/VuAirOS/buildroot-2021.05/output/host/sbin:/usr/local/sbin:/usr/local/bin:/usr/sbin:/usr/bin:/sbin:/bin:/usr/games:/usr/local/games:/usr/lib/wsl/lib" PKG_CONFIG="/home/VuAirOS/buildroot-2021.05/output/host/bin/pkg-config" PKG_CONFIG_SYSROOT_DIR="/" PKG_CONFIG_ALLOW_SYSTEM_CFLAGS=1 PKG_CONFIG_ALLOW_SYSTEM_LIBS=1 PKG_CONFIG_LIBDIR="/home/VuAirOS/buildroot-2021.05/output/host/lib/pkgconfig:/home/VuAirOS/buildroot-2021.05/output/host/share/pkgconfig" AR="/usr/bin/ar" AS="/usr/bin/as" LD="/usr/bin/ld" NM="/usr/bin/nm" CC="/usr/bin/gcc" GCC="/usr/bin/gcc" CXX="/usr/bin/g++" CPP="/usr/bin/cpp" OBJCOPY="/usr/bin/objcopy" RANLIB="/usr/bin/ranlib" CPPFLAGS="-I/home/VuAirOS/buildroot-2021.05/output/host/include" CFLAGS="-O2 -I/home/VuAirOS/buildroot-2021.05/output/host/include" CXXFLAGS="-O2 -I/home/VuAirOS/buildroot-2021.05/output/host/include" LDFLAGS="-L/home/VuAirOS/buildroot-2021.05/output/host/lib -Wl,-rpath,/home/VuAirOS/buildroot-2021.05/output/host/lib" INTLTOOL_PERL=/usr/bin/perl CFLAGS="-O2 -I/home/VuAirOS/buildroot-2021.05/output/host/include" LDFLAGS="-L/home/VuAirOS/buildroot-2021.05/output/host/lib -Wl,-rpath,/home/VuAirOS/buildroot-2021.05/output/host/lib" EMACS="no" ac_cv_path_M4=/home/VuAirOS/buildroot-2021.05/output/host/bin/m4 ac_cv_prog_gnu_m4_gnu=no CONFIG_SITE=/dev/null ./configure --prefix="/home/VuAirOS/buildroot-2021.05/output/host" --sysconfdir="/home/VuAirOS/buildroot-2021.05/output/host/etc" --localstatedir="/home/VuAirOS/buildroot-2021.05/output/host/var" --enable-shared --disable-static --disable-gtk-doc --disable-gtk-doc-html --disable-doc --disable-docs --disable-documentation --disable-debug --with-xmlto=no --with-fop=no --disable-nls --disable-dependency-tracking   )
2025-12-13T21:30:52 configure: WARNING: unrecognized options: --enable-shared, --disable-static, --disable-gtk-doc, --disable-gtk-doc-html, --disable-doc, --disable-docs, --disable-documentation, --disable-debug, --with-xmlto, --with-fop, --disable-nls, --disable-dependency-tracking
2025-12-13T21:30:52 checking for a BSD-compatible install... /usr/bin/install -c
2025-12-13T21:30:53 checking whether build environment is sane... yes
2025-12-13T21:30:53 checking for a thread-safe mkdir -p... /usr/bin/mkdir -p
2025-12-13T21:30:53 checking for gawk... gawk
2025-12-13T21:30:53 checking whether make sets $(MAKE)... yes
2025-12-13T21:30:53 checking build system type... x86_64-pc-linux-gnu
2025-12-13T21:30:53 checking host system type... x86_64-pc-linux-gnu
2025-12-13T21:30:53 configure: autobuild project... GNU Autoconf
2025-12-13T21:30:53 configure: autobuild revision... 2.69
2025-12-13T21:30:53 configure: autobuild hostname... DESKTOP-BNPEL5E
2025-12-13T21:30:53 configure: autobuild timestamp... 20251214T033053Z
2025-12-13T21:30:53 checking whether /bin/sh -n is known to work... no
2025-12-13T21:30:53 checking for characters that cannot appear in file names... none
2025-12-13T21:30:53 checking whether directories can have trailing spaces... yes
2025-12-13T21:30:53 checking for expr... /usr/bin/expr
2025-12-13T21:30:53 checking for GNU M4 that supports accurate traces... (cached) /home/VuAirOS/buildroot-2021.05/output/host/bin/m4
2025-12-13T21:30:53 checking whether /home/VuAirOS/buildroot-2021.05/output/host/bin/m4 accepts --gnu... (cached) no
2025-12-13T21:30:53 checking how m4 supports trace files... --debugfile
2025-12-13T21:30:53 checking for perl... /usr/bin/perl
2025-12-13T21:30:53 checking whether /usr/bin/perl Fcntl::flock is implemented... yes
2025-12-13T21:30:53 checking for emacs... no
2025-12-13T21:30:53 checking for emacs... no
2025-12-13T21:30:53 checking where .elc files should go... ${datadir}/emacs/site-lisp
2025-12-13T21:30:53 checking for grep that handles long lines and -e... /usr/bin/grep
2025-12-13T21:30:53 checking for egrep... /usr/bin/grep -E
2025-12-13T21:30:53 checking for a sed that does not truncate output... /usr/bin/sed
2025-12-13T21:30:53 checking whether make is case sensitive... yes
2025-12-13T21:30:53 configure: creating ./config.status
2025-12-13T21:30:53 config.status: creating tests/Makefile
2025-12-13T21:30:53 config.status: creating tests/atlocal
2025-12-13T21:30:53 config.status: creating man/Makefile
2025-12-13T21:30:53 config.status: creating lib/emacs/Makefile
2025-12-13T21:30:53 config.status: creating Makefile
2025-12-13T21:30:53 config.status: creating doc/Makefile
2025-12-13T21:30:53 config.status: creating lib/Makefile
2025-12-13T21:30:53 config.status: creating lib/Autom4te/Makefile
2025-12-13T21:30:53 config.status: creating lib/autoscan/Makefile
2025-12-13T21:30:53 config.status: creating lib/m4sugar/Makefile
2025-12-13T21:30:53 config.status: creating lib/autoconf/Makefile
2025-12-13T21:30:53 config.status: creating lib/autotest/Makefile
2025-12-13T21:30:53 config.status: creating bin/Makefile
2025-12-13T21:30:53 config.status: executing tests/atconfig commands
2025-12-13T21:30:53 configure: WARNING: unrecognized options: --enable-shared, --disable-static, --disable-gtk-doc, --disable-gtk-doc-html, --disable-doc, --disable-docs, --disable-documentation, --disable-debug, --with-xmlto, --with-fop, --disable-nls, --disable-dependency-tracking
2025-12-13T21:30:53 [7m>>> host-autoconf 2.69 Building[27m
2025-12-13T21:30:53 PATH="/home/VuAirOS/buildroot-2021.05/output/host/bin:/home/VuAirOS/buildroot-2021.05/output/host/sbin:/usr/local/sbin:/usr/local/bin:/usr/sbin:/usr/bin:/sbin:/bin:/usr/games:/usr/local/games:/usr/lib/wsl/lib" PKG_CONFIG="/home/VuAirOS/buildroot-2021.05/output/host/bin/pkg-config" PKG_CONFIG_SYSROOT_DIR="/" PKG_CONFIG_ALLOW_SYSTEM_CFLAGS=1 PKG_CONFIG_ALLOW_SYSTEM_LIBS=1 PKG_CONFIG_LIBDIR="/home/VuAirOS/buildroot-2021.05/output/host/lib/pkgconfig:/home/VuAirOS/buildroot-2021.05/output/host/share/pkgconfig"  /usr/bin/make   -C /home/VuAirOS/buildroot-2021.05/output/build/host-autoconf-2.69/
2025-12-13T21:30:53 make[1]: Entering directory '/home/VuAirOS/buildroot-2021.05/output/build/host-autoconf-2.69'
2025-12-13T21:30:53 /usr/bin/make  all-recursive
2025-12-13T21:30:53 make[2]: Entering directory '/home/VuAirOS/buildroot-2021.05/output/build/host-autoconf-2.69'
2025-12-13T21:30:53 Making all in bin
2025-12-13T21:30:53 make[3]: Entering directory '/home/VuAirOS/buildroot-2021.05/output/build/host-autoconf-2.69/bin'
2025-12-13T21:30:53 rm -f autom4te autom4te.tmp
2025-12-13T21:30:53 cd ../lib && /usr/bin/make  autom4te.cfg
2025-12-13T21:30:53 cd ../lib/m4sugar && /usr/bin/make  version.m4
2025-12-13T21:30:53 rm -f autoheader autoheader.tmp
2025-12-13T21:30:53 rm -f autoreconf autoreconf.tmp
2025-12-13T21:30:53 rm -f ifnames ifnames.tmp
2025-12-13T21:30:53 srcdir='';   test -f ./autom4te.in || srcdir=./;   sed -e 's|@SHELL[@]|/bin/bash|g' -e 's|@PERL[@]|/usr/bin/perl|g' -e 's|@PERL_FLOCK[@]|yes|g' -e 's|@bindir[@]|/home/VuAirOS/buildroot-2021.05/output/host/bin|g' -e 's|@pkgdatadir[@]|/home/VuAirOS/buildroot-2021.05/output/host/share/autoconf|g' -e 's|@prefix[@]|/home/VuAirOS/buildroot-2021.05/output/host|g' -e 's|@autoconf-name[@]|'`echo autoconf | sed 's,x,x,'`'|g' -e 's|@autoheader-name[@]|'`echo autoheader | sed 's,x,x,'`'|g' -e 's|@autom4te-name[@]|'`echo autom4te | sed 's,x,x,'`'|g' -e 's|@M4[@]|/home/VuAirOS/buildroot-2021.05/output/host/bin/m4|g' -e 's|@M4_DEBUGFILE[@]|--debugfile|g' -e 's|@M4_GNU[@]||g' -e 's|@AWK[@]|gawk|g' -e 's|@RELEASE_YEAR[@]|'`sed 's/^([0-9][0-9][0-9][0-9]).*/1/;q' ../ChangeLog`'|g' -e 's|@VERSION[@]|2.69|g' -e 's|@PACKAGE_NAME[@]|GNU Autoconf|g' -e 's|@configure_input[@]|Generated from autom4te.in; do not edit by hand.|g' ${srcdir}autom4te.in >autom4te.tmp
2025-12-13T21:30:53 rm -f autoscan autoscan.tmp
2025-12-13T21:30:53 rm -f autoupdate autoupdate.tmp
2025-12-13T21:30:53 make[4]: Entering directory '/home/VuAirOS/buildroot-2021.05/output/build/host-autoconf-2.69/lib'
2025-12-13T21:30:53 rm -f autom4te.cfg autom4te.tmp
2025-12-13T21:30:53 srcdir='';   test -f ./autoheader.in || srcdir=./;   sed -e 's|@SHELL[@]|/bin/bash|g' -e 's|@PERL[@]|/usr/bin/perl|g' -e 's|@PERL_FLOCK[@]|yes|g' -e 's|@bindir[@]|/home/VuAirOS/buildroot-2021.05/output/host/bin|g' -e 's|@pkgdatadir[@]|/home/VuAirOS/buildroot-2021.05/output/host/share/autoconf|g' -e 's|@prefix[@]|/home/VuAirOS/buildroot-2021.05/output/host|g' -e 's|@autoconf-name[@]|'`echo autoconf | sed 's,x,x,'`'|g' -e 's|@autoheader-name[@]|'`echo autoheader | sed 's,x,x,'`'|g' -e 's|@autom4te-name[@]|'`echo autom4te | sed 's,x,x,'`'|g' -e 's|@M4[@]|/home/VuAirOS/buildroot-2021.05/output/host/bin/m4|g' -e 's|@M4_DEBUGFILE[@]|--debugfile|g' -e 's|@M4_GNU[@]||g' -e 's|@AWK[@]|gawk|g' -e 's|@RELEASE_YEAR[@]|'`sed 's/^([0-9][0-9][0-9][0-9]).*/1/;q' ../ChangeLog`'|g' -e 's|@VERSION[@]|2.69|g' -e 's|@PACKAGE_NAME[@]|GNU Autoconf|g' -e 's|@configure_input[@]|Generated from autoheader.in; do not edit by hand.|g' ${srcdir}autoheader.in >autoheader.tmp
2025-12-13T21:30:53 srcdir='';   test -f ./autoreconf.in || srcdir=./;   sed -e 's|@SHELL[@]|/bin/bash|g' -e 's|@PERL[@]|/usr/bin/perl|g' -e 's|@PERL_FLOCK[@]|yes|g' -e 's|@bindir[@]|/home/VuAirOS/buildroot-2021.05/output/host/bin|g' -e 's|@pkgdatadir[@]|/home/VuAirOS/buildroot-2021.05/output/host/share/autoconf|g' -e 's|@prefix[@]|/home/VuAirOS/buildroot-2021.05/output/host|g' -e 's|@autoconf-name[@]|'`echo autoconf | sed 's,x,x,'`'|g' -e 's|@autoheader-name[@]|'`echo autoheader | sed 's,x,x,'`'|g' -e 's|@autom4te-name[@]|'`echo autom4te | sed 's,x,x,'`'|g' -e 's|@M4[@]|/home/VuAirOS/buildroot-2021.05/output/host/bin/m4|g' -e 's|@M4_DEBUGFILE[@]|--debugfile|g' -e 's|@M4_GNU[@]||g' -e 's|@AWK[@]|gawk|g' -e 's|@RELEASE_YEAR[@]|'`sed 's/^([0-9][0-9][0-9][0-9]).*/1/;q' ../ChangeLog`'|g' -e 's|@VERSION[@]|2.69|g' -e 's|@PACKAGE_NAME[@]|GNU Autoconf|g' -e 's|@configure_input[@]|Generated from autoreconf.in; do not edit by hand.|g' ${srcdir}autoreconf.in >autoreconf.tmp
2025-12-13T21:30:53 make[4]: Entering directory '/home/VuAirOS/buildroot-2021.05/output/build/host-autoconf-2.69/lib/m4sugar'
2025-12-13T21:30:53 :;{   echo '# This file is part of -*- Autoconf -*-.' &&   echo '# Version of Autoconf.' &&   echo '# Copyright (C) 1999, 2000, 2001, 2002, 2006, 2007, 2009' &&   echo '# Free Software Foundation, Inc.' &&   echo  &&  echo 'm4_define([m4_PACKAGE_NAME],      [GNU Autoconf])' &&   echo 'm4_define([m4_PACKAGE_TARNAME],   [autoconf])' &&   echo 'm4_define([m4_PACKAGE_VERSION],   [2.69])' &&   echo 'm4_define([m4_PACKAGE_STRING],    [GNU Autoconf 2.69])' &&   echo 'm4_define([m4_PACKAGE_BUGREPORT], [bug-autoconf@gnu.org])' &&   echo 'm4_define([m4_PACKAGE_URL],       [http://www.gnu.org/software/autoconf/])' &&   echo 'm4_define([m4_PACKAGE_YEAR],      ['`sed 's/^([0-9][0-9][0-9][0-9]).*/1/;q' ../../ChangeLog`'])'; } > version.m4-t
2025-12-13T21:30:53 srcdir='';   test -f ./ifnames.in || srcdir=./;   sed -e 's|@SHELL[@]|/bin/bash|g' -e 's|@PERL[@]|/usr/bin/perl|g' -e 's|@PERL_FLOCK[@]|yes|g' -e 's|@bindir[@]|/home/VuAirOS/buildroot-2021.05/output/host/bin|g' -e 's|@pkgdatadir[@]|/home/VuAirOS/buildroot-2021.05/output/host/share/autoconf|g' -e 's|@prefix[@]|/home/VuAirOS/buildroot-2021.05/output/host|g' -e 's|@autoconf-name[@]|'`echo autoconf | sed 's,x,x,'`'|g' -e 's|@autoheader-name[@]|'`echo autoheader | sed 's,x,x,'`'|g' -e 's|@autom4te-name[@]|'`echo autom4te | sed 's,x,x,'`'|g' -e 's|@M4[@]|/home/VuAirOS/buildroot-2021.05/output/host/bin/m4|g' -e 's|@M4_DEBUGFILE[@]|--debugfile|g' -e 's|@M4_GNU[@]||g' -e 's|@AWK[@]|gawk|g' -e 's|@RELEASE_YEAR[@]|'`sed 's/^([0-9][0-9][0-9][0-9]).*/1/;q' ../ChangeLog`'|g' -e 's|@VERSION[@]|2.69|g' -e 's|@PACKAGE_NAME[@]|GNU Autoconf|g' -e 's|@configure_input[@]|Generated from ifnames.in; do not edit by hand.|g' ${srcdir}ifnames.in >ifnames.tmp
2025-12-13T21:30:53 srcdir='';   test -f ./autoscan.in || srcdir=./;   sed -e 's|@SHELL[@]|/bin/bash|g' -e 's|@PERL[@]|/usr/bin/perl|g' -e 's|@PERL_FLOCK[@]|yes|g' -e 's|@bindir[@]|/home/VuAirOS/buildroot-2021.05/output/host/bin|g' -e 's|@pkgdatadir[@]|/home/VuAirOS/buildroot-2021.05/output/host/share/autoconf|g' -e 's|@prefix[@]|/home/VuAirOS/buildroot-2021.05/output/host|g' -e 's|@autoconf-name[@]|'`echo autoconf | sed 's,x,x,'`'|g' -e 's|@autoheader-name[@]|'`echo autoheader | sed 's,x,x,'`'|g' -e 's|@autom4te-name[@]|'`echo autom4te | sed 's,x,x,'`'|g' -e 's|@M4[@]|/home/VuAirOS/buildroot-2021.05/output/host/bin/m4|g' -e 's|@M4_DEBUGFILE[@]|--debugfile|g' -e 's|@M4_GNU[@]||g' -e 's|@AWK[@]|gawk|g' -e 's|@RELEASE_YEAR[@]|'`sed 's/^([0-9][0-9][0-9][0-9]).*/1/;q' ../ChangeLog`'|g' -e 's|@VERSION[@]|2.69|g' -e 's|@PACKAGE_NAME[@]|GNU Autoconf|g' -e 's|@configure_input[@]|Generated from autoscan.in; do not edit by hand.|g' ${srcdir}autoscan.in >autoscan.tmp
2025-12-13T21:30:53 sed -e 's|@SHELL[@]|/bin/bash|g' -e 's|@PERL[@]|/usr/bin/perl|g' -e 's|@bindir[@]|/home/VuAirOS/buildroot-2021.05/output/host/bin|g' -e 's|@pkgdatadir[@]|/home/VuAirOS/buildroot-2021.05/output/host/share/autoconf|g' -e 's|@prefix[@]|/home/VuAirOS/buildroot-2021.05/output/host|g' -e 's|@autoconf-name[@]|'`echo autoconf | sed 's,x,x,'`'|g' -e 's|@autoheader-name[@]|'`echo autoheader | sed 's,x,x,'`'|g' -e 's|@autom4te-name[@]|'`echo autom4te | sed 's,x,x,'`'|g' -e 's|@M4[@]|/home/VuAirOS/buildroot-2021.05/output/host/bin/m4|g' -e 's|@AWK[@]|gawk|g' -e 's|@VERSION[@]|2.69|g' -e 's|@PACKAGE_NAME[@]|GNU Autoconf|g' ./autom4te.in >autom4te.tmp
2025-12-13T21:30:53 srcdir='';   test -f ./autoupdate.in || srcdir=./;   sed -e 's|@SHELL[@]|/bin/bash|g' -e 's|@PERL[@]|/usr/bin/perl|g' -e 's|@PERL_FLOCK[@]|yes|g' -e 's|@bindir[@]|/home/VuAirOS/buildroot-2021.05/output/host/bin|g' -e 's|@pkgdatadir[@]|/home/VuAirOS/buildroot-2021.05/output/host/share/autoconf|g' -e 's|@prefix[@]|/home/VuAirOS/buildroot-2021.05/output/host|g' -e 's|@autoconf-name[@]|'`echo autoconf | sed 's,x,x,'`'|g' -e 's|@autoheader-name[@]|'`echo autoheader | sed 's,x,x,'`'|g' -e 's|@autom4te-name[@]|'`echo autom4te | sed 's,x,x,'`'|g' -e 's|@M4[@]|/home/VuAirOS/buildroot-2021.05/output/host/bin/m4|g' -e 's|@M4_DEBUGFILE[@]|--debugfile|g' -e 's|@M4_GNU[@]||g' -e 's|@AWK[@]|gawk|g' -e 's|@RELEASE_YEAR[@]|'`sed 's/^([0-9][0-9][0-9][0-9]).*/1/;q' ../ChangeLog`'|g' -e 's|@VERSION[@]|2.69|g' -e 's|@PACKAGE_NAME[@]|GNU Autoconf|g' -e 's|@configure_input[@]|Generated from autoupdate.in; do not edit by hand.|g' ${srcdir}autoupdate.in >autoupdate.tmp
2025-12-13T21:30:53 mv version.m4-t version.m4
2025-12-13T21:30:53 make[4]: Leaving directory '/home/VuAirOS/buildroot-2021.05/output/build/host-autoconf-2.69/lib/m4sugar'
2025-12-13T21:30:53 chmod a-w autom4te.tmp
2025-12-13T21:30:53 chmod +x autom4te.tmp
2025-12-13T21:30:53 chmod +x ifnames.tmp
2025-12-13T21:30:53 mv autom4te.tmp autom4te.cfg
2025-12-13T21:30:53 chmod a-w autom4te.tmp
2025-12-13T21:30:53 chmod +x autoreconf.tmp
2025-12-13T21:30:53 chmod +x autoscan.tmp
2025-12-13T21:30:53 chmod a-w ifnames.tmp
2025-12-13T21:30:53 chmod +x autoheader.tmp
2025-12-13T21:30:53 make[4]: Leaving directory '/home/VuAirOS/buildroot-2021.05/output/build/host-autoconf-2.69/lib'
2025-12-13T21:30:53 chmod +x autoupdate.tmp
2025-12-13T21:30:53 mv autom4te.tmp autom4te
2025-12-13T21:30:53 chmod a-w autoreconf.tmp
2025-12-13T21:30:53 chmod a-w autoscan.tmp
2025-12-13T21:30:53 mv ifnames.tmp ifnames
2025-12-13T21:30:53 chmod a-w autoheader.tmp
2025-12-13T21:30:53 chmod a-w autoupdate.tmp
2025-12-13T21:30:53 mv autoreconf.tmp autoreconf
2025-12-13T21:30:53 mv autoscan.tmp autoscan
2025-12-13T21:30:53 autom4te_perllibdir='..'/lib AUTOM4TE_CFG='../lib/autom4te.cfg'         ../bin/autom4te -B '..'/lib -B '..'/lib         --language M4sh --cache '' --melt ./autoconf.as -o autoconf.in
2025-12-13T21:30:53 mv autoupdate.tmp autoupdate
2025-12-13T21:30:53 mv autoheader.tmp autoheader
2025-12-13T21:30:53 rm -f autoconf autoconf.tmp
2025-12-13T21:30:53 srcdir='';   test -f ./autoconf.in || srcdir=./;   sed -e 's|@SHELL[@]|/bin/bash|g' -e 's|@PERL[@]|/usr/bin/perl|g' -e 's|@PERL_FLOCK[@]|yes|g' -e 's|@bindir[@]|/home/VuAirOS/buildroot-2021.05/output/host/bin|g' -e 's|@pkgdatadir[@]|/home/VuAirOS/buildroot-2021.05/output/host/share/autoconf|g' -e 's|@prefix[@]|/home/VuAirOS/buildroot-2021.05/output/host|g' -e 's|@autoconf-name[@]|'`echo autoconf | sed 's,x,x,'`'|g' -e 's|@autoheader-name[@]|'`echo autoheader | sed 's,x,x,'`'|g' -e 's|@autom4te-name[@]|'`echo autom4te | sed 's,x,x,'`'|g' -e 's|@M4[@]|/home/VuAirOS/buildroot-2021.05/output/host/bin/m4|g' -e 's|@M4_DEBUGFILE[@]|--debugfile|g' -e 's|@M4_GNU[@]||g' -e 's|@AWK[@]|gawk|g' -e 's|@RELEASE_YEAR[@]|'`sed 's/^([0-9][0-9][0-9][0-9]).*/1/;q' ../ChangeLog`'|g' -e 's|@VERSION[@]|2.69|g' -e 's|@PACKAGE_NAME[@]|GNU Autoconf|g' -e 's|@configure_input[@]|Generated from autoconf.in; do not edit by hand.|g' ${srcdir}autoconf.in >autoconf.tmp
2025-12-13T21:30:53 chmod +x autoconf.tmp
2025-12-13T21:30:53 chmod a-w autoconf.tmp
2025-12-13T21:30:53 mv autoconf.tmp autoconf
2025-12-13T21:30:53 make[3]: Leaving directory '/home/VuAirOS/buildroot-2021.05/output/build/host-autoconf-2.69/bin'
2025-12-13T21:30:53 Making all in .
2025-12-13T21:30:53 make[3]: Entering directory '/home/VuAirOS/buildroot-2021.05/output/build/host-autoconf-2.69'
2025-12-13T21:30:53 make[3]: Nothing to be done for 'all-am'.
2025-12-13T21:30:53 make[3]: Leaving directory '/home/VuAirOS/buildroot-2021.05/output/build/host-autoconf-2.69'
2025-12-13T21:30:53 Making all in lib
2025-12-13T21:30:53 make[3]: Entering directory '/home/VuAirOS/buildroot-2021.05/output/build/host-autoconf-2.69/lib'
2025-12-13T21:30:53 Making all in Autom4te
2025-12-13T21:30:53 make[4]: Entering directory '/home/VuAirOS/buildroot-2021.05/output/build/host-autoconf-2.69/lib/Autom4te'
2025-12-13T21:30:53 make[4]: Nothing to be done for 'all'.
2025-12-13T21:30:53 make[4]: Leaving directory '/home/VuAirOS/buildroot-2021.05/output/build/host-autoconf-2.69/lib/Autom4te'
2025-12-13T21:30:53 Making all in m4sugar
2025-12-13T21:30:53 make[4]: Entering directory '/home/VuAirOS/buildroot-2021.05/output/build/host-autoconf-2.69/lib/m4sugar'
2025-12-13T21:30:53 autom4te_perllibdir='../..'/lib AUTOM4TE_CFG='../../lib/autom4te.cfg'         ../../bin/autom4te -B '../..'/lib -B '../..'/lib        					--language=m4sugar				--freeze				--output=m4sugar.m4f
2025-12-13T21:30:53 autom4te_perllibdir='../..'/lib AUTOM4TE_CFG='../../lib/autom4te.cfg'         ../../bin/autom4te -B '../..'/lib -B '../..'/lib        					--language=m4sh				--freeze				--output=m4sh.m4f
2025-12-13T21:30:53 make[4]: Leaving directory '/home/VuAirOS/buildroot-2021.05/output/build/host-autoconf-2.69/lib/m4sugar'
2025-12-13T21:30:53 Making all in autoconf
2025-12-13T21:30:53 make[4]: Entering directory '/home/VuAirOS/buildroot-2021.05/output/build/host-autoconf-2.69/lib/autoconf'
2025-12-13T21:30:53 autom4te_perllibdir='../..'/lib AUTOM4TE_CFG='../../lib/autom4te.cfg'         ../../bin/autom4te -B '../..'/lib -B '../..'/lib        					--language=autoconf				--freeze				--output=autoconf.m4f
2025-12-13T21:30:53 make[4]: Leaving directory '/home/VuAirOS/buildroot-2021.05/output/build/host-autoconf-2.69/lib/autoconf'
2025-12-13T21:30:53 Making all in autotest
2025-12-13T21:30:53 make[4]: Entering directory '/home/VuAirOS/buildroot-2021.05/output/build/host-autoconf-2.69/lib/autotest'
2025-12-13T21:30:53 autom4te_perllibdir='../..'/lib AUTOM4TE_CFG='../../lib/autom4te.cfg'         ../../bin/autom4te -B '../..'/lib -B '../..'/lib        					--language=autotest				--freeze				--output=autotest.m4f
2025-12-13T21:30:54 make[4]: Leaving directory '/home/VuAirOS/buildroot-2021.05/output/build/host-autoconf-2.69/lib/autotest'
2025-12-13T21:30:54 Making all in autoscan
2025-12-13T21:30:54 make[4]: Entering directory '/home/VuAirOS/buildroot-2021.05/output/build/host-autoconf-2.69/lib/autoscan'
2025-12-13T21:30:54 echo '# Automatically Generated: do not edit this file' >autoscan.list
2025-12-13T21:30:54 sed '/^[#]/!q' ./autoscan.pre                  >>autoscan.list
2025-12-13T21:30:54 (   sed -n '/^[^#]/p' ./autoscan.pre;   autom4te_perllibdir='../..'/lib AUTOM4TE_CFG='../../lib/autom4te.cfg'         ../../bin/autom4te -B '../..'/lib -B '../..'/lib         --cache '' -M -l autoconf -t'AN_OUTPUT:$1: $2		$3' ) | LC_ALL=C sort                                      >>autoscan.list
2025-12-13T21:30:54 make[4]: Leaving directory '/home/VuAirOS/buildroot-2021.05/output/build/host-autoconf-2.69/lib/autoscan'
2025-12-13T21:30:54 Making all in emacs
2025-12-13T21:30:54 make[4]: Entering directory '/home/VuAirOS/buildroot-2021.05/output/build/host-autoconf-2.69/lib/emacs'
2025-12-13T21:30:54 WARNING: Warnings can be ignored. :-)
2025-12-13T21:30:54 if test "no" != no; then   set x;   list='autoconf-mode.el autotest-mode.el'; for p in $list; do     if test -f "$p"; then d=; else d="./"; fi;     set x "$@" "$d$p"; shift;   done;   shift;   EMACS="no" /bin/bash ../../build-aux/elisp-comp "$@" || exit 1; else : ; fi
2025-12-13T21:30:54 make[4]: Leaving directory '/home/VuAirOS/buildroot-2021.05/output/build/host-autoconf-2.69/lib/emacs'
2025-12-13T21:30:54 make[4]: Entering directory '/home/VuAirOS/buildroot-2021.05/output/build/host-autoconf-2.69/lib'
2025-12-13T21:30:54 make[4]: Nothing to be done for 'all-am'.
2025-12-13T21:30:54 make[4]: Leaving directory '/home/VuAirOS/buildroot-2021.05/output/build/host-autoconf-2.69/lib'
2025-12-13T21:30:54 make[3]: Leaving directory '/home/VuAirOS/buildroot-2021.05/output/build/host-autoconf-2.69/lib'
2025-12-13T21:30:54 Making all in doc
2025-12-13T21:30:54 make[3]: Entering directory '/home/VuAirOS/buildroot-2021.05/output/build/host-autoconf-2.69/doc'
2025-12-13T21:30:54 make[3]: Nothing to be done for 'all'.
2025-12-13T21:30:54 make[3]: Leaving directory '/home/VuAirOS/buildroot-2021.05/output/build/host-autoconf-2.69/doc'
2025-12-13T21:30:54 Making all in tests
2025-12-13T21:30:54 make[3]: Entering directory '/home/VuAirOS/buildroot-2021.05/output/build/host-autoconf-2.69/tests'
2025-12-13T21:30:54 autom4te_perllibdir='..'/lib AUTOM4TE_CFG='../lib/autom4te.cfg'         ../bin/autom4te -B '..'/lib -B '..'/lib         --language=M4sh ./wrapper.as -o wrapper.in
2025-12-13T21:30:54 rm -f autoconf autoconf.tmp
2025-12-13T21:30:54 rm -f autoheader autoheader.tmp
2025-12-13T21:30:54 rm -f autom4te autom4te.tmp
2025-12-13T21:30:54 rm -f autoreconf autoreconf.tmp
2025-12-13T21:30:54 rm -f autoscan autoscan.tmp
2025-12-13T21:30:54 input=wrapper.in; sed -e 's|@wrap_program[@]|autoconf|g' -e 's|@abs_top_srcdir[@]|/home/VuAirOS/buildroot-2021.05/output/build/host-autoconf-2.69|g' -e 's|@abs_top_builddir[@]|/home/VuAirOS/buildroot-2021.05/output/build/host-autoconf-2.69|g' -e "s|@configure_input[@]|Generated from $input.|g" wrapper.in >autoconf.tmp
2025-12-13T21:30:54 rm -f autoupdate autoupdate.tmp
2025-12-13T21:30:54 input=wrapper.in; sed -e 's|@wrap_program[@]|autoheader|g' -e 's|@abs_top_srcdir[@]|/home/VuAirOS/buildroot-2021.05/output/build/host-autoconf-2.69|g' -e 's|@abs_top_builddir[@]|/home/VuAirOS/buildroot-2021.05/output/build/host-autoconf-2.69|g' -e "s|@configure_input[@]|Generated from $input.|g" wrapper.in >autoheader.tmp
2025-12-13T21:30:54 rm -f ifnames ifnames.tmp
2025-12-13T21:30:54 input=wrapper.in; sed -e 's|@wrap_program[@]|autom4te|g' -e 's|@abs_top_srcdir[@]|/home/VuAirOS/buildroot-2021.05/output/build/host-autoconf-2.69|g' -e 's|@abs_top_builddir[@]|/home/VuAirOS/buildroot-2021.05/output/build/host-autoconf-2.69|g' -e "s|@configure_input[@]|Generated from $input.|g" wrapper.in >autom4te.tmp
2025-12-13T21:30:54 input=wrapper.in; sed -e 's|@wrap_program[@]|autoreconf|g' -e 's|@abs_top_srcdir[@]|/home/VuAirOS/buildroot-2021.05/output/build/host-autoconf-2.69|g' -e 's|@abs_top_builddir[@]|/home/VuAirOS/buildroot-2021.05/output/build/host-autoconf-2.69|g' -e "s|@configure_input[@]|Generated from $input.|g" wrapper.in >autoreconf.tmp
2025-12-13T21:30:54 input=wrapper.in; sed -e 's|@wrap_program[@]|autoscan|g' -e 's|@abs_top_srcdir[@]|/home/VuAirOS/buildroot-2021.05/output/build/host-autoconf-2.69|g' -e 's|@abs_top_builddir[@]|/home/VuAirOS/buildroot-2021.05/output/build/host-autoconf-2.69|g' -e "s|@configure_input[@]|Generated from $input.|g" wrapper.in >autoscan.tmp
2025-12-13T21:30:54 input=wrapper.in; sed -e 's|@wrap_program[@]|autoupdate|g' -e 's|@abs_top_srcdir[@]|/home/VuAirOS/buildroot-2021.05/output/build/host-autoconf-2.69|g' -e 's|@abs_top_builddir[@]|/home/VuAirOS/buildroot-2021.05/output/build/host-autoconf-2.69|g' -e "s|@configure_input[@]|Generated from $input.|g" wrapper.in >autoupdate.tmp
2025-12-13T21:30:54 input=wrapper.in; sed -e 's|@wrap_program[@]|ifnames|g' -e 's|@abs_top_srcdir[@]|/home/VuAirOS/buildroot-2021.05/output/build/host-autoconf-2.69|g' -e 's|@abs_top_builddir[@]|/home/VuAirOS/buildroot-2021.05/output/build/host-autoconf-2.69|g' -e "s|@configure_input[@]|Generated from $input.|g" wrapper.in >ifnames.tmp
2025-12-13T21:30:54 chmod +x autoconf.tmp
2025-12-13T21:30:54 chmod +x autoheader.tmp
2025-12-13T21:30:54 chmod +x autom4te.tmp
2025-12-13T21:30:54 chmod a-w autoconf.tmp
2025-12-13T21:30:54 chmod +x autoreconf.tmp
2025-12-13T21:30:54 chmod +x autoscan.tmp
2025-12-13T21:30:54 chmod a-w autoheader.tmp
2025-12-13T21:30:54 chmod a-w autom4te.tmp
2025-12-13T21:30:54 chmod +x autoupdate.tmp
2025-12-13T21:30:54 chmod +x ifnames.tmp
2025-12-13T21:30:54 mv -f autoconf.tmp autoconf
2025-12-13T21:30:54 chmod a-w autoreconf.tmp
2025-12-13T21:30:54 chmod a-w autoscan.tmp
2025-12-13T21:30:54 mv -f autoheader.tmp autoheader
2025-12-13T21:30:54 mv -f autom4te.tmp autom4te
2025-12-13T21:30:54 chmod a-w autoupdate.tmp
2025-12-13T21:30:54 chmod a-w ifnames.tmp
2025-12-13T21:30:54 mv -f autoreconf.tmp autoreconf
2025-12-13T21:30:54 mv -f autoscan.tmp autoscan
2025-12-13T21:30:54 mv -f autoupdate.tmp autoupdate
2025-12-13T21:30:54 mv -f ifnames.tmp ifnames
2025-12-13T21:30:54 make[3]: Leaving directory '/home/VuAirOS/buildroot-2021.05/output/build/host-autoconf-2.69/tests'
2025-12-13T21:30:54 Making all in man
2025-12-13T21:30:54 make[3]: Entering directory '/home/VuAirOS/buildroot-2021.05/output/build/host-autoconf-2.69/man'
2025-12-13T21:30:54 Updating man page config.guess.1
2025-12-13T21:30:54 PATH="../tests:../build-aux:$PATH"; export PATH; /bin/bash /home/VuAirOS/buildroot-2021.05/output/build/host-autoconf-2.69/build-aux/missing --run help2man     --include=config.guess.x     --include=./common.x     --source='GNU Autoconf 2.69'     --output=config.guess.1.t `echo 'config.guess' | sed 's,.*/,,'`
2025-12-13T21:30:54 Updating man page config.sub.1
2025-12-13T21:30:54 PATH="../tests:../build-aux:$PATH"; export PATH; /bin/bash /home/VuAirOS/buildroot-2021.05/output/build/host-autoconf-2.69/build-aux/missing --run help2man     --include=config.sub.x     --include=./common.x     --source='GNU Autoconf 2.69'     --output=config.sub.1.t `echo 'config.sub' | sed 's,.*/,,'`
2025-12-13T21:30:54 /home/VuAirOS/buildroot-2021.05/output/build/host-autoconf-2.69/build-aux/missing: line 51: help2man: command not found
2025-12-13T21:30:54 /home/VuAirOS/buildroot-2021.05/output/build/host-autoconf-2.69/build-aux/missing: line 51: help2man: command not found
2025-12-13T21:30:54 WARNING: 'help2man' is missing on your system.  You should only need it if
2025-12-13T21:30:54 you modified a dependency of a manual page.  You may need the
2025-12-13T21:30:54 Help2man package in order for those modifications to take
2025-12-13T21:30:54 effect.  You can get Help2man from any GNU archive site.
2025-12-13T21:30:54 WARNING: 'help2man' is missing on your system.  You should only need it if
2025-12-13T21:30:54 you modified a dependency of a manual page.  You may need the
2025-12-13T21:30:54 Help2man package in order for those modifications to take
2025-12-13T21:30:54 effect.  You can get Help2man from any GNU archive site.
2025-12-13T21:30:54 if sed 's/^(.TH[^"]*"[^"]*"[^"]*)"[^"]*"/1/' config.guess.1 >config.guess.1a.t 2>/dev/null &&    sed 's/^(.TH[^"]*"[^"]*"[^"]*)"[^"]*"/1/' config.guess.1.t | cmp config.guess.1a.t - >/dev/null 2>&1; then 	touch config.guess.1; else 	mv config.guess.1.t config.guess.1; fi
2025-12-13T21:30:54 if sed 's/^(.TH[^"]*"[^"]*"[^"]*)"[^"]*"/1/' config.sub.1 >config.sub.1a.t 2>/dev/null &&    sed 's/^(.TH[^"]*"[^"]*"[^"]*)"[^"]*"/1/' config.sub.1.t | cmp config.sub.1a.t - >/dev/null 2>&1; then 	touch config.sub.1; else 	mv config.sub.1.t config.sub.1; fi
2025-12-13T21:30:54 rm -f config.sub.1*.t
2025-12-13T21:30:54 rm -f config.guess.1*.t
2025-12-13T21:30:54 make[3]: Leaving directory '/home/VuAirOS/buildroot-2021.05/output/build/host-autoconf-2.69/man'
2025-12-13T21:30:54 make[2]: Leaving directory '/home/VuAirOS/buildroot-2021.05/output/build/host-autoconf-2.69'
2025-12-13T21:30:54 make[1]: Leaving directory '/home/VuAirOS/buildroot-2021.05/output/build/host-autoconf-2.69'
2025-12-13T21:30:54 [7m>>> host-autoconf 2.69 Installing to host directory[27m
2025-12-13T21:30:54 PATH="/home/VuAirOS/buildroot-2021.05/output/host/bin:/home/VuAirOS/buildroot-2021.05/output/host/sbin:/usr/local/sbin:/usr/local/bin:/usr/sbin:/usr/bin:/sbin:/bin:/usr/games:/usr/local/games:/usr/lib/wsl/lib" PKG_CONFIG="/home/VuAirOS/buildroot-2021.05/output/host/bin/pkg-config" PKG_CONFIG_SYSROOT_DIR="/" PKG_CONFIG_ALLOW_SYSTEM_CFLAGS=1 PKG_CONFIG_ALLOW_SYSTEM_LIBS=1 PKG_CONFIG_LIBDIR="/home/VuAirOS/buildroot-2021.05/output/host/lib/pkgconfig:/home/VuAirOS/buildroot-2021.05/output/host/share/pkgconfig"  /usr/bin/make  install -C /home/VuAirOS/buildroot-2021.05/output/build/host-autoconf-2.69/
2025-12-13T21:30:54 make[1]: Entering directory '/home/VuAirOS/buildroot-2021.05/output/build/host-autoconf-2.69'
2025-12-13T21:30:54 /usr/bin/make  install-recursive
2025-12-13T21:30:54 make[2]: Entering directory '/home/VuAirOS/buildroot-2021.05/output/build/host-autoconf-2.69'
2025-12-13T21:30:54 Making install in bin
2025-12-13T21:30:54 make[3]: Entering directory '/home/VuAirOS/buildroot-2021.05/output/build/host-autoconf-2.69/bin'
2025-12-13T21:30:54 make[4]: Entering directory '/home/VuAirOS/buildroot-2021.05/output/build/host-autoconf-2.69/bin'
2025-12-13T21:30:54 test -z "/home/VuAirOS/buildroot-2021.05/output/host/bin" || /usr/bin/mkdir -p "/home/VuAirOS/buildroot-2021.05/output/host/bin"
2025-12-13T21:30:54 make[4]: Nothing to be done for 'install-data-am'.
2025-12-13T21:30:54 /usr/bin/install -c autom4te autoconf autoheader autoreconf ifnames autoscan autoupdate '/home/VuAirOS/buildroot-2021.05/output/host/bin'
2025-12-13T21:30:54 make[4]: Leaving directory '/home/VuAirOS/buildroot-2021.05/output/build/host-autoconf-2.69/bin'
2025-12-13T21:30:54 make[3]: Leaving directory '/home/VuAirOS/buildroot-2021.05/output/build/host-autoconf-2.69/bin'
2025-12-13T21:30:54 Making install in .
2025-12-13T21:30:54 make[3]: Entering directory '/home/VuAirOS/buildroot-2021.05/output/build/host-autoconf-2.69'
2025-12-13T21:30:54 make[4]: Entering directory '/home/VuAirOS/buildroot-2021.05/output/build/host-autoconf-2.69'
2025-12-13T21:30:54 make[4]: Nothing to be done for 'install-exec-am'.
2025-12-13T21:30:54 test -z "/home/VuAirOS/buildroot-2021.05/output/host/share/autoconf" || /usr/bin/mkdir -p "/home/VuAirOS/buildroot-2021.05/output/host/share/autoconf"
2025-12-13T21:30:54 /usr/bin/install -c -m 644 ./INSTALL '/home/VuAirOS/buildroot-2021.05/output/host/share/autoconf'
2025-12-13T21:30:54 make[4]: Leaving directory '/home/VuAirOS/buildroot-2021.05/output/build/host-autoconf-2.69'
2025-12-13T21:30:54 make[3]: Leaving directory '/home/VuAirOS/buildroot-2021.05/output/build/host-autoconf-2.69'
2025-12-13T21:30:54 Making install in lib
2025-12-13T21:30:54 make[3]: Entering directory '/home/VuAirOS/buildroot-2021.05/output/build/host-autoconf-2.69/lib'
2025-12-13T21:30:54 Making install in Autom4te
2025-12-13T21:30:54 make[4]: Entering directory '/home/VuAirOS/buildroot-2021.05/output/build/host-autoconf-2.69/lib/Autom4te'
2025-12-13T21:30:54 make[5]: Entering directory '/home/VuAirOS/buildroot-2021.05/output/build/host-autoconf-2.69/lib/Autom4te'
2025-12-13T21:30:54 make[5]: Nothing to be done for 'install-exec-am'.
2025-12-13T21:30:54 test -z "/home/VuAirOS/buildroot-2021.05/output/host/share/autoconf/Autom4te" || /usr/bin/mkdir -p "/home/VuAirOS/buildroot-2021.05/output/host/share/autoconf/Autom4te"
2025-12-13T21:30:54 /usr/bin/install -c -m 644 C4che.pm ChannelDefs.pm Channels.pm Configure_ac.pm FileUtils.pm General.pm Getopt.pm Request.pm XFile.pm '/home/VuAirOS/buildroot-2021.05/output/host/share/autoconf/Autom4te'
2025-12-13T21:30:54 make[5]: Leaving directory '/home/VuAirOS/buildroot-2021.05/output/build/host-autoconf-2.69/lib/Autom4te'
2025-12-13T21:30:54 make[4]: Leaving directory '/home/VuAirOS/buildroot-2021.05/output/build/host-autoconf-2.69/lib/Autom4te'
2025-12-13T21:30:54 Making install in m4sugar
2025-12-13T21:30:54 make[4]: Entering directory '/home/VuAirOS/buildroot-2021.05/output/build/host-autoconf-2.69/lib/m4sugar'
2025-12-13T21:30:54 make[5]: Entering directory '/home/VuAirOS/buildroot-2021.05/output/build/host-autoconf-2.69/lib/m4sugar'
2025-12-13T21:30:54 make[5]: Nothing to be done for 'install-exec-am'.
2025-12-13T21:30:54 test -z "/home/VuAirOS/buildroot-2021.05/output/host/share/autoconf/m4sugar" || /usr/bin/mkdir -p "/home/VuAirOS/buildroot-2021.05/output/host/share/autoconf/m4sugar"
2025-12-13T21:30:54 test -z "/home/VuAirOS/buildroot-2021.05/output/host/share/autoconf/m4sugar" || /usr/bin/mkdir -p "/home/VuAirOS/buildroot-2021.05/output/host/share/autoconf/m4sugar"
2025-12-13T21:30:54 /usr/bin/install -c -m 644 m4sugar.m4 foreach.m4 m4sh.m4 '/home/VuAirOS/buildroot-2021.05/output/host/share/autoconf/m4sugar'
2025-12-13T21:30:54 /usr/bin/install -c -m 644 version.m4 m4sugar.m4f m4sh.m4f '/home/VuAirOS/buildroot-2021.05/output/host/share/autoconf/m4sugar'
2025-12-13T21:30:54 make[5]: Leaving directory '/home/VuAirOS/buildroot-2021.05/output/build/host-autoconf-2.69/lib/m4sugar'
2025-12-13T21:30:54 make[4]: Leaving directory '/home/VuAirOS/buildroot-2021.05/output/build/host-autoconf-2.69/lib/m4sugar'
2025-12-13T21:30:54 Making install in autoconf
2025-12-13T21:30:54 make[4]: Entering directory '/home/VuAirOS/buildroot-2021.05/output/build/host-autoconf-2.69/lib/autoconf'
2025-12-13T21:30:54 make[5]: Entering directory '/home/VuAirOS/buildroot-2021.05/output/build/host-autoconf-2.69/lib/autoconf'
2025-12-13T21:30:54 make[5]: Nothing to be done for 'install-exec-am'.
2025-12-13T21:30:54 test -z "/home/VuAirOS/buildroot-2021.05/output/host/share/autoconf/autoconf" || /usr/bin/mkdir -p "/home/VuAirOS/buildroot-2021.05/output/host/share/autoconf/autoconf"
2025-12-13T21:30:54 test -z "/home/VuAirOS/buildroot-2021.05/output/host/share/autoconf/autoconf" || /usr/bin/mkdir -p "/home/VuAirOS/buildroot-2021.05/output/host/share/autoconf/autoconf"
2025-12-13T21:30:54 /usr/bin/install -c -m 644 autoconf.m4 general.m4 status.m4 oldnames.m4 specific.m4 autoheader.m4 autoupdate.m4 autotest.m4 autoscan.m4 lang.m4 c.m4 erlang.m4 fortran.m4 functions.m4 go.m4 headers.m4 types.m4 libs.m4 programs.m4 '/home/VuAirOS/buildroot-2021.05/output/host/share/autoconf/autoconf'
2025-12-13T21:30:54 /usr/bin/install -c -m 644 autoconf.m4f '/home/VuAirOS/buildroot-2021.05/output/host/share/autoconf/autoconf'
2025-12-13T21:30:54 make[5]: Leaving directory '/home/VuAirOS/buildroot-2021.05/output/build/host-autoconf-2.69/lib/autoconf'
2025-12-13T21:30:54 make[4]: Leaving directory '/home/VuAirOS/buildroot-2021.05/output/build/host-autoconf-2.69/lib/autoconf'
2025-12-13T21:30:54 Making install in autotest
2025-12-13T21:30:54 make[4]: Entering directory '/home/VuAirOS/buildroot-2021.05/output/build/host-autoconf-2.69/lib/autotest'
2025-12-13T21:30:54 make[5]: Entering directory '/home/VuAirOS/buildroot-2021.05/output/build/host-autoconf-2.69/lib/autotest'
2025-12-13T21:30:54 make[5]: Nothing to be done for 'install-exec-am'.
2025-12-13T21:30:54 test -z "/home/VuAirOS/buildroot-2021.05/output/host/share/autoconf/autotest" || /usr/bin/mkdir -p "/home/VuAirOS/buildroot-2021.05/output/host/share/autoconf/autotest"
2025-12-13T21:30:54 test -z "/home/VuAirOS/buildroot-2021.05/output/host/share/autoconf/autotest" || /usr/bin/mkdir -p "/home/VuAirOS/buildroot-2021.05/output/host/share/autoconf/autotest"
2025-12-13T21:30:54 /usr/bin/install -c -m 644 autotest.m4 general.m4 specific.m4 '/home/VuAirOS/buildroot-2021.05/output/host/share/autoconf/autotest'
2025-12-13T21:30:54 /usr/bin/install -c -m 644 autotest.m4f '/home/VuAirOS/buildroot-2021.05/output/host/share/autoconf/autotest'
2025-12-13T21:30:54 make[5]: Leaving directory '/home/VuAirOS/buildroot-2021.05/output/build/host-autoconf-2.69/lib/autotest'
2025-12-13T21:30:54 make[4]: Leaving directory '/home/VuAirOS/buildroot-2021.05/output/build/host-autoconf-2.69/lib/autotest'
2025-12-13T21:30:54 Making install in autoscan
2025-12-13T21:30:54 make[4]: Entering directory '/home/VuAirOS/buildroot-2021.05/output/build/host-autoconf-2.69/lib/autoscan'
2025-12-13T21:30:54 make[5]: Entering directory '/home/VuAirOS/buildroot-2021.05/output/build/host-autoconf-2.69/lib/autoscan'
2025-12-13T21:30:54 make[5]: Nothing to be done for 'install-exec-am'.
2025-12-13T21:30:54 test -z "/home/VuAirOS/buildroot-2021.05/output/host/share/autoconf/autoscan" || /usr/bin/mkdir -p "/home/VuAirOS/buildroot-2021.05/output/host/share/autoconf/autoscan"
2025-12-13T21:30:54 /usr/bin/install -c -m 644 autoscan.list '/home/VuAirOS/buildroot-2021.05/output/host/share/autoconf/autoscan'
2025-12-13T21:30:54 make[5]: Leaving directory '/home/VuAirOS/buildroot-2021.05/output/build/host-autoconf-2.69/lib/autoscan'
2025-12-13T21:30:54 make[4]: Leaving directory '/home/VuAirOS/buildroot-2021.05/output/build/host-autoconf-2.69/lib/autoscan'
2025-12-13T21:30:54 Making install in emacs
2025-12-13T21:30:54 make[4]: Entering directory '/home/VuAirOS/buildroot-2021.05/output/build/host-autoconf-2.69/lib/emacs'
2025-12-13T21:30:54 make[5]: Entering directory '/home/VuAirOS/buildroot-2021.05/output/build/host-autoconf-2.69/lib/emacs'
2025-12-13T21:30:54 make[5]: Nothing to be done for 'install-exec-am'.
2025-12-13T21:30:54 make[5]: Leaving directory '/home/VuAirOS/buildroot-2021.05/output/build/host-autoconf-2.69/lib/emacs'
2025-12-13T21:30:54 make[4]: Leaving directory '/home/VuAirOS/buildroot-2021.05/output/build/host-autoconf-2.69/lib/emacs'
2025-12-13T21:30:54 make[4]: Entering directory '/home/VuAirOS/buildroot-2021.05/output/build/host-autoconf-2.69/lib'
2025-12-13T21:30:54 make[5]: Entering directory '/home/VuAirOS/buildroot-2021.05/output/build/host-autoconf-2.69/lib'
2025-12-13T21:30:54 make[5]: Nothing to be done for 'install-exec-am'.
2025-12-13T21:30:54 test -z "/home/VuAirOS/buildroot-2021.05/output/host/share/autoconf" || /usr/bin/mkdir -p "/home/VuAirOS/buildroot-2021.05/output/host/share/autoconf"
2025-12-13T21:30:54 /usr/bin/install -c -m 644 autom4te.cfg '/home/VuAirOS/buildroot-2021.05/output/host/share/autoconf'
2025-12-13T21:30:54 make[5]: Leaving directory '/home/VuAirOS/buildroot-2021.05/output/build/host-autoconf-2.69/lib'
2025-12-13T21:30:54 make[4]: Leaving directory '/home/VuAirOS/buildroot-2021.05/output/build/host-autoconf-2.69/lib'
2025-12-13T21:30:54 make[3]: Leaving directory '/home/VuAirOS/buildroot-2021.05/output/build/host-autoconf-2.69/lib'
2025-12-13T21:30:54 Making install in doc
2025-12-13T21:30:54 make[3]: Entering directory '/home/VuAirOS/buildroot-2021.05/output/build/host-autoconf-2.69/doc'
2025-12-13T21:30:54 make[4]: Entering directory '/home/VuAirOS/buildroot-2021.05/output/build/host-autoconf-2.69/doc'
2025-12-13T21:30:54 make[4]: Nothing to be done for 'install-exec-am'.
2025-12-13T21:30:54 test -z "/home/VuAirOS/buildroot-2021.05/output/host/share/info" || /usr/bin/mkdir -p "/home/VuAirOS/buildroot-2021.05/output/host/share/info"
2025-12-13T21:30:54 /usr/bin/install -c -m 644 ./autoconf.info ./standards.info '/home/VuAirOS/buildroot-2021.05/output/host/share/info'
2025-12-13T21:30:54 install-info --info-dir='/home/VuAirOS/buildroot-2021.05/output/host/share/info' '/home/VuAirOS/buildroot-2021.05/output/host/share/info/autoconf.info'
2025-12-13T21:30:54 install-info --info-dir='/home/VuAirOS/buildroot-2021.05/output/host/share/info' '/home/VuAirOS/buildroot-2021.05/output/host/share/info/standards.info'
2025-12-13T21:30:54 make[4]: Leaving directory '/home/VuAirOS/buildroot-2021.05/output/build/host-autoconf-2.69/doc'
2025-12-13T21:30:54 make[3]: Leaving directory '/home/VuAirOS/buildroot-2021.05/output/build/host-autoconf-2.69/doc'
2025-12-13T21:30:54 Making install in tests
2025-12-13T21:30:54 make[3]: Entering directory '/home/VuAirOS/buildroot-2021.05/output/build/host-autoconf-2.69/tests'
2025-12-13T21:30:54 make[4]: Entering directory '/home/VuAirOS/buildroot-2021.05/output/build/host-autoconf-2.69/tests'
2025-12-13T21:30:54 make[4]: Nothing to be done for 'install-exec-am'.
2025-12-13T21:30:54 make[4]: Nothing to be done for 'install-data-am'.
2025-12-13T21:30:54 make[4]: Leaving directory '/home/VuAirOS/buildroot-2021.05/output/build/host-autoconf-2.69/tests'
2025-12-13T21:30:54 make[3]: Leaving directory '/home/VuAirOS/buildroot-2021.05/output/build/host-autoconf-2.69/tests'
2025-12-13T21:30:54 Making install in man
2025-12-13T21:30:54 make[3]: Entering directory '/home/VuAirOS/buildroot-2021.05/output/build/host-autoconf-2.69/man'
2025-12-13T21:30:54 make[4]: Entering directory '/home/VuAirOS/buildroot-2021.05/output/build/host-autoconf-2.69/man'
2025-12-13T21:30:54 make[4]: Nothing to be done for 'install-exec-am'.
2025-12-13T21:30:54 test -z "/home/VuAirOS/buildroot-2021.05/output/host/share/man/man1" || /usr/bin/mkdir -p "/home/VuAirOS/buildroot-2021.05/output/host/share/man/man1"
2025-12-13T21:30:54 /usr/bin/install -c -m 644 ./autoconf.1 ./autoheader.1 ./autom4te.1 ./autoreconf.1 ./autoscan.1 ./autoupdate.1 ./ifnames.1 ./config.guess.1 ./config.sub.1 '/home/VuAirOS/buildroot-2021.05/output/host/share/man/man1'
2025-12-13T21:30:54 make[4]: Leaving directory '/home/VuAirOS/buildroot-2021.05/output/build/host-autoconf-2.69/man'
2025-12-13T21:30:54 make[3]: Leaving directory '/home/VuAirOS/buildroot-2021.05/output/build/host-autoconf-2.69/man'
2025-12-13T21:30:54 make[2]: Leaving directory '/home/VuAirOS/buildroot-2021.05/output/build/host-autoconf-2.69'
2025-12-13T21:30:54 make[1]: Leaving directory '/home/VuAirOS/buildroot-2021.05/output/build/host-autoconf-2.69'
2025-12-13T21:30:54 automake-1.15.1.tar.xz: OK (sha256: af6ba39142220687c500f79b4aa2f181d9b24e4f8d8ec497cea4ba26c64bedaf)
2025-12-13T21:30:54 [7m>>> host-automake 1.15.1 Extracting[27m
2025-12-13T21:30:54 xzcat /home/VuAirOS/buildroot-2021.05/dl/automake/automake-1.15.1.tar.xz | tar --strip-components=1 -C /home/VuAirOS/buildroot-2021.05/output/build/host-automake-1.15.1   -xf -
2025-12-13T21:30:54 [7m>>> host-automake 1.15.1 Patching[27m
2025-12-13T21:30:54 
2025-12-13T21:30:54 Applying 0001-noman.patch using patch:
2025-12-13T21:30:54 patching file Makefile.in
2025-12-13T21:30:54 Hunk #1 succeeded at 3367 (offset -20 lines).
2025-12-13T21:30:54 Hunk #2 succeeded at 3434 (offset -20 lines).
2025-12-13T21:30:54 [7m>>> host-automake 1.15.1 Updating config.sub and config.guess[27m
2025-12-13T21:30:54 for file in config.guess config.sub; do for i in $(find /home/VuAirOS/buildroot-2021.05/output/build/host-automake-1.15.1 -name $file); do cp support/gnuconfig/$file $i; done; done
2025-12-13T21:30:54 [7m>>> host-automake 1.15.1 Patching libtool[27m
2025-12-13T21:30:54 [7m>>> host-automake 1.15.1 Configuring[27m
2025-12-13T21:30:54 (cd /home/VuAirOS/buildroot-2021.05/output/build/host-automake-1.15.1/ && rm -rf config.cache; PATH="/home/VuAirOS/buildroot-2021.05/output/host/bin:/home/VuAirOS/buildroot-2021.05/output/host/sbin:/usr/local/sbin:/usr/local/bin:/usr/sbin:/usr/bin:/sbin:/bin:/usr/games:/usr/local/games:/usr/lib/wsl/lib" PKG_CONFIG="/home/VuAirOS/buildroot-2021.05/output/host/bin/pkg-config" PKG_CONFIG_SYSROOT_DIR="/" PKG_CONFIG_ALLOW_SYSTEM_CFLAGS=1 PKG_CONFIG_ALLOW_SYSTEM_LIBS=1 PKG_CONFIG_LIBDIR="/home/VuAirOS/buildroot-2021.05/output/host/lib/pkgconfig:/home/VuAirOS/buildroot-2021.05/output/host/share/pkgconfig" AR="/usr/bin/ar" AS="/usr/bin/as" LD="/usr/bin/ld" NM="/usr/bin/nm" CC="/usr/bin/gcc" GCC="/usr/bin/gcc" CXX="/usr/bin/g++" CPP="/usr/bin/cpp" OBJCOPY="/usr/bin/objcopy" RANLIB="/usr/bin/ranlib" CPPFLAGS="-I/home/VuAirOS/buildroot-2021.05/output/host/include" CFLAGS="-O2 -I/home/VuAirOS/buildroot-2021.05/output/host/include" CXXFLAGS="-O2 -I/home/VuAirOS/buildroot-2021.05/output/host/include" LDFLAGS="-L/home/VuAirOS/buildroot-2021.05/output/host/lib -Wl,-rpath,/home/VuAirOS/buildroot-2021.05/output/host/lib" INTLTOOL_PERL=/usr/bin/perl CFLAGS="-O2 -I/home/VuAirOS/buildroot-2021.05/output/host/include" LDFLAGS="-L/home/VuAirOS/buildroot-2021.05/output/host/lib -Wl,-rpath,/home/VuAirOS/buildroot-2021.05/output/host/lib"  CONFIG_SITE=/dev/null ./configure --prefix="/home/VuAirOS/buildroot-2021.05/output/host" --sysconfdir="/home/VuAirOS/buildroot-2021.05/output/host/etc" --localstatedir="/home/VuAirOS/buildroot-2021.05/output/host/var" --enable-shared --disable-static --disable-gtk-doc --disable-gtk-doc-html --disable-doc --disable-docs --disable-documentation --disable-debug --with-xmlto=no --with-fop=no --disable-nls --disable-dependency-tracking   )
2025-12-13T21:30:54 configure: WARNING: unrecognized options: --enable-shared, --disable-static, --disable-gtk-doc, --disable-gtk-doc-html, --disable-doc, --disable-docs, --disable-documentation, --disable-debug, --with-xmlto, --with-fop, --disable-nls, --disable-dependency-tracking
2025-12-13T21:30:54 checking whether make supports nested variables... yes
2025-12-13T21:30:54 checking build system type... x86_64-pc-linux-gnu
2025-12-13T21:30:54 checking host system type... x86_64-pc-linux-gnu
2025-12-13T21:30:54 checking for a BSD-compatible install... /usr/bin/install -c
2025-12-13T21:30:54 checking whether build environment is sane... yes
2025-12-13T21:30:54 checking for a thread-safe mkdir -p... /usr/bin/mkdir -p
2025-12-13T21:30:54 checking for gawk... gawk
2025-12-13T21:30:54 checking whether make sets $(MAKE)... yes
2025-12-13T21:30:54 checking whether ln -s works... yes
2025-12-13T21:30:54 checking for perl... /usr/bin/perl
2025-12-13T21:30:54 checking for tex... no
2025-12-13T21:30:54 checking for yacc... yacc
2025-12-13T21:30:54 checking for lex... lex
2025-12-13T21:30:54 checking whether autoconf is installed... yes
2025-12-13T21:30:54 checking whether autoconf works... yes
2025-12-13T21:30:54 checking whether autoconf is recent enough... yes
2025-12-13T21:30:54 checking whether ln works... yes
2025-12-13T21:30:54 checking for grep that handles long lines and -e... /usr/bin/grep
2025-12-13T21:30:54 checking for egrep... /usr/bin/grep -E
2025-12-13T21:30:54 checking for fgrep... /usr/bin/grep -F
2025-12-13T21:30:54 configure: will now look for a sturdy POSIX shell, for our testsuite
2025-12-13T21:30:54 checking for sh... /usr/bin/sh
2025-12-13T21:30:54 checking for sh5... no
2025-12-13T21:30:54 checking for dash... /usr/bin/dash
2025-12-13T21:30:54 checking for ash... no
2025-12-13T21:30:54 checking for bash... /usr/bin/bash
2025-12-13T21:30:54 checking for zsh... no
2025-12-13T21:30:54 checking for ksh... no
2025-12-13T21:30:54 checking for pdksh... no
2025-12-13T21:30:54 checking whether /bin/bash supports $(cmd)... yes
2025-12-13T21:30:54 checking whether /bin/bash supports $((expr))... yes
2025-12-13T21:30:54 checking whether /bin/bash supports ${#var}... yes
2025-12-13T21:30:54 checking whether /bin/bash supports ${var#glob} and ${var%glob}... yes
2025-12-13T21:30:54 checking whether /bin/bash preserves exit traps with "set -e"... yes
2025-12-13T21:30:54 checking whether /bin/bash can define exit traps in a shell function... yes
2025-12-13T21:30:54 checking whether /bin/bash corrupts stderr with "set -x"... no
2025-12-13T21:30:54 checking whether /bin/bash can return early from "dot-sourced" files... yes
2025-12-13T21:30:54 checking whether /bin/bash supports alias named like shell builtins... yes
2025-12-13T21:30:54 checking whether /bin/bash supports "test -e"... yes
2025-12-13T21:30:54 configure: shell /bin/bash is good enough, stop looking
2025-12-13T21:30:54 configure: will use /bin/bash as the testsuite shell
2025-12-13T21:30:54 configure: will now look for generic compilers
2025-12-13T21:30:54 checking whether the C compiler works... yes
2025-12-13T21:30:54 checking for C compiler default output file name... a.out
2025-12-13T21:30:54 checking for suffix of executables...
2025-12-13T21:30:54 checking whether we are cross compiling... no
2025-12-13T21:30:54 checking for suffix of object files... o
2025-12-13T21:30:54 checking whether we are using the GNU C compiler... yes
2025-12-13T21:30:54 checking whether /usr/bin/gcc accepts -g... yes
2025-12-13T21:30:54 checking for /usr/bin/gcc option to accept ISO C89... none needed
2025-12-13T21:30:54 checking whether /usr/bin/gcc understands -c and -o together... yes
2025-12-13T21:30:54 checking whether the C++ compiler works... yes
2025-12-13T21:30:54 checking for C++ compiler default output file name... a.out
2025-12-13T21:30:54 checking for suffix of executables...
2025-12-13T21:30:55 checking whether we are cross compiling... no
2025-12-13T21:30:55 checking for suffix of object files... o
2025-12-13T21:30:55 checking whether we are using the GNU C++ compiler... yes
2025-12-13T21:30:55 checking whether /usr/bin/g++ accepts -g... yes
2025-12-13T21:30:55 checking for xlf95... no
2025-12-13T21:30:55 checking for f95... no
2025-12-13T21:30:55 checking for fort... no
2025-12-13T21:30:55 checking for ifort... no
2025-12-13T21:30:55 checking for ifc... no
2025-12-13T21:30:55 checking for efc... no
2025-12-13T21:30:55 checking for pgfortran... no
2025-12-13T21:30:55 checking for pgf95... no
2025-12-13T21:30:55 checking for lf95... no
2025-12-13T21:30:55 checking for ftn... no
2025-12-13T21:30:55 checking for nagfor... no
2025-12-13T21:30:55 checking for xlf90... no
2025-12-13T21:30:55 checking for f90... no
2025-12-13T21:30:55 checking for pgf90... no
2025-12-13T21:30:55 checking for pghpf... no
2025-12-13T21:30:55 checking for epcf90... no
2025-12-13T21:30:55 checking for g95... no
2025-12-13T21:30:55 checking for gfortran... no
2025-12-13T21:30:55 checking whether the Fortran compiler works... no
2025-12-13T21:30:55 configure: WARNING: Fortran compiler cannot create executables
2025-12-13T21:30:55 configure: tests requiring the Fortran compiler will be skipped
2025-12-13T21:30:55 checking for xlf... no
2025-12-13T21:30:55 checking for f77... no
2025-12-13T21:30:55 checking for frt... no
2025-12-13T21:30:55 checking for pgf77... no
2025-12-13T21:30:55 checking for cf77... no
2025-12-13T21:30:55 checking for fort77... no
2025-12-13T21:30:55 checking for fl32... no
2025-12-13T21:30:55 checking for af77... no
2025-12-13T21:30:55 checking for g77... no
2025-12-13T21:30:55 checking for gfortran... no
2025-12-13T21:30:55 checking whether the Fortran 77 compiler works... no
2025-12-13T21:30:55 configure: WARNING: Fortran 77 compiler cannot create executables
2025-12-13T21:30:55 configure: tests requiring the Fortran 77 compiler will be skipped
2025-12-13T21:30:55 configure: will now look for GNU compilers
2025-12-13T21:30:55 configure: /usr/bin/gcc is already a GNU C compiler
2025-12-13T21:30:55 configure: /usr/bin/g++ is already a GNU C++ compiler
2025-12-13T21:30:55 checking for gfortran... no
2025-12-13T21:30:55 checking for g77... no
2025-12-13T21:30:55 checking for gfortran... no
2025-12-13T21:30:55 checking for gcj... no
2025-12-13T21:30:55 checking that generated files are newer than configure... done
2025-12-13T21:30:55 configure: creating ./config.status
2025-12-13T21:30:55 config.status: creating Makefile
2025-12-13T21:30:55 config.status: creating t/wrap/aclocal-1.15
2025-12-13T21:30:55 config.status: creating t/wrap/automake-1.15
2025-12-13T21:30:55 configure: WARNING: unrecognized options: --enable-shared, --disable-static, --disable-gtk-doc, --disable-gtk-doc-html, --disable-doc, --disable-docs, --disable-documentation, --disable-debug, --with-xmlto, --with-fop, --disable-nls, --disable-dependency-tracking
2025-12-13T21:30:55 [7m>>> host-automake 1.15.1 Building[27m
2025-12-13T21:30:55 PATH="/home/VuAirOS/buildroot-2021.05/output/host/bin:/home/VuAirOS/buildroot-2021.05/output/host/sbin:/usr/local/sbin:/usr/local/bin:/usr/sbin:/usr/bin:/sbin:/bin:/usr/games:/usr/local/games:/usr/lib/wsl/lib" PKG_CONFIG="/home/VuAirOS/buildroot-2021.05/output/host/bin/pkg-config" PKG_CONFIG_SYSROOT_DIR="/" PKG_CONFIG_ALLOW_SYSTEM_CFLAGS=1 PKG_CONFIG_ALLOW_SYSTEM_LIBS=1 PKG_CONFIG_LIBDIR="/home/VuAirOS/buildroot-2021.05/output/host/lib/pkgconfig:/home/VuAirOS/buildroot-2021.05/output/host/share/pkgconfig"  /usr/bin/make   -C /home/VuAirOS/buildroot-2021.05/output/build/host-automake-1.15.1/
2025-12-13T21:30:55 make[1]: Entering directory '/home/VuAirOS/buildroot-2021.05/output/build/host-automake-1.15.1'
2025-12-13T21:30:55 GEN      bin/automake
2025-12-13T21:30:55 GEN      bin/aclocal
2025-12-13T21:30:55 GEN      t/ax/shell-no-trail-bslash
2025-12-13T21:30:55 GEN      t/ax/cc-no-c-o
2025-12-13T21:30:55 GEN      runtest
2025-12-13T21:30:55 GEN      lib/Automake/Config.pm
2025-12-13T21:30:55 GEN      t/ax/test-defs.sh
2025-12-13T21:30:55 make[1]: Leaving directory '/home/VuAirOS/buildroot-2021.05/output/build/host-automake-1.15.1'
2025-12-13T21:30:55 [7m>>> host-automake 1.15.1 Installing to host directory[27m
2025-12-13T21:30:55 PATH="/home/VuAirOS/buildroot-2021.05/output/host/bin:/home/VuAirOS/buildroot-2021.05/output/host/sbin:/usr/local/sbin:/usr/local/bin:/usr/sbin:/usr/bin:/sbin:/bin:/usr/games:/usr/local/games:/usr/lib/wsl/lib" PKG_CONFIG="/home/VuAirOS/buildroot-2021.05/output/host/bin/pkg-config" PKG_CONFIG_SYSROOT_DIR="/" PKG_CONFIG_ALLOW_SYSTEM_CFLAGS=1 PKG_CONFIG_ALLOW_SYSTEM_LIBS=1 PKG_CONFIG_LIBDIR="/home/VuAirOS/buildroot-2021.05/output/host/lib/pkgconfig:/home/VuAirOS/buildroot-2021.05/output/host/share/pkgconfig"  /usr/bin/make  install -C /home/VuAirOS/buildroot-2021.05/output/build/host-automake-1.15.1/
2025-12-13T21:30:55 make[1]: Entering directory '/home/VuAirOS/buildroot-2021.05/output/build/host-automake-1.15.1'
2025-12-13T21:30:55 make[2]: Entering directory '/home/VuAirOS/buildroot-2021.05/output/build/host-automake-1.15.1'
2025-12-13T21:30:55 /usr/bin/mkdir -p '/home/VuAirOS/buildroot-2021.05/output/host/bin'
2025-12-13T21:30:55 /usr/bin/mkdir -p '/home/VuAirOS/buildroot-2021.05/output/host/share/automake-1.15/am'
2025-12-13T21:30:55 /usr/bin/mkdir -p '/home/VuAirOS/buildroot-2021.05/output/host/share/aclocal-1.15'
2025-12-13T21:30:55 /usr/bin/mkdir -p '/home/VuAirOS/buildroot-2021.05/output/host/share/aclocal-1.15/internal'
2025-12-13T21:30:55 /usr/bin/mkdir -p '/home/VuAirOS/buildroot-2021.05/output/host/share/doc/automake'
2025-12-13T21:30:55 /usr/bin/mkdir -p '/home/VuAirOS/buildroot-2021.05/output/host/share/automake-1.15/Automake'
2025-12-13T21:30:55 /usr/bin/install -c bin/automake bin/aclocal '/home/VuAirOS/buildroot-2021.05/output/host/bin'
2025-12-13T21:30:55 /usr/bin/install -c -m 644 lib/am/check.am lib/am/check2.am lib/am/clean-hdr.am lib/am/clean.am lib/am/compile.am lib/am/configure.am lib/am/data.am lib/am/dejagnu.am lib/am/depend.am lib/am/depend2.am lib/am/distdir.am lib/am/footer.am lib/am/header-vars.am lib/am/header.am lib/am/install.am lib/am/inst-vars.am lib/am/java.am lib/am/lang-compile.am lib/am/lex.am lib/am/library.am lib/am/libs.am lib/am/libtool.am lib/am/lisp.am lib/am/ltlib.am lib/am/ltlibrary.am lib/am/mans-vars.am lib/am/mans.am lib/am/program.am lib/am/progs.am lib/am/python.am lib/am/remake-hdr.am lib/am/scripts.am lib/am/subdirs.am lib/am/tags.am lib/am/texi-vers.am lib/am/texibuild.am lib/am/texinfos.am lib/am/vala.am lib/am/yacc.am '/home/VuAirOS/buildroot-2021.05/output/host/share/automake-1.15/am'
2025-12-13T21:30:55 /usr/bin/mkdir -p '/home/VuAirOS/buildroot-2021.05/output/host/share/automake-1.15'
2025-12-13T21:30:55 /usr/bin/install -c -m 644 ./doc/amhello-1.0.tar.gz '/home/VuAirOS/buildroot-2021.05/output/host/share/doc/automake'
2025-12-13T21:30:55 /usr/bin/install -c -m 644 m4/amversion.m4 m4/ar-lib.m4 m4/as.m4 m4/auxdir.m4 m4/cond.m4 m4/cond-if.m4 m4/depend.m4 m4/depout.m4 m4/dmalloc.m4 m4/extra-recurs.m4 m4/gcj.m4 m4/init.m4 m4/install-sh.m4 m4/lead-dot.m4 m4/lex.m4 m4/lispdir.m4 m4/maintainer.m4 m4/make.m4 m4/missing.m4 m4/mkdirp.m4 m4/obsolete.m4 m4/options.m4 m4/python.m4 m4/prog-cc-c-o.m4 m4/runlog.m4 m4/sanity.m4 m4/silent.m4 m4/strip.m4 m4/substnot.m4 m4/tar.m4 m4/upc.m4 m4/vala.m4 '/home/VuAirOS/buildroot-2021.05/output/host/share/aclocal-1.15'
2025-12-13T21:30:55 /usr/bin/mkdir -p '/home/VuAirOS/buildroot-2021.05/output/host/share/automake-1.15'
2025-12-13T21:30:55 /usr/bin/install -c -m 644 m4/internal/ac-config-macro-dirs.m4 '/home/VuAirOS/buildroot-2021.05/output/host/share/aclocal-1.15/internal'
2025-12-13T21:30:55 /usr/bin/mkdir -p '/home/VuAirOS/buildroot-2021.05/output/host/share/aclocal'
2025-12-13T21:30:55 /usr/bin/mkdir -p '/home/VuAirOS/buildroot-2021.05/output/host/share/automake-1.15/Automake'
2025-12-13T21:30:55 /usr/bin/install -c -m 644 lib/COPYING lib/INSTALL lib/texinfo.tex '/home/VuAirOS/buildroot-2021.05/output/host/share/automake-1.15'
2025-12-13T21:30:55 /usr/bin/make  install-exec-hook
2025-12-13T21:30:55 /usr/bin/mkdir -p '/home/VuAirOS/buildroot-2021.05/output/host/share/info'
2025-12-13T21:30:55 /usr/bin/install -c -m 644 m4/acdir/README '/home/VuAirOS/buildroot-2021.05/output/host/share/aclocal'
2025-12-13T21:30:55 /usr/bin/install -c -m 644 lib/config.guess lib/config.sub lib/install-sh lib/mdate-sh lib/missing lib/mkinstalldirs lib/ylwrap lib/depcomp lib/compile lib/py-compile lib/ar-lib lib/test-driver lib/tap-driver.sh '/home/VuAirOS/buildroot-2021.05/output/host/share/automake-1.15'
2025-12-13T21:30:55 /usr/bin/install -c -m 644 lib/Automake/Config.pm '/home/VuAirOS/buildroot-2021.05/output/host/share/automake-1.15/Automake'
2025-12-13T21:30:55 /usr/bin/install -c -m 644 lib/Automake/ChannelDefs.pm lib/Automake/Channels.pm lib/Automake/Condition.pm lib/Automake/Configure_ac.pm lib/Automake/DisjConditions.pm lib/Automake/FileUtils.pm lib/Automake/General.pm lib/Automake/Getopt.pm lib/Automake/Item.pm lib/Automake/ItemDef.pm lib/Automake/Language.pm lib/Automake/Location.pm lib/Automake/Options.pm lib/Automake/Rule.pm lib/Automake/RuleDef.pm lib/Automake/Variable.pm lib/Automake/VarDef.pm lib/Automake/Version.pm lib/Automake/XFile.pm lib/Automake/Wrap.pm '/home/VuAirOS/buildroot-2021.05/output/host/share/automake-1.15/Automake'
2025-12-13T21:30:55 make[3]: Entering directory '/home/VuAirOS/buildroot-2021.05/output/build/host-automake-1.15.1'
2025-12-13T21:30:55 /usr/bin/install -c -m 644 ./doc/automake.info ./doc/automake.info-1 ./doc/automake.info-2 ./doc/automake-history.info '/home/VuAirOS/buildroot-2021.05/output/host/share/info'
2025-12-13T21:30:55 install-info --info-dir='/home/VuAirOS/buildroot-2021.05/output/host/share/info' '/home/VuAirOS/buildroot-2021.05/output/host/share/info/automake.info'
2025-12-13T21:30:55 install-info --info-dir='/home/VuAirOS/buildroot-2021.05/output/host/share/info' '/home/VuAirOS/buildroot-2021.05/output/host/share/info/automake-history.info'
2025-12-13T21:30:55 install-info: warning: no info dir entry in `/home/VuAirOS/buildroot-2021.05/output/host/share/info/automake-history.info'
2025-12-13T21:30:55 /usr/bin/make  install-data-hook
2025-12-13T21:30:55 make[3]: Entering directory '/home/VuAirOS/buildroot-2021.05/output/build/host-automake-1.15.1'
2025-12-13T21:30:55 ln '/home/VuAirOS/buildroot-2021.05/output/host/bin/automake' '/home/VuAirOS/buildroot-2021.05/output/host/bin/automake-1.15'
2025-12-13T21:30:55 ln '/home/VuAirOS/buildroot-2021.05/output/host/bin/aclocal' '/home/VuAirOS/buildroot-2021.05/output/host/bin/aclocal-1.15'
2025-12-13T21:30:55 make[3]: Leaving directory '/home/VuAirOS/buildroot-2021.05/output/build/host-automake-1.15.1'
2025-12-13T21:30:55 chmod +x '/home/VuAirOS/buildroot-2021.05/output/host/share/automake-1.15/config.guess'
2025-12-13T21:30:55 chmod +x '/home/VuAirOS/buildroot-2021.05/output/host/share/automake-1.15/config.sub'
2025-12-13T21:30:55 chmod +x '/home/VuAirOS/buildroot-2021.05/output/host/share/automake-1.15/install-sh'
2025-12-13T21:30:55 chmod +x '/home/VuAirOS/buildroot-2021.05/output/host/share/automake-1.15/mdate-sh'
2025-12-13T21:30:55 chmod +x '/home/VuAirOS/buildroot-2021.05/output/host/share/automake-1.15/missing'
2025-12-13T21:30:55 chmod +x '/home/VuAirOS/buildroot-2021.05/output/host/share/automake-1.15/mkinstalldirs'
2025-12-13T21:30:55 chmod +x '/home/VuAirOS/buildroot-2021.05/output/host/share/automake-1.15/ylwrap'
2025-12-13T21:30:55 chmod +x '/home/VuAirOS/buildroot-2021.05/output/host/share/automake-1.15/depcomp'
2025-12-13T21:30:55 chmod +x '/home/VuAirOS/buildroot-2021.05/output/host/share/automake-1.15/compile'
2025-12-13T21:30:55 chmod +x '/home/VuAirOS/buildroot-2021.05/output/host/share/automake-1.15/py-compile'
2025-12-13T21:30:55 chmod +x '/home/VuAirOS/buildroot-2021.05/output/host/share/automake-1.15/ar-lib'
2025-12-13T21:30:55 chmod +x '/home/VuAirOS/buildroot-2021.05/output/host/share/automake-1.15/test-driver'
2025-12-13T21:30:55 chmod +x '/home/VuAirOS/buildroot-2021.05/output/host/share/automake-1.15/tap-driver.sh'
2025-12-13T21:30:55 make[3]: Leaving directory '/home/VuAirOS/buildroot-2021.05/output/build/host-automake-1.15.1'
2025-12-13T21:30:55 make[2]: Leaving directory '/home/VuAirOS/buildroot-2021.05/output/build/host-automake-1.15.1'
2025-12-13T21:30:55 make[1]: Leaving directory '/home/VuAirOS/buildroot-2021.05/output/build/host-automake-1.15.1'
2025-12-13T21:30:55 /usr/bin/install -D -m 0644 package/automake/gtk-doc.m4 /home/VuAirOS/buildroot-2021.05/output/host/share/aclocal/gtk-doc.m4
2025-12-13T21:30:55 mkdir -p /home/VuAirOS/buildroot-2021.05/output/host/riscv64-buildroot-linux-musl/sysroot/usr/share/aclocal
2025-12-13T21:30:55 fakeroot_1.25.3.orig.tar.gz: OK (sha256: 8e903683357f7f5bcc31b879fd743391ad47691d4be33d24a76be3b6c21e956c)
2025-12-13T21:30:56 [7m>>> host-fakeroot 1.25.3 Extracting[27m
2025-12-13T21:30:56 gzip -d -c /home/VuAirOS/buildroot-2021.05/dl/fakeroot/fakeroot_1.25.3.orig.tar.gz | tar --strip-components=1 -C /home/VuAirOS/buildroot-2021.05/output/build/host-fakeroot-1.25.3   -xf -
2025-12-13T21:30:56 [7m>>> host-fakeroot 1.25.3 Patching[27m
2025-12-13T21:30:56 
2025-12-13T21:30:56 Applying 0001-skip-doc-subdirs.patch using patch:
2025-12-13T21:30:56 patching file doc/Makefile.am
2025-12-13T21:30:56 
2025-12-13T21:30:56 Applying 0002-libfakeroot.c-define-_STAT_VER-if-not-already-define.patch using patch:
2025-12-13T21:30:56 patching file libfakeroot.c
2025-12-13T21:30:56 
2025-12-13T21:30:56 Applying 0003-libfakeroot.c-add-wrappers-for-new-glibc-2.33-symbol.patch using patch:
2025-12-13T21:30:56 patching file libfakeroot.c
2025-12-13T21:30:56 
2025-12-13T21:30:56 Applying 0004-configure.ac-fix-__xmknod-at-pointer-argument.patch using patch:
2025-12-13T21:30:56 patching file configure.ac
2025-12-13T21:30:56 
2025-12-13T21:30:56 Applying 0005-fix-build-regression-on-macOS.patch using patch:
2025-12-13T21:30:56 patching file configure.ac
2025-12-13T21:30:56 patching file libfakeroot.c
2025-12-13T21:30:56 mkdir -p /home/VuAirOS/buildroot-2021.05/output/build/host-fakeroot-1.25.3/build-aux
2025-12-13T21:30:56 [7m>>> host-fakeroot 1.25.3 Updating config.sub and config.guess[27m
2025-12-13T21:30:56 for file in config.guess config.sub; do for i in $(find /home/VuAirOS/buildroot-2021.05/output/build/host-fakeroot-1.25.3 -name $file); do cp support/gnuconfig/$file $i; done; done
2025-12-13T21:30:56 [7m>>> host-fakeroot 1.25.3 Configuring[27m
2025-12-13T21:30:56 [7m>>> host-fakeroot 1.25.3 Autoreconfiguring[27m
2025-12-13T21:30:57 libtoolize: putting auxiliary files in '.'.
2025-12-13T21:30:57 libtoolize: copying file './ltmain.sh'
2025-12-13T21:30:57 libtoolize: putting macros in AC_CONFIG_MACRO_DIRS, 'build-aux'.
2025-12-13T21:30:57 libtoolize: copying file 'build-aux/libtool.m4'
2025-12-13T21:30:57 libtoolize: copying file 'build-aux/ltoptions.m4'
2025-12-13T21:30:58 libtoolize: copying file 'build-aux/ltsugar.m4'
2025-12-13T21:30:58 libtoolize: copying file 'build-aux/ltversion.m4'
2025-12-13T21:30:58 libtoolize: copying file 'build-aux/lt~obsolete.m4'
2025-12-13T21:30:59 configure.ac:11: installing './compile'
2025-12-13T21:30:59 configure.ac:6: installing './config.guess'
2025-12-13T21:30:59 configure.ac:6: installing './config.sub'
2025-12-13T21:30:59 configure.ac:7: installing './install-sh'
2025-12-13T21:30:59 configure.ac:7: installing './missing'
2025-12-13T21:30:59 Makefile.am: installing './depcomp'
2025-12-13T21:30:59 parallel-tests: installing './test-driver'
2025-12-13T21:30:59 [7m>>> host-fakeroot 1.25.3 Patching libtool[27m
2025-12-13T21:30:59 patching file /home/VuAirOS/buildroot-2021.05/output/build/host-fakeroot-1.25.3/ltmain.sh
2025-12-13T21:30:59 Hunk #1 succeeded at 2694 (offset 7 lines).
2025-12-13T21:30:59 Hunk #2 succeeded at 4284 (offset 7 lines).
2025-12-13T21:30:59 Hunk #3 succeeded at 6579 (offset 25 lines).
2025-12-13T21:30:59 Hunk #4 succeeded at 6589 (offset 25 lines).
2025-12-13T21:30:59 Hunk #5 succeeded at 6882 (offset 25 lines).
2025-12-13T21:30:59 Hunk #6 succeeded at 7174 (offset 25 lines).
2025-12-13T21:30:59 Hunk #7 succeeded at 8140 (offset 28 lines).
2025-12-13T21:30:59 Hunk #8 succeeded at 10769 (offset 59 lines).
2025-12-13T21:30:59 (cd /home/VuAirOS/buildroot-2021.05/output/build/host-fakeroot-1.25.3/ && rm -rf config.cache; PATH="/home/VuAirOS/buildroot-2021.05/output/host/bin:/home/VuAirOS/buildroot-2021.05/output/host/sbin:/usr/local/sbin:/usr/local/bin:/usr/sbin:/usr/bin:/sbin:/bin:/usr/games:/usr/local/games:/usr/lib/wsl/lib" PKG_CONFIG="/home/VuAirOS/buildroot-2021.05/output/host/bin/pkg-config" PKG_CONFIG_SYSROOT_DIR="/" PKG_CONFIG_ALLOW_SYSTEM_CFLAGS=1 PKG_CONFIG_ALLOW_SYSTEM_LIBS=1 PKG_CONFIG_LIBDIR="/home/VuAirOS/buildroot-2021.05/output/host/lib/pkgconfig:/home/VuAirOS/buildroot-2021.05/output/host/share/pkgconfig" AR="/usr/bin/ar" AS="/usr/bin/as" LD="/usr/bin/ld" NM="/usr/bin/nm" CC="/usr/bin/gcc" GCC="/usr/bin/gcc" CXX="/usr/bin/g++" CPP="/usr/bin/cpp" OBJCOPY="/usr/bin/objcopy" RANLIB="/usr/bin/ranlib" CPPFLAGS="-I/home/VuAirOS/buildroot-2021.05/output/host/include" CFLAGS="-O2 -I/home/VuAirOS/buildroot-2021.05/output/host/include" CXXFLAGS="-O2 -I/home/VuAirOS/buildroot-2021.05/output/host/include" LDFLAGS="-L/home/VuAirOS/buildroot-2021.05/output/host/lib -Wl,-rpath,/home/VuAirOS/buildroot-2021.05/output/host/lib" INTLTOOL_PERL=/usr/bin/perl CFLAGS="-O2 -I/home/VuAirOS/buildroot-2021.05/output/host/include" LDFLAGS="-L/home/VuAirOS/buildroot-2021.05/output/host/lib -Wl,-rpath,/home/VuAirOS/buildroot-2021.05/output/host/lib" ac_cv_header_sys_capability_h=no ac_cv_func_capset=no CONFIG_SITE=/dev/null ./configure --prefix="/home/VuAirOS/buildroot-2021.05/output/host" --sysconfdir="/home/VuAirOS/buildroot-2021.05/output/host/etc" --localstatedir="/home/VuAirOS/buildroot-2021.05/output/host/var" --enable-shared --disable-static --disable-gtk-doc --disable-gtk-doc-html --disable-doc --disable-docs --disable-documentation --disable-debug --with-xmlto=no --with-fop=no --disable-nls --disable-dependency-tracking   )
2025-12-13T21:30:59 configure: WARNING: unrecognized options: --disable-gtk-doc, --disable-gtk-doc-html, --disable-doc, --disable-docs, --disable-documentation, --disable-debug, --with-xmlto, --with-fop, --disable-nls
2025-12-13T21:30:59 checking build system type... x86_64-pc-linux-gnu
2025-12-13T21:30:59 checking host system type... x86_64-pc-linux-gnu
2025-12-13T21:30:59 checking target system type... x86_64-pc-linux-gnu
2025-12-13T21:30:59 checking for a BSD-compatible install... /usr/bin/install -c
2025-12-13T21:30:59 checking whether build environment is sane... yes
2025-12-13T21:30:59 checking for a thread-safe mkdir -p... /usr/bin/mkdir -p
2025-12-13T21:30:59 checking for gawk... gawk
2025-12-13T21:30:59 checking whether make sets $(MAKE)... yes
2025-12-13T21:30:59 checking whether make supports nested variables... yes
2025-12-13T21:30:59 checking whether to enable maintainer-specific portions of Makefiles... no
2025-12-13T21:30:59 checking whether make sets $(MAKE)... (cached) yes
2025-12-13T21:30:59 checking how to print strings... printf
2025-12-13T21:30:59 checking for style of include used by make... GNU
2025-12-13T21:30:59 checking for gcc... /usr/bin/gcc
2025-12-13T21:30:59 checking whether the C compiler works... yes
2025-12-13T21:30:59 checking for C compiler default output file name... a.out
2025-12-13T21:30:59 checking for suffix of executables...
2025-12-13T21:30:59 checking whether we are cross compiling... no
2025-12-13T21:30:59 checking for suffix of object files... o
2025-12-13T21:30:59 checking whether we are using the GNU C compiler... yes
2025-12-13T21:30:59 checking whether /usr/bin/gcc accepts -g... yes
2025-12-13T21:30:59 checking for /usr/bin/gcc option to accept ISO C89... none needed
2025-12-13T21:30:59 checking whether /usr/bin/gcc understands -c and -o together... yes
2025-12-13T21:30:59 checking dependency style of /usr/bin/gcc... none
2025-12-13T21:30:59 checking for a sed that does not truncate output... /usr/bin/sed
2025-12-13T21:30:59 checking for grep that handles long lines and -e... /usr/bin/grep
2025-12-13T21:30:59 checking for egrep... /usr/bin/grep -E
2025-12-13T21:30:59 checking for fgrep... /usr/bin/grep -F
2025-12-13T21:30:59 checking for ld used by /usr/bin/gcc... /usr/bin/ld
2025-12-13T21:30:59 checking if the linker (/usr/bin/ld) is GNU ld... yes
2025-12-13T21:30:59 checking for BSD- or MS-compatible name lister (nm)... /usr/bin/nm
2025-12-13T21:30:59 checking the name lister (/usr/bin/nm) interface... BSD nm
2025-12-13T21:30:59 checking whether ln -s works... yes
2025-12-13T21:30:59 checking the maximum length of command line arguments... 1572864
2025-12-13T21:30:59 checking how to convert x86_64-pc-linux-gnu file names to x86_64-pc-linux-gnu format... func_convert_file_noop
2025-12-13T21:30:59 checking how to convert x86_64-pc-linux-gnu file names to toolchain format... func_convert_file_noop
2025-12-13T21:30:59 checking for /usr/bin/ld option to reload object files... -r
2025-12-13T21:30:59 checking for objdump... objdump
2025-12-13T21:30:59 checking how to recognize dependent libraries... pass_all
2025-12-13T21:30:59 checking for dlltool... no
2025-12-13T21:30:59 checking how to associate runtime and link libraries... printf %sn
2025-12-13T21:30:59 checking for archiver @FILE support... @
2025-12-13T21:30:59 checking for strip... strip
2025-12-13T21:30:59 checking for ranlib... /usr/bin/ranlib
2025-12-13T21:30:59 checking command to parse /usr/bin/nm output from /usr/bin/gcc object... ok
2025-12-13T21:30:59 checking for sysroot... no
2025-12-13T21:30:59 checking for a working dd... /usr/bin/dd
2025-12-13T21:30:59 checking how to truncate binary pipes... /usr/bin/dd bs=4096 count=1
2025-12-13T21:30:59 checking for mt... mt
2025-12-13T21:30:59 checking if mt is a manifest tool... no
2025-12-13T21:30:59 checking how to run the C preprocessor... /usr/bin/cpp
2025-12-13T21:30:59 checking for ANSI C header files... yes
2025-12-13T21:30:59 checking for sys/types.h... yes
2025-12-13T21:30:59 checking for sys/stat.h... yes
2025-12-13T21:30:59 checking for stdlib.h... yes
2025-12-13T21:30:59 checking for string.h... yes
2025-12-13T21:30:59 checking for memory.h... yes
2025-12-13T21:30:59 checking for strings.h... yes
2025-12-13T21:30:59 checking for inttypes.h... yes
2025-12-13T21:30:59 checking for stdint.h... yes
2025-12-13T21:30:59 checking for unistd.h... yes
2025-12-13T21:30:59 checking for dlfcn.h... yes
2025-12-13T21:30:59 checking for objdir... .libs
2025-12-13T21:30:59 checking if /usr/bin/gcc supports -fno-rtti -fno-exceptions... no
2025-12-13T21:30:59 checking for /usr/bin/gcc option to produce PIC... -fPIC -DPIC
2025-12-13T21:30:59 checking if /usr/bin/gcc PIC flag -fPIC -DPIC works... yes
2025-12-13T21:31:00 checking if /usr/bin/gcc static flag -static works... yes
2025-12-13T21:31:00 checking if /usr/bin/gcc supports -c -o file.o... yes
2025-12-13T21:31:00 checking if /usr/bin/gcc supports -c -o file.o... (cached) yes
2025-12-13T21:31:00 checking whether the /usr/bin/gcc linker (/usr/bin/ld -m elf_x86_64) supports shared libraries... yes
2025-12-13T21:31:00 checking whether -lc should be explicitly linked in... no
2025-12-13T21:31:00 checking dynamic linker characteristics... GNU/Linux ld.so
2025-12-13T21:31:00 checking how to hardcode library paths into programs... immediate
2025-12-13T21:31:00 checking whether stripping libraries is possible... yes
2025-12-13T21:31:00 checking if libtool supports shared libraries... yes
2025-12-13T21:31:00 checking whether to build shared libraries... yes
2025-12-13T21:31:00 checking whether to build static libraries... no
2025-12-13T21:31:00 checking which IPC method to use... (cached) sysv
2025-12-13T21:31:00 checking whether SysV IPC message queues are actually working on the host... Yes
2025-12-13T21:31:00 checking which database format to use... (cached) inode
2025-12-13T21:31:00 checking for dlopen in -ldl... yes
2025-12-13T21:31:00 checking for dirent.h that defines DIR... yes
2025-12-13T21:31:00 checking for library containing opendir... none required
2025-12-13T21:31:00 checking for ANSI C header files... (cached) yes
2025-12-13T21:31:00 checking fcntl.h usability... yes
2025-12-13T21:31:00 checking fcntl.h presence... yes
2025-12-13T21:31:00 checking for fcntl.h... yes
2025-12-13T21:31:00 checking for unistd.h... (cached) yes
2025-12-13T21:31:00 checking features.h usability... yes
2025-12-13T21:31:00 checking features.h presence... yes
2025-12-13T21:31:00 checking for features.h... yes
2025-12-13T21:31:00 checking sys/feature_tests.h usability... no
2025-12-13T21:31:00 checking sys/feature_tests.h presence... no
2025-12-13T21:31:00 checking for sys/feature_tests.h... no
2025-12-13T21:31:00 checking pthread.h usability... yes
2025-12-13T21:31:00 checking pthread.h presence... yes
2025-12-13T21:31:00 checking for pthread.h... yes
2025-12-13T21:31:00 checking for stdint.h... (cached) yes
2025-12-13T21:31:00 checking for inttypes.h... (cached) yes
2025-12-13T21:31:00 checking grp.h usability... yes
2025-12-13T21:31:00 checking grp.h presence... yes
2025-12-13T21:31:00 checking for grp.h... yes
2025-12-13T21:31:00 checking endian.h usability... yes
2025-12-13T21:31:00 checking endian.h presence... yes
2025-12-13T21:31:00 checking for endian.h... yes
2025-12-13T21:31:00 checking sys/sysmacros.h usability... yes
2025-12-13T21:31:00 checking sys/sysmacros.h presence... yes
2025-12-13T21:31:00 checking for sys/sysmacros.h... yes
2025-12-13T21:31:00 checking sys/socket.h usability... yes
2025-12-13T21:31:00 checking sys/socket.h presence... yes
2025-12-13T21:31:00 checking for sys/socket.h... yes
2025-12-13T21:31:00 checking sys/acl.h usability... yes
2025-12-13T21:31:00 checking sys/acl.h presence... yes
2025-12-13T21:31:00 checking for sys/acl.h... yes
2025-12-13T21:31:00 checking for sys/capability.h... (cached) no
2025-12-13T21:31:00 checking sys/xattr.h usability... yes
2025-12-13T21:31:00 checking sys/xattr.h presence... yes
2025-12-13T21:31:00 checking for sys/xattr.h... yes
2025-12-13T21:31:00 checking fts.h usability... yes
2025-12-13T21:31:00 checking fts.h presence... yes
2025-12-13T21:31:00 checking for fts.h... yes
2025-12-13T21:31:00 checking for an ANSI C-conforming const... yes
2025-12-13T21:31:00 checking for mode_t... yes
2025-12-13T21:31:00 checking for off_t... yes
2025-12-13T21:31:00 checking for size_t... yes
2025-12-13T21:31:00 checking for return value and second and third argument of readlink... ssize_t, char, size_t
2025-12-13T21:31:00 checking for first argument of setgroups... size_t
2025-12-13T21:31:00 checking for union semun... no
2025-12-13T21:31:00 checking for type of arg of __xmknod... needs *
2025-12-13T21:31:00 checking for type of arg of __xmknodat... needs *
2025-12-13T21:31:00 checking for type of arg of initgroups... gid_t
2025-12-13T21:31:00 checking for type of arg of setreuid... gid_t
2025-12-13T21:31:00 checking for type of arg of setregid... gid_t
2025-12-13T21:31:00 checking for type of second arg to stat... struct stat *
2025-12-13T21:31:00 checking for d_off in struct dirent... yes
2025-12-13T21:31:00 checking for d_type in struct dirent... yes
2025-12-13T21:31:00 checking for acl_t struct... yes
2025-12-13T21:31:00 checking for fchmodat... yes
2025-12-13T21:31:00 checking for fchownat... yes
2025-12-13T21:31:00 checking for fstatat... yes
2025-12-13T21:31:00 checking for mkdirat... yes
2025-12-13T21:31:00 checking for mknodat... yes
2025-12-13T21:31:00 checking for openat... yes
2025-12-13T21:31:01 checking for renameat... yes
2025-12-13T21:31:01 checking for unlinkat... yes
2025-12-13T21:31:01 checking for lchmod... yes
2025-12-13T21:31:01 checking for fgetattrlist... no
2025-12-13T21:31:01 checking for library containing acl_get_fd... -lacl
2025-12-13T21:31:01 checking for acl_get_fd... yes
2025-12-13T21:31:01 checking for library containing acl_trivial... no
2025-12-13T21:31:01 checking for acl_trivial... no
2025-12-13T21:31:01 checking for capset... (cached) no
2025-12-13T21:31:01 checking for listxattr... yes
2025-12-13T21:31:01 checking for llistxattr... yes
2025-12-13T21:31:01 checking for flistxattr... yes
2025-12-13T21:31:01 checking for getxattr... yes
2025-12-13T21:31:01 checking for lgetxattr... yes
2025-12-13T21:31:01 checking for fgetxattr... yes
2025-12-13T21:31:01 checking for setxattr... yes
2025-12-13T21:31:01 checking for lsetxattr... yes
2025-12-13T21:31:01 checking for fsetxattr... yes
2025-12-13T21:31:01 checking for removexattr... yes
2025-12-13T21:31:01 checking for lremovexattr... yes
2025-12-13T21:31:01 checking for fremovexattr... yes
2025-12-13T21:31:01 checking for statx... yes
2025-12-13T21:31:01 checking for __xstat... yes
2025-12-13T21:31:01 checking for __fxstat... yes
2025-12-13T21:31:01 checking for __lxstat... yes
2025-12-13T21:31:01 checking for __fxstatat... yes
2025-12-13T21:31:01 checking for __xstat64... yes
2025-12-13T21:31:01 checking for __fxstat64... yes
2025-12-13T21:31:01 checking for __lxstat64... yes
2025-12-13T21:31:01 checking for __fxstatat64... yes
2025-12-13T21:31:01 checking for __xmknod... yes
2025-12-13T21:31:01 checking for __xmknodat... yes
2025-12-13T21:31:01 created fakerootconfig.h
2025-12-13T21:31:01 checking for strdup... yes
2025-12-13T21:31:01 checking for strstr... yes
2025-12-13T21:31:01 checking for getresuid... yes
2025-12-13T21:31:01 checking for setresuid... yes
2025-12-13T21:31:01 checking for getresgid... yes
2025-12-13T21:31:01 checking for setresgid... yes
2025-12-13T21:31:01 checking for setfsuid... yes
2025-12-13T21:31:02 checking for setfsgid... yes
2025-12-13T21:31:02 checking for fts_read... yes
2025-12-13T21:31:02 checking for fts_children... yes
2025-12-13T21:31:02 checking whether setenv is declared... yes
2025-12-13T21:31:02 checking whether unsetenv is declared... yes
2025-12-13T21:31:02 checking for setenv... yes
2025-12-13T21:31:02 checking for MacOS X/Darwin... no
2025-12-13T21:31:02 checking that generated files are newer than configure... done
2025-12-13T21:31:02 configure: creating ./config.status
2025-12-13T21:31:02 config.status: creating Makefile
2025-12-13T21:31:02 config.status: creating scripts/Makefile
2025-12-13T21:31:02 config.status: creating doc/Makefile
2025-12-13T21:31:02 config.status: creating doc/de/Makefile
2025-12-13T21:31:02 config.status: creating doc/es/Makefile
2025-12-13T21:31:02 config.status: creating doc/fr/Makefile
2025-12-13T21:31:02 config.status: creating doc/nl/Makefile
2025-12-13T21:31:02 config.status: creating doc/pt/Makefile
2025-12-13T21:31:02 config.status: creating doc/sv/Makefile
2025-12-13T21:31:02 config.status: creating test/Makefile
2025-12-13T21:31:02 config.status: creating test/defs
2025-12-13T21:31:02 config.status: creating config.h
2025-12-13T21:31:02 config.status: executing depfiles commands
2025-12-13T21:31:02 config.status: executing libtool commands
2025-12-13T21:31:02 configure: WARNING: unrecognized options: --disable-gtk-doc, --disable-gtk-doc-html, --disable-doc, --disable-docs, --disable-documentation, --disable-debug, --with-xmlto, --with-fop, --disable-nls
2025-12-13T21:31:02 [7m>>> host-fakeroot 1.25.3 Building[27m
2025-12-13T21:31:02 PATH="/home/VuAirOS/buildroot-2021.05/output/host/bin:/home/VuAirOS/buildroot-2021.05/output/host/sbin:/usr/local/sbin:/usr/local/bin:/usr/sbin:/usr/bin:/sbin:/bin:/usr/games:/usr/local/games:/usr/lib/wsl/lib" PKG_CONFIG="/home/VuAirOS/buildroot-2021.05/output/host/bin/pkg-config" PKG_CONFIG_SYSROOT_DIR="/" PKG_CONFIG_ALLOW_SYSTEM_CFLAGS=1 PKG_CONFIG_ALLOW_SYSTEM_LIBS=1 PKG_CONFIG_LIBDIR="/home/VuAirOS/buildroot-2021.05/output/host/lib/pkgconfig:/home/VuAirOS/buildroot-2021.05/output/host/share/pkgconfig"  /usr/bin/make   -C /home/VuAirOS/buildroot-2021.05/output/build/host-fakeroot-1.25.3/
2025-12-13T21:31:02 make[1]: Entering directory '/home/VuAirOS/buildroot-2021.05/output/build/host-fakeroot-1.25.3'
2025-12-13T21:31:02 /usr/bin/make  all-recursive
2025-12-13T21:31:02 make[2]: Entering directory '/home/VuAirOS/buildroot-2021.05/output/build/host-fakeroot-1.25.3'
2025-12-13T21:31:02 Making all in doc
2025-12-13T21:31:02 make[3]: Entering directory '/home/VuAirOS/buildroot-2021.05/output/build/host-fakeroot-1.25.3/doc'
2025-12-13T21:31:02 make[3]: Nothing to be done for 'all'.
2025-12-13T21:31:02 make[3]: Leaving directory '/home/VuAirOS/buildroot-2021.05/output/build/host-fakeroot-1.25.3/doc'
2025-12-13T21:31:02 Making all in scripts
2025-12-13T21:31:02 make[3]: Entering directory '/home/VuAirOS/buildroot-2021.05/output/build/host-fakeroot-1.25.3/scripts'
2025-12-13T21:31:02 sed -e 's,[@]prefix[@],/home/VuAirOS/buildroot-2021.05/output/host,g' -e 's,[@]bindir[@],/home/VuAirOS/buildroot-2021.05/output/host/bin,g' -e 's,[@]libdir[@],/home/VuAirOS/buildroot-2021.05/output/host/lib,g' -e 's,[@]fakeroot_transformed[@],'`echo fakeroot | sed -e 's,x,x,'`',g' -e 's,[@]faked_transformed[@],'`echo faked | sed -e 's,x,x,'`',g' -e 's,[@]signal[@],TERM,g' -e 's,[@]SHELL[@],/bin/bash,g' -e 's,[@]VERSION[@],1.25.3,g' -e 's,[@]DLSUFFIX[@],.so,g' -e 's,[@]LDLIBPATHVAR[@],LD_LIBRARY_PATH,g' -e 's,[@]LDPRELOADVAR[@],LD_PRELOAD,g' -e 's,[@]LDPRELOADABS[@],0,g' -e 's,[@]LDEXTRAVAR[@],,g' -e 's,[@]MACOSX_FALSE[@],,g' -e 's,[@]MACOSX_TRUE[@],#,g' < ./fakeroot.in > fakeroot
2025-12-13T21:31:02 chmod +x fakeroot
2025-12-13T21:31:02 make[3]: Leaving directory '/home/VuAirOS/buildroot-2021.05/output/build/host-fakeroot-1.25.3/scripts'
2025-12-13T21:31:02 Making all in test
2025-12-13T21:31:02 make[3]: Entering directory '/home/VuAirOS/buildroot-2021.05/output/build/host-fakeroot-1.25.3/test'
2025-12-13T21:31:02 make[3]: Nothing to be done for 'all'.
2025-12-13T21:31:02 make[3]: Leaving directory '/home/VuAirOS/buildroot-2021.05/output/build/host-fakeroot-1.25.3/test'
2025-12-13T21:31:02 make[3]: Entering directory '/home/VuAirOS/buildroot-2021.05/output/build/host-fakeroot-1.25.3'
2025-12-13T21:31:02 awk -f ./wrapawk < ./wrapfunc.inp
2025-12-13T21:31:02 awk -f ./wrapawk < ./wrapfunc.inp
2025-12-13T21:31:02 awk -f ./wrapawk < ./wrapfunc.inp
2025-12-13T21:31:02 /bin/bash ./libtool  --tag=CC   --mode=compile /usr/bin/gcc -DHAVE_CONFIG_H -I.   -I/home/VuAirOS/buildroot-2021.05/output/host/include  -O2 -I/home/VuAirOS/buildroot-2021.05/output/host/include -c -o communicate.lo communicate.c
2025-12-13T21:31:02 /bin/bash ./libtool  --tag=CC   --mode=compile /usr/bin/gcc -DHAVE_CONFIG_H -I.   -I/home/VuAirOS/buildroot-2021.05/output/host/include  -O2 -I/home/VuAirOS/buildroot-2021.05/output/host/include -c -o libfakeroot_inode64.lo libfakeroot_inode64.c
2025-12-13T21:31:02 /bin/bash ./libtool  --tag=CC   --mode=compile /usr/bin/gcc -DHAVE_CONFIG_H -I.   -I/home/VuAirOS/buildroot-2021.05/output/host/include  -O2 -I/home/VuAirOS/buildroot-2021.05/output/host/include -c -o libfakeroot_unix2003.lo libfakeroot_unix2003.c
2025-12-13T21:31:02 /usr/bin/gcc -DHAVE_CONFIG_H -I.   -I/home/VuAirOS/buildroot-2021.05/output/host/include  -O2 -I/home/VuAirOS/buildroot-2021.05/output/host/include -c -o faked.o faked.c
2025-12-13T21:31:02 /usr/bin/gcc -DHAVE_CONFIG_H -I.   -I/home/VuAirOS/buildroot-2021.05/output/host/include  -O2 -I/home/VuAirOS/buildroot-2021.05/output/host/include -c -o simple.o simple.c
2025-12-13T21:31:02 awk: ./wrapawk:27: warning: regexp escape sequence `#' is not a known regexp operator
2025-12-13T21:31:02 awk: ./wrapawk:27: warning: regexp escape sequence `#' is not a known regexp operator
2025-12-13T21:31:02 awk: ./wrapawk:27: warning: regexp escape sequence `#' is not a known regexp operator
2025-12-13T21:31:02 /bin/bash ./libtool  --tag=CC   --mode=compile /usr/bin/gcc -DHAVE_CONFIG_H -I.   -I/home/VuAirOS/buildroot-2021.05/output/host/include  -O2 -I/home/VuAirOS/buildroot-2021.05/output/host/include -c -o libfakeroot.lo libfakeroot.c
2025-12-13T21:31:02 /bin/bash ./libtool  --tag=CC   --mode=link /usr/bin/gcc  -O2 -I/home/VuAirOS/buildroot-2021.05/output/host/include  -L/home/VuAirOS/buildroot-2021.05/output/host/lib -Wl,-rpath,/home/VuAirOS/buildroot-2021.05/output/host/lib -o simple simple.o  -ldl
2025-12-13T21:31:02 libtool: compile:  /usr/bin/gcc -DHAVE_CONFIG_H -I. -I/home/VuAirOS/buildroot-2021.05/output/host/include -O2 -I/home/VuAirOS/buildroot-2021.05/output/host/include -c libfakeroot_unix2003.c  -fPIC -DPIC -o .libs/libfakeroot_unix2003.o
2025-12-13T21:31:02 libtool: compile:  /usr/bin/gcc -DHAVE_CONFIG_H -I. -I/home/VuAirOS/buildroot-2021.05/output/host/include -O2 -I/home/VuAirOS/buildroot-2021.05/output/host/include -c communicate.c  -fPIC -DPIC -o .libs/communicate.o
2025-12-13T21:31:02 libtool: compile:  /usr/bin/gcc -DHAVE_CONFIG_H -I. -I/home/VuAirOS/buildroot-2021.05/output/host/include -O2 -I/home/VuAirOS/buildroot-2021.05/output/host/include -c libfakeroot_inode64.c  -fPIC -DPIC -o .libs/libfakeroot_inode64.o
2025-12-13T21:31:02 [01m[Kfaked.c:[m[K In function ‘[01m[Ksave_database[m[K’:
2025-12-13T21:31:02 [01m[Kfaked.c:617:23:[m[K [01;35m[Kwarning: [m[Kformat ‘[01m[K%llx[m[K’ expects argument of type ‘[01m[Klong long unsigned int[m[K’, but argument 3 has type ‘[01m[Klong unsigned int[m[K’ [[01;35m[K]8;;https://gcc.gnu.org/onlinedocs/gcc/Warning-Options.html#index-Wformat=-Wformat=]8;;[m[K]
2025-12-13T21:31:02 617 |     fprintf(f,"dev=[01;35m[K%llx[m[K,ino=%llu,mode=%llo,uid=%llu,gid=%llu,nlink=%llu,rdev=%llun",
2025-12-13T21:31:02 |                    [01;35m[K~~~^[m[K
2025-12-13T21:31:02 |                       [01;35m[K|[m[K
2025-12-13T21:31:02 |                       [01;35m[Klong long unsigned int[m[K
2025-12-13T21:31:02 |                    [32m[K%lx[m[K
2025-12-13T21:31:02 618 |             [32m[K(uint64_t) i->buf.dev[m[K,(uint64_t) i->buf.ino,(uint64_t) i->buf.mode,
2025-12-13T21:31:02 |             [32m[K~~~~~~~~~~~~~~~~~~~~~[m[K
2025-12-13T21:31:02 |             [32m[K|[m[K
2025-12-13T21:31:02 |             [32m[Klong unsigned int[m[K
2025-12-13T21:31:02 [01m[Kfaked.c:617:32:[m[K [01;35m[Kwarning: [m[Kformat ‘[01m[K%llu[m[K’ expects argument of type ‘[01m[Klong long unsigned int[m[K’, but argument 4 has type ‘[01m[Klong unsigned int[m[K’ [[01;35m[K]8;;https://gcc.gnu.org/onlinedocs/gcc/Warning-Options.html#index-Wformat=-Wformat=]8;;[m[K]
2025-12-13T21:31:02 617 |     fprintf(f,"dev=%llx,ino=[01;35m[K%llu[m[K,mode=%llo,uid=%llu,gid=%llu,nlink=%llu,rdev=%llun",
2025-12-13T21:31:02 |                             [01;35m[K~~~^[m[K
2025-12-13T21:31:02 |                                [01;35m[K|[m[K
2025-12-13T21:31:02 |                                [01;35m[Klong long unsigned int[m[K
2025-12-13T21:31:02 |                             [32m[K%lu[m[K
2025-12-13T21:31:02 618 |             (uint64_t) i->buf.dev,[32m[K(uint64_t) i->buf.ino[m[K,(uint64_t) i->buf.mode,
2025-12-13T21:31:02 |                                   [32m[K~~~~~~~~~~~~~~~~~~~~~[m[K
2025-12-13T21:31:02 |                                   [32m[K|[m[K
2025-12-13T21:31:02 |                                   [32m[Klong unsigned int[m[K
2025-12-13T21:31:02 [01m[Kfaked.c:617:42:[m[K [01;35m[Kwarning: [m[Kformat ‘[01m[K%llo[m[K’ expects argument of type ‘[01m[Klong long unsigned int[m[K’, but argument 5 has type ‘[01m[Klong unsigned int[m[K’ [[01;35m[K]8;;https://gcc.gnu.org/onlinedocs/gcc/Warning-Options.html#index-Wformat=-Wformat=]8;;[m[K]
2025-12-13T21:31:02 617 |     fprintf(f,"dev=%llx,ino=%llu,mode=[01;35m[K%llo[m[K,uid=%llu,gid=%llu,nlink=%llu,rdev=%llun",
2025-12-13T21:31:02 |                                       [01;35m[K~~~^[m[K
2025-12-13T21:31:02 |                                          [01;35m[K|[m[K
2025-12-13T21:31:02 |                                          [01;35m[Klong long unsigned int[m[K
2025-12-13T21:31:02 |                                       [32m[K%lo[m[K
2025-12-13T21:31:02 618 |             (uint64_t) i->buf.dev,(uint64_t) i->buf.ino,[32m[K(uint64_t) i->buf.mode[m[K,
2025-12-13T21:31:02 |                                                         [32m[K~~~~~~~~~~~~~~~~~~~~~~[m[K
2025-12-13T21:31:02 |                                                         [32m[K|[m[K
2025-12-13T21:31:02 |                                                         [32m[Klong unsigned int[m[K
2025-12-13T21:31:02 [01m[Kfaked.c:617:51:[m[K [01;35m[Kwarning: [m[Kformat ‘[01m[K%llu[m[K’ expects argument of type ‘[01m[Klong long unsigned int[m[K’, but argument 6 has type ‘[01m[Klong unsigned int[m[K’ [[01;35m[K]8;;https://gcc.gnu.org/onlinedocs/gcc/Warning-Options.html#index-Wformat=-Wformat=]8;;[m[K]
2025-12-13T21:31:02 617 |     fprintf(f,"dev=%llx,ino=%llu,mode=%llo,uid=[01;35m[K%llu[m[K,gid=%llu,nlink=%llu,rdev=%llun",
2025-12-13T21:31:02 |                                                [01;35m[K~~~^[m[K
2025-12-13T21:31:02 |                                                   [01;35m[K|[m[K
2025-12-13T21:31:02 |                                                   [01;35m[Klong long unsigned int[m[K
2025-12-13T21:31:02 |                                                [32m[K%lu[m[K
2025-12-13T21:31:02 618 |             (uint64_t) i->buf.dev,(uint64_t) i->buf.ino,(uint64_t) i->buf.mode,
2025-12-13T21:31:02 619 |             [32m[K(uint64_t) i->buf.uid[m[K,(uint64_t) i->buf.gid,(uint64_t) i->buf.nlink,
2025-12-13T21:31:02 |             [32m[K~~~~~~~~~~~~~~~~~~~~~[m[K
2025-12-13T21:31:02 |             [32m[K|[m[K
2025-12-13T21:31:02 |             [32m[Klong unsigned int[m[K
2025-12-13T21:31:02 [01m[Kfaked.c:617:60:[m[K [01;35m[Kwarning: [m[Kformat ‘[01m[K%llu[m[K’ expects argument of type ‘[01m[Klong long unsigned int[m[K’, but argument 7 has type ‘[01m[Klong unsigned int[m[K’ [[01;35m[K]8;;https://gcc.gnu.org/onlinedocs/gcc/Warning-Options.html#index-Wformat=-Wformat=]8;;[m[K]
2025-12-13T21:31:02 617 |     fprintf(f,"dev=%llx,ino=%llu,mode=%llo,uid=%llu,gid=[01;35m[K%llu[m[K,nlink=%llu,rdev=%llun",
2025-12-13T21:31:02 |                                                         [01;35m[K~~~^[m[K
2025-12-13T21:31:02 |                                                            [01;35m[K|[m[K
2025-12-13T21:31:02 |                                                            [01;35m[Klong long unsigned int[m[K
2025-12-13T21:31:02 |                                                         [32m[K%lu[m[K
2025-12-13T21:31:02 618 |             (uint64_t) i->buf.dev,(uint64_t) i->buf.ino,(uint64_t) i->buf.mode,
2025-12-13T21:31:02 619 |             (uint64_t) i->buf.uid,[32m[K(uint64_t) i->buf.gid[m[K,(uint64_t) i->buf.nlink,
2025-12-13T21:31:02 |                                   [32m[K~~~~~~~~~~~~~~~~~~~~~[m[K
2025-12-13T21:31:02 |                                   [32m[K|[m[K
2025-12-13T21:31:02 |                                   [32m[Klong unsigned int[m[K
2025-12-13T21:31:02 [01m[Kfaked.c:617:71:[m[K [01;35m[Kwarning: [m[Kformat ‘[01m[K%llu[m[K’ expects argument of type ‘[01m[Klong long unsigned int[m[K’, but argument 8 has type ‘[01m[Klong unsigned int[m[K’ [[01;35m[K]8;;https://gcc.gnu.org/onlinedocs/gcc/Warning-Options.html#index-Wformat=-Wformat=]8;;[m[K]
2025-12-13T21:31:02 617 |     fprintf(f,"dev=%llx,ino=%llu,mode=%llo,uid=%llu,gid=%llu,nlink=[01;35m[K%llu[m[K,rdev=%llun",
2025-12-13T21:31:02 |                                                                    [01;35m[K~~~^[m[K
2025-12-13T21:31:02 |                                                                       [01;35m[K|[m[K
2025-12-13T21:31:02 |                                                                       [01;35m[Klong long unsigned int[m[K
2025-12-13T21:31:02 |                                                                    [32m[K%lu[m[K
2025-12-13T21:31:02 618 |             (uint64_t) i->buf.dev,(uint64_t) i->buf.ino,(uint64_t) i->buf.mode,
2025-12-13T21:31:02 619 |             (uint64_t) i->buf.uid,(uint64_t) i->buf.gid,[32m[K(uint64_t) i->buf.nlink[m[K,
2025-12-13T21:31:02 |                                                         [32m[K~~~~~~~~~~~~~~~~~~~~~~~[m[K
2025-12-13T21:31:02 |                                                         [32m[K|[m[K
2025-12-13T21:31:02 |                                                         [32m[Klong unsigned int[m[K
2025-12-13T21:31:02 [01m[Kfaked.c:617:81:[m[K [01;35m[Kwarning: [m[Kformat ‘[01m[K%llu[m[K’ expects argument of type ‘[01m[Klong long unsigned int[m[K’, but argument 9 has type ‘[01m[Klong unsigned int[m[K’ [[01;35m[K]8;;https://gcc.gnu.org/onlinedocs/gcc/Warning-Options.html#index-Wformat=-Wformat=]8;;[m[K]
2025-12-13T21:31:02 617 |     fprintf(f,"dev=%llx,ino=%llu,mode=%llo,uid=%llu,gid=%llu,nlink=%llu,rdev=[01;35m[K%llu[m[Kn",
2025-12-13T21:31:02 |                                                                              [01;35m[K~~~^[m[K
2025-12-13T21:31:02 |                                                                                 [01;35m[K|[m[K
2025-12-13T21:31:02 |                                                                                 [01;35m[Klong long unsigned int[m[K
2025-12-13T21:31:02 |                                                                              [32m[K%lu[m[K
2025-12-13T21:31:02 ......
2025-12-13T21:31:02 620 |             [32m[K(uint64_t) i->buf.rdev[m[K);
2025-12-13T21:31:02 |             [32m[K~~~~~~~~~~~~~~~~~~~~~~[m[K
2025-12-13T21:31:02 |             [32m[K|[m[K
2025-12-13T21:31:02 |             [32m[Klong unsigned int[m[K
2025-12-13T21:31:02 [01m[Kfaked.c:[m[K In function ‘[01m[Kload_database[m[K’:
2025-12-13T21:31:02 [01m[Kfaked.c:658:21:[m[K [01;35m[Kwarning: [m[Kformat ‘[01m[K%llx[m[K’ expects argument of type ‘[01m[Klong long unsigned int *[m[K’, but argument 2 has type ‘[01m[Kuint64_t *[m[K’ {aka ‘[01m[Klong unsigned int *[m[K’} [[01;35m[K]8;;https://gcc.gnu.org/onlinedocs/gcc/Warning-Options.html#index-Wformat=-Wformat=]8;;[m[K]
2025-12-13T21:31:02 658 |     r=scanf("dev=[01;35m[K%llx[m[K,ino=%llu,mode=%llo,uid=%llu,gid=%llu,nlink=%llu,rdev=%llun",
2025-12-13T21:31:02 |                  [01;35m[K~~~^[m[K
2025-12-13T21:31:02 |                     [01;35m[K|[m[K
2025-12-13T21:31:02 |                     [01;35m[Klong long unsigned int *[m[K
2025-12-13T21:31:02 |                  [32m[K%lx[m[K
2025-12-13T21:31:02 659 |             [32m[K&stdev[m[K, &stino, &stmode, &stuid, &stgid, &stnlink, &strdev);
2025-12-13T21:31:02 |             [32m[K~~~~~~[m[K
2025-12-13T21:31:02 |             [32m[K|[m[K
2025-12-13T21:31:02 |             [32m[Kuint64_t * {aka long unsigned int *}[m[K
2025-12-13T21:31:02 [01m[Kfaked.c:658:30:[m[K [01;35m[Kwarning: [m[Kformat ‘[01m[K%llu[m[K’ expects argument of type ‘[01m[Klong long unsigned int *[m[K’, but argument 3 has type ‘[01m[Kuint64_t *[m[K’ {aka ‘[01m[Klong unsigned int *[m[K’} [[01;35m[K]8;;https://gcc.gnu.org/onlinedocs/gcc/Warning-Options.html#index-Wformat=-Wformat=]8;;[m[K]
2025-12-13T21:31:02 658 |     r=scanf("dev=%llx,ino=[01;35m[K%llu[m[K,mode=%llo,uid=%llu,gid=%llu,nlink=%llu,rdev=%llun",
2025-12-13T21:31:02 |                           [01;35m[K~~~^[m[K
2025-12-13T21:31:02 |                              [01;35m[K|[m[K
2025-12-13T21:31:02 |                              [01;35m[Klong long unsigned int *[m[K
2025-12-13T21:31:02 |                           [32m[K%lu[m[K
2025-12-13T21:31:02 659 |             &stdev, [32m[K&stino[m[K, &stmode, &stuid, &stgid, &stnlink, &strdev);
2025-12-13T21:31:02 |                     [32m[K~~~~~~[m[K
2025-12-13T21:31:02 |                     [32m[K|[m[K
2025-12-13T21:31:02 |                     [32m[Kuint64_t * {aka long unsigned int *}[m[K
2025-12-13T21:31:02 [01m[Kfaked.c:658:40:[m[K [01;35m[Kwarning: [m[Kformat ‘[01m[K%llo[m[K’ expects argument of type ‘[01m[Klong long unsigned int *[m[K’, but argument 4 has type ‘[01m[Kuint64_t *[m[K’ {aka ‘[01m[Klong unsigned int *[m[K’} [[01;35m[K]8;;https://gcc.gnu.org/onlinedocs/gcc/Warning-Options.html#index-Wformat=-Wformat=]8;;[m[K]
2025-12-13T21:31:02 658 |     r=scanf("dev=%llx,ino=%llu,mode=[01;35m[K%llo[m[K,uid=%llu,gid=%llu,nlink=%llu,rdev=%llun",
2025-12-13T21:31:02 |                                     [01;35m[K~~~^[m[K
2025-12-13T21:31:02 |                                        [01;35m[K|[m[K
2025-12-13T21:31:02 |                                        [01;35m[Klong long unsigned int *[m[K
2025-12-13T21:31:02 |                                     [32m[K%lo[m[K
2025-12-13T21:31:02 659 |             &stdev, &stino, [32m[K&stmode[m[K, &stuid, &stgid, &stnlink, &strdev);
2025-12-13T21:31:02 |                             [32m[K~~~~~~~[m[K
2025-12-13T21:31:02 |                             [32m[K|[m[K
2025-12-13T21:31:02 |                             [32m[Kuint64_t * {aka long unsigned int *}[m[K
2025-12-13T21:31:02 [01m[Kfaked.c:658:49:[m[K [01;35m[Kwarning: [m[Kformat ‘[01m[K%llu[m[K’ expects argument of type ‘[01m[Klong long unsigned int *[m[K’, but argument 5 has type ‘[01m[Kuint64_t *[m[K’ {aka ‘[01m[Klong unsigned int *[m[K’} [[01;35m[K]8;;https://gcc.gnu.org/onlinedocs/gcc/Warning-Options.html#index-Wformat=-Wformat=]8;;[m[K]
2025-12-13T21:31:02 658 |     r=scanf("dev=%llx,ino=%llu,mode=%llo,uid=[01;35m[K%llu[m[K,gid=%llu,nlink=%llu,rdev=%llun",
2025-12-13T21:31:02 |                                              [01;35m[K~~~^[m[K
2025-12-13T21:31:02 |                                                 [01;35m[K|[m[K
2025-12-13T21:31:02 |                                                 [01;35m[Klong long unsigned int *[m[K
2025-12-13T21:31:02 |                                              [32m[K%lu[m[K
2025-12-13T21:31:02 659 |             &stdev, &stino, &stmode, [32m[K&stuid[m[K, &stgid, &stnlink, &strdev);
2025-12-13T21:31:02 |                                      [32m[K~~~~~~[m[K
2025-12-13T21:31:02 |                                      [32m[K|[m[K
2025-12-13T21:31:02 |                                      [32m[Kuint64_t * {aka long unsigned int *}[m[K
2025-12-13T21:31:02 [01m[Kfaked.c:658:58:[m[K [01;35m[Kwarning: [m[Kformat ‘[01m[K%llu[m[K’ expects argument of type ‘[01m[Klong long unsigned int *[m[K’, but argument 6 has type ‘[01m[Kuint64_t *[m[K’ {aka ‘[01m[Klong unsigned int *[m[K’} [[01;35m[K]8;;https://gcc.gnu.org/onlinedocs/gcc/Warning-Options.html#index-Wformat=-Wformat=]8;;[m[K]
2025-12-13T21:31:02 658 |     r=scanf("dev=%llx,ino=%llu,mode=%llo,uid=%llu,gid=[01;35m[K%llu[m[K,nlink=%llu,rdev=%llun",
2025-12-13T21:31:02 |                                                       [01;35m[K~~~^[m[K
2025-12-13T21:31:02 |                                                          [01;35m[K|[m[K
2025-12-13T21:31:02 |                                                          [01;35m[Klong long unsigned int *[m[K
2025-12-13T21:31:02 |                                                       [32m[K%lu[m[K
2025-12-13T21:31:02 659 |             &stdev, &stino, &stmode, &stuid, [32m[K&stgid[m[K, &stnlink, &strdev);
2025-12-13T21:31:02 |                                              [32m[K~~~~~~[m[K
2025-12-13T21:31:02 |                                              [32m[K|[m[K
2025-12-13T21:31:02 |                                              [32m[Kuint64_t * {aka long unsigned int *}[m[K
2025-12-13T21:31:02 [01m[Kfaked.c:658:69:[m[K [01;35m[Kwarning: [m[Kformat ‘[01m[K%llu[m[K’ expects argument of type ‘[01m[Klong long unsigned int *[m[K’, but argument 7 has type ‘[01m[Kuint64_t *[m[K’ {aka ‘[01m[Klong unsigned int *[m[K’} [[01;35m[K]8;;https://gcc.gnu.org/onlinedocs/gcc/Warning-Options.html#index-Wformat=-Wformat=]8;;[m[K]
2025-12-13T21:31:02 658 |     r=scanf("dev=%llx,ino=%llu,mode=%llo,uid=%llu,gid=%llu,nlink=[01;35m[K%llu[m[K,rdev=%llun",
2025-12-13T21:31:02 |                                                                  [01;35m[K~~~^[m[K
2025-12-13T21:31:02 |                                                                     [01;35m[K|[m[K
2025-12-13T21:31:02 |                                                                     [01;35m[Klong long unsigned int *[m[K
2025-12-13T21:31:02 |                                                                  [32m[K%lu[m[K
2025-12-13T21:31:02 659 |             &stdev, &stino, &stmode, &stuid, &stgid, [32m[K&stnlink[m[K, &strdev);
2025-12-13T21:31:02 |                                                      [32m[K~~~~~~~~[m[K
2025-12-13T21:31:02 |                                                      [32m[K|[m[K
2025-12-13T21:31:02 |                                                      [32m[Kuint64_t * {aka long unsigned int *}[m[K
2025-12-13T21:31:02 [01m[Kfaked.c:658:79:[m[K [01;35m[Kwarning: [m[Kformat ‘[01m[K%llu[m[K’ expects argument of type ‘[01m[Klong long unsigned int *[m[K’, but argument 8 has type ‘[01m[Kuint64_t *[m[K’ {aka ‘[01m[Klong unsigned int *[m[K’} [[01;35m[K]8;;https://gcc.gnu.org/onlinedocs/gcc/Warning-Options.html#index-Wformat=-Wformat=]8;;[m[K]
2025-12-13T21:31:02 658 |     r=scanf("dev=%llx,ino=%llu,mode=%llo,uid=%llu,gid=%llu,nlink=%llu,rdev=[01;35m[K%llu[m[Kn",
2025-12-13T21:31:02 |                                                                            [01;35m[K~~~^[m[K
2025-12-13T21:31:02 |                                                                               [01;35m[K|[m[K
2025-12-13T21:31:02 |                                                                               [01;35m[Klong long unsigned int *[m[K
2025-12-13T21:31:02 |                                                                            [32m[K%lu[m[K
2025-12-13T21:31:02 659 |             &stdev, &stino, &stmode, &stuid, &stgid, &stnlink, [32m[K&strdev[m[K);
2025-12-13T21:31:02 |                                                                [32m[K~~~~~~~[m[K
2025-12-13T21:31:02 |                                                                [32m[K|[m[K
2025-12-13T21:31:02 |                                                                [32m[Kuint64_t * {aka long unsigned int *}[m[K
2025-12-13T21:31:02 [01m[Kfaked.c:[m[K In function ‘[01m[Kdebug_stat[m[K’:
2025-12-13T21:31:02 [01m[Kfaked.c:685:31:[m[K [01;35m[Kwarning: [m[Kformat ‘[01m[K%llx[m[K’ expects argument of type ‘[01m[Klong long unsigned int[m[K’, but argument 3 has type ‘[01m[Kfake_dev_t[m[K’ {aka ‘[01m[Klong unsigned int[m[K’} [[01;35m[K]8;;https://gcc.gnu.org/onlinedocs/gcc/Warning-Options.html#index-Wformat=-Wformat=]8;;[m[K]
2025-12-13T21:31:02 685 |   fprintf(stderr,"dev:ino=([01;35m[K%llx[m[K:%lli), mode=0%lo, own=(%li,%li), nlink=%li, rdev=%llin",
2025-12-13T21:31:02 |                            [01;35m[K~~~^[m[K
2025-12-13T21:31:02 |                               [01;35m[K|[m[K
2025-12-13T21:31:02 |                               [01;35m[Klong long unsigned int[m[K
2025-12-13T21:31:02 |                            [32m[K%lx[m[K
2025-12-13T21:31:02 686 |           [32m[Kst->dev[m[K,
2025-12-13T21:31:02 |           [32m[K~~~~~~~[m[K
2025-12-13T21:31:02 |             [32m[K|[m[K
2025-12-13T21:31:02 |             [32m[Kfake_dev_t {aka long unsigned int}[m[K
2025-12-13T21:31:02 [01m[Kfaked.c:685:36:[m[K [01;35m[Kwarning: [m[Kformat ‘[01m[K%lli[m[K’ expects argument of type ‘[01m[Klong long int[m[K’, but argument 4 has type ‘[01m[Kfake_ino_t[m[K’ {aka ‘[01m[Klong unsigned int[m[K’} [[01;35m[K]8;;https://gcc.gnu.org/onlinedocs/gcc/Warning-Options.html#index-Wformat=-Wformat=]8;;[m[K]
2025-12-13T21:31:02 685 |   fprintf(stderr,"dev:ino=(%llx:[01;35m[K%lli[m[K), mode=0%lo, own=(%li,%li), nlink=%li, rdev=%llin",
2025-12-13T21:31:02 |                                 [01;35m[K~~~^[m[K
2025-12-13T21:31:02 |                                    [01;35m[K|[m[K
2025-12-13T21:31:02 |                                    [01;35m[Klong long int[m[K
2025-12-13T21:31:02 |                                 [32m[K%li[m[K
2025-12-13T21:31:02 686 |           st->dev,
2025-12-13T21:31:02 687 |           [32m[Kst->ino[m[K,
2025-12-13T21:31:02 |           [32m[K~~~~~~~[m[K
2025-12-13T21:31:02 |             [32m[K|[m[K
2025-12-13T21:31:02 |             [32m[Kfake_ino_t {aka long unsigned int}[m[K
2025-12-13T21:31:02 [01m[Kfaked.c:685:85:[m[K [01;35m[Kwarning: [m[Kformat ‘[01m[K%lli[m[K’ expects argument of type ‘[01m[Klong long int[m[K’, but argument 9 has type ‘[01m[Kfake_dev_t[m[K’ {aka ‘[01m[Klong unsigned int[m[K’} [[01;35m[K]8;;https://gcc.gnu.org/onlinedocs/gcc/Warning-Options.html#index-Wformat=-Wformat=]8;;[m[K]
2025-12-13T21:31:02 685 |   fprintf(stderr,"dev:ino=(%llx:%lli), mode=0%lo, own=(%li,%li), nlink=%li, rdev=[01;35m[K%lli[m[Kn",
2025-12-13T21:31:02 |                                                                                  [01;35m[K~~~^[m[K
2025-12-13T21:31:02 |                                                                                     [01;35m[K|[m[K
2025-12-13T21:31:02 |                                                                                     [01;35m[Klong long int[m[K
2025-12-13T21:31:02 |                                                                                  [32m[K%li[m[K
2025-12-13T21:31:02 ......
2025-12-13T21:31:02 692 |           [32m[Kst->rdev[m[K);
2025-12-13T21:31:02 |           [32m[K~~~~~~~~[m[K
2025-12-13T21:31:02 |             [32m[K|[m[K
2025-12-13T21:31:02 |             [32m[Kfake_dev_t {aka long unsigned int}[m[K
2025-12-13T21:31:02 libtool: compile:  /usr/bin/gcc -DHAVE_CONFIG_H -I. -I/home/VuAirOS/buildroot-2021.05/output/host/include -O2 -I/home/VuAirOS/buildroot-2021.05/output/host/include -c libfakeroot.c  -fPIC -DPIC -o .libs/libfakeroot.o
2025-12-13T21:31:02 /bin/bash ./libtool  --tag=CC   --mode=link /usr/bin/gcc  -O2 -I/home/VuAirOS/buildroot-2021.05/output/host/include  -L/home/VuAirOS/buildroot-2021.05/output/host/lib -Wl,-rpath,/home/VuAirOS/buildroot-2021.05/output/host/lib -o libmacosx.la  libfakeroot_inode64.lo libfakeroot_unix2003.lo  -ldl
2025-12-13T21:31:02 libtool: link: /usr/bin/gcc -O2 -I/home/VuAirOS/buildroot-2021.05/output/host/include -Wl,-rpath -Wl,/home/VuAirOS/buildroot-2021.05/output/host/lib -o simple simple.o  -L/home/VuAirOS/buildroot-2021.05/output/host/lib -ldl
2025-12-13T21:31:02 [01m[Klibfakeroot.c:[m[K In function ‘[01m[Kfts_read[m[K’:
2025-12-13T21:31:02 [01m[Klibfakeroot.c:2072:22:[m[K [01;35m[Kwarning: [m[Kpassing argument 1 of ‘[01m[Ksend_get_stat64[m[K’ from incompatible pointer type [[01;35m[K]8;;https://gcc.gnu.org/onlinedocs/gcc/Warning-Options.html#index-Wincompatible-pointer-types-Wincompatible-pointer-types]8;;[m[K]
2025-12-13T21:31:02 2072 |     SEND_GET_STAT64([01;35m[Kr->fts_statp[m[K, _STAT_VER);
2025-12-13T21:31:02 |                     [01;35m[K~^~~~~~~~~~~[m[K
2025-12-13T21:31:02 |                      [01;35m[K|[m[K
2025-12-13T21:31:02 |                      [01;35m[Kstruct stat *[m[K
2025-12-13T21:31:02 [01m[Klibfakeroot.c:89:46:[m[K [01;36m[Knote: [m[Kin definition of macro ‘[01m[KSEND_GET_STAT64[m[K’
2025-12-13T21:31:02 89 | #define SEND_GET_STAT64(a,b) send_get_stat64([01;36m[Ka[m[K)
2025-12-13T21:31:02 |                                              [01;36m[K^[m[K
2025-12-13T21:31:02 In file included from [01m[Klibfakeroot.c:60[m[K:
2025-12-13T21:31:02 [01m[Kcommunicate.h:209:44:[m[K [01;36m[Knote: [m[Kexpected ‘[01m[Kstruct stat64 *[m[K’ but argument is of type ‘[01m[Kstruct stat *[m[K’
2025-12-13T21:31:02 209 | extern void send_get_stat64([01;36m[Kstruct stat64 *buf[m[K);
2025-12-13T21:31:02 |                             [01;36m[K~~~~~~~~~~~~~~~^~~[m[K
2025-12-13T21:31:02 [01m[Klibfakeroot.c:[m[K In function ‘[01m[Kfts_children[m[K’:
2025-12-13T21:31:02 [01m[Klibfakeroot.c:2095:24:[m[K [01;35m[Kwarning: [m[Kpassing argument 1 of ‘[01m[Ksend_get_stat64[m[K’ from incompatible pointer type [[01;35m[K]8;;https://gcc.gnu.org/onlinedocs/gcc/Warning-Options.html#index-Wincompatible-pointer-types-Wincompatible-pointer-types]8;;[m[K]
2025-12-13T21:31:02 2095 |       SEND_GET_STAT64([01;35m[Kr->fts_statp[m[K, _STAT_VER);
2025-12-13T21:31:02 |                       [01;35m[K~^~~~~~~~~~~[m[K
2025-12-13T21:31:02 |                        [01;35m[K|[m[K
2025-12-13T21:31:02 |                        [01;35m[Kstruct stat *[m[K
2025-12-13T21:31:02 [01m[Klibfakeroot.c:89:46:[m[K [01;36m[Knote: [m[Kin definition of macro ‘[01m[KSEND_GET_STAT64[m[K’
2025-12-13T21:31:02 89 | #define SEND_GET_STAT64(a,b) send_get_stat64([01;36m[Ka[m[K)
2025-12-13T21:31:02 |                                              [01;36m[K^[m[K
2025-12-13T21:31:02 In file included from [01m[Klibfakeroot.c:60[m[K:
2025-12-13T21:31:02 [01m[Kcommunicate.h:209:44:[m[K [01;36m[Knote: [m[Kexpected ‘[01m[Kstruct stat64 *[m[K’ but argument is of type ‘[01m[Kstruct stat *[m[K’
2025-12-13T21:31:02 209 | extern void send_get_stat64([01;36m[Kstruct stat64 *buf[m[K);
2025-12-13T21:31:02 |                             [01;36m[K~~~~~~~~~~~~~~~^~~[m[K
2025-12-13T21:31:02 libtool: link: /usr/bin/ar cru .libs/libmacosx.a .libs/libfakeroot_inode64.o .libs/libfakeroot_unix2003.o
2025-12-13T21:31:02 /usr/bin/ar: `u' modifier ignored since `D' is the default (see `U')
2025-12-13T21:31:02 libtool: link: /usr/bin/ranlib .libs/libmacosx.a
2025-12-13T21:31:02 libtool: link: ( cd ".libs" && rm -f "libmacosx.la" && ln -s "../libmacosx.la" "libmacosx.la" )
2025-12-13T21:31:02 /bin/bash ./libtool  --tag=CC   --mode=link /usr/bin/gcc  -O2 -I/home/VuAirOS/buildroot-2021.05/output/host/include  -L/home/VuAirOS/buildroot-2021.05/output/host/lib -Wl,-rpath,/home/VuAirOS/buildroot-2021.05/output/host/lib -o libcommunicate.la  communicate.lo  -ldl
2025-12-13T21:31:02 libtool: link: /usr/bin/ar cru .libs/libcommunicate.a .libs/communicate.o
2025-12-13T21:31:02 /usr/bin/ar: `u' modifier ignored since `D' is the default (see `U')
2025-12-13T21:31:02 libtool: link: /usr/bin/ranlib .libs/libcommunicate.a
2025-12-13T21:31:02 libtool: link: ( cd ".libs" && rm -f "libcommunicate.la" && ln -s "../libcommunicate.la" "libcommunicate.la" )
2025-12-13T21:31:02 /bin/bash ./libtool  --tag=CC   --mode=link /usr/bin/gcc  -O2 -I/home/VuAirOS/buildroot-2021.05/output/host/include  -L/home/VuAirOS/buildroot-2021.05/output/host/lib -Wl,-rpath,/home/VuAirOS/buildroot-2021.05/output/host/lib -o faked faked.o libcommunicate.la -ldl
2025-12-13T21:31:02 libtool: link: /usr/bin/gcc -O2 -I/home/VuAirOS/buildroot-2021.05/output/host/include -Wl,-rpath -Wl,/home/VuAirOS/buildroot-2021.05/output/host/lib -o faked faked.o  -L/home/VuAirOS/buildroot-2021.05/output/host/lib ./.libs/libcommunicate.a -ldl
2025-12-13T21:31:02 /bin/bash ./libtool  --tag=CC   --mode=link /usr/bin/gcc  -O2 -I/home/VuAirOS/buildroot-2021.05/output/host/include -release 0 -L/home/VuAirOS/buildroot-2021.05/output/host/lib -Wl,-rpath,/home/VuAirOS/buildroot-2021.05/output/host/lib -o libfakeroot.la -rpath /home/VuAirOS/buildroot-2021.05/output/host/lib libfakeroot.lo libcommunicate.la  -ldl
2025-12-13T21:31:02 libtool: link: /usr/bin/gcc -shared  -fPIC -DPIC  .libs/libfakeroot.o  -Wl,--whole-archive ./.libs/libcommunicate.a -Wl,--no-whole-archive  -L/home/VuAirOS/buildroot-2021.05/output/host/lib -ldl  -O2 -Wl,-rpath -Wl,/home/VuAirOS/buildroot-2021.05/output/host/lib   -Wl,-soname -Wl,libfakeroot-0.so -o .libs/libfakeroot-0.so
2025-12-13T21:31:02 libtool: link: (cd ".libs" && rm -f "libfakeroot.so" && ln -s "libfakeroot-0.so" "libfakeroot.so")
2025-12-13T21:31:02 libtool: link: ( cd ".libs" && rm -f "libfakeroot.la" && ln -s "../libfakeroot.la" "libfakeroot.la" )
2025-12-13T21:31:02 make[3]: Leaving directory '/home/VuAirOS/buildroot-2021.05/output/build/host-fakeroot-1.25.3'
2025-12-13T21:31:02 make[2]: Leaving directory '/home/VuAirOS/buildroot-2021.05/output/build/host-fakeroot-1.25.3'
2025-12-13T21:31:02 make[1]: Leaving directory '/home/VuAirOS/buildroot-2021.05/output/build/host-fakeroot-1.25.3'
2025-12-13T21:31:02 [7m>>> host-fakeroot 1.25.3 Installing to host directory[27m
2025-12-13T21:31:02 PATH="/home/VuAirOS/buildroot-2021.05/output/host/bin:/home/VuAirOS/buildroot-2021.05/output/host/sbin:/usr/local/sbin:/usr/local/bin:/usr/sbin:/usr/bin:/sbin:/bin:/usr/games:/usr/local/games:/usr/lib/wsl/lib" PKG_CONFIG="/home/VuAirOS/buildroot-2021.05/output/host/bin/pkg-config" PKG_CONFIG_SYSROOT_DIR="/" PKG_CONFIG_ALLOW_SYSTEM_CFLAGS=1 PKG_CONFIG_ALLOW_SYSTEM_LIBS=1 PKG_CONFIG_LIBDIR="/home/VuAirOS/buildroot-2021.05/output/host/lib/pkgconfig:/home/VuAirOS/buildroot-2021.05/output/host/share/pkgconfig"  /usr/bin/make  install -C /home/VuAirOS/buildroot-2021.05/output/build/host-fakeroot-1.25.3/
2025-12-13T21:31:02 make[1]: Entering directory '/home/VuAirOS/buildroot-2021.05/output/build/host-fakeroot-1.25.3'
2025-12-13T21:31:02 Making install in doc
2025-12-13T21:31:02 make[2]: Entering directory '/home/VuAirOS/buildroot-2021.05/output/build/host-fakeroot-1.25.3/doc'
2025-12-13T21:31:02 make[3]: Entering directory '/home/VuAirOS/buildroot-2021.05/output/build/host-fakeroot-1.25.3/doc'
2025-12-13T21:31:02 make[3]: Nothing to be done for 'install-exec-am'.
2025-12-13T21:31:02 /usr/bin/mkdir -p '/home/VuAirOS/buildroot-2021.05/output/host/share/man/man1'
2025-12-13T21:31:02 /usr/bin/install -c -m 644 faked.1 fakeroot.1 '/home/VuAirOS/buildroot-2021.05/output/host/share/man/man1'
2025-12-13T21:31:02 make[3]: Leaving directory '/home/VuAirOS/buildroot-2021.05/output/build/host-fakeroot-1.25.3/doc'
2025-12-13T21:31:02 make[2]: Leaving directory '/home/VuAirOS/buildroot-2021.05/output/build/host-fakeroot-1.25.3/doc'
2025-12-13T21:31:02 Making install in scripts
2025-12-13T21:31:02 make[2]: Entering directory '/home/VuAirOS/buildroot-2021.05/output/build/host-fakeroot-1.25.3/scripts'
2025-12-13T21:31:02 make[3]: Entering directory '/home/VuAirOS/buildroot-2021.05/output/build/host-fakeroot-1.25.3/scripts'
2025-12-13T21:31:02 make[3]: Nothing to be done for 'install-data-am'.
2025-12-13T21:31:02 /usr/bin/mkdir -p '/home/VuAirOS/buildroot-2021.05/output/host/bin'
2025-12-13T21:31:02 /usr/bin/install -c fakeroot '/home/VuAirOS/buildroot-2021.05/output/host/bin'
2025-12-13T21:31:02 make[3]: Leaving directory '/home/VuAirOS/buildroot-2021.05/output/build/host-fakeroot-1.25.3/scripts'
2025-12-13T21:31:02 make[2]: Leaving directory '/home/VuAirOS/buildroot-2021.05/output/build/host-fakeroot-1.25.3/scripts'
2025-12-13T21:31:02 Making install in test
2025-12-13T21:31:02 make[2]: Entering directory '/home/VuAirOS/buildroot-2021.05/output/build/host-fakeroot-1.25.3/test'
2025-12-13T21:31:02 make[3]: Entering directory '/home/VuAirOS/buildroot-2021.05/output/build/host-fakeroot-1.25.3/test'
2025-12-13T21:31:02 make[3]: Nothing to be done for 'install-exec-am'.
2025-12-13T21:31:02 make[3]: Nothing to be done for 'install-data-am'.
2025-12-13T21:31:02 make[3]: Leaving directory '/home/VuAirOS/buildroot-2021.05/output/build/host-fakeroot-1.25.3/test'
2025-12-13T21:31:02 make[2]: Leaving directory '/home/VuAirOS/buildroot-2021.05/output/build/host-fakeroot-1.25.3/test'
2025-12-13T21:31:02 make[2]: Entering directory '/home/VuAirOS/buildroot-2021.05/output/build/host-fakeroot-1.25.3'
2025-12-13T21:31:02 make[3]: Entering directory '/home/VuAirOS/buildroot-2021.05/output/build/host-fakeroot-1.25.3'
2025-12-13T21:31:02 make[3]: Nothing to be done for 'install-data-am'.
2025-12-13T21:31:02 /usr/bin/mkdir -p '/home/VuAirOS/buildroot-2021.05/output/host/lib'
2025-12-13T21:31:02 /bin/bash ./libtool   --mode=install /usr/bin/install -c   libfakeroot.la '/home/VuAirOS/buildroot-2021.05/output/host/lib'
2025-12-13T21:31:02 libtool: install: /usr/bin/install -c .libs/libfakeroot-0.so /home/VuAirOS/buildroot-2021.05/output/host/lib/libfakeroot-0.so
2025-12-13T21:31:02 libtool: install: (cd /home/VuAirOS/buildroot-2021.05/output/host/lib && { ln -s -f libfakeroot-0.so libfakeroot.so || { rm -f libfakeroot.so && ln -s libfakeroot-0.so libfakeroot.so; }; })
2025-12-13T21:31:02 libtool: install: /usr/bin/install -c .libs/libfakeroot.lai /home/VuAirOS/buildroot-2021.05/output/host/lib/libfakeroot.la
2025-12-13T21:31:02 libtool: finish: PATH="/home/VuAirOS/buildroot-2021.05/output/host/bin:/home/VuAirOS/buildroot-2021.05/output/host/sbin:/usr/local/sbin:/usr/local/bin:/usr/sbin:/usr/bin:/sbin:/bin:/usr/games:/usr/local/games:/usr/lib/wsl/lib:/sbin" ldconfig -n /home/VuAirOS/buildroot-2021.05/output/host/lib
2025-12-13T21:31:02 ----------------------------------------------------------------------
2025-12-13T21:31:02 Libraries have been installed in:
2025-12-13T21:31:02 /home/VuAirOS/buildroot-2021.05/output/host/lib
2025-12-13T21:31:02 
2025-12-13T21:31:02 If you ever happen to want to link against installed libraries
2025-12-13T21:31:02 in a given directory, LIBDIR, you must either use libtool, and
2025-12-13T21:31:02 specify the full pathname of the library, or use the '-LLIBDIR'
2025-12-13T21:31:02 flag during linking and do at least one of the following:
2025-12-13T21:31:02 - add LIBDIR to the 'LD_LIBRARY_PATH' environment variable
2025-12-13T21:31:02 during execution
2025-12-13T21:31:02 - add LIBDIR to the 'LD_RUN_PATH' environment variable
2025-12-13T21:31:02 during linking
2025-12-13T21:31:02 - use the '-Wl,-rpath -Wl,LIBDIR' linker flag
2025-12-13T21:31:02 - have your system administrator add LIBDIR to '/etc/ld.so.conf'
2025-12-13T21:31:02 
2025-12-13T21:31:02 See any operating system documentation about shared libraries for
2025-12-13T21:31:02 more information, such as the ld(1) and ld.so(8) manual pages.
2025-12-13T21:31:02 ----------------------------------------------------------------------
2025-12-13T21:31:02 /usr/bin/mkdir -p '/home/VuAirOS/buildroot-2021.05/output/host/bin'
2025-12-13T21:31:02 /bin/bash ./libtool   --mode=install /usr/bin/install -c faked '/home/VuAirOS/buildroot-2021.05/output/host/bin'
2025-12-13T21:31:02 libtool: install: /usr/bin/install -c faked /home/VuAirOS/buildroot-2021.05/output/host/bin/faked
2025-12-13T21:31:02 make[3]: Leaving directory '/home/VuAirOS/buildroot-2021.05/output/build/host-fakeroot-1.25.3'
2025-12-13T21:31:02 make[2]: Leaving directory '/home/VuAirOS/buildroot-2021.05/output/build/host-fakeroot-1.25.3'
2025-12-13T21:31:02 make[1]: Leaving directory '/home/VuAirOS/buildroot-2021.05/output/build/host-fakeroot-1.25.3'
2025-12-13T21:31:03 [7m>>> host-makedevs  Extracting[27m
2025-12-13T21:31:03 cp package/makedevs//makedevs.c /home/VuAirOS/buildroot-2021.05/output/build/host-makedevs
2025-12-13T21:31:03 [7m>>> host-makedevs  Patching[27m
2025-12-13T21:31:03 [7m>>> host-makedevs  Configuring[27m
2025-12-13T21:31:03 [7m>>> host-makedevs  Building[27m
2025-12-13T21:31:03 /usr/bin/gcc -O2 -I/home/VuAirOS/buildroot-2021.05/output/host/include /home/VuAirOS/buildroot-2021.05/output/build/host-makedevs/makedevs.c -o /home/VuAirOS/buildroot-2021.05/output/build/host-makedevs/makedevs -L/home/VuAirOS/buildroot-2021.05/output/host/lib -Wl,-rpath,/home/VuAirOS/buildroot-2021.05/output/host/lib
2025-12-13T21:31:03 [7m>>> host-makedevs  Installing to host directory[27m
2025-12-13T21:31:03 /usr/bin/install -D -m 755 /home/VuAirOS/buildroot-2021.05/output/build/host-makedevs/makedevs /home/VuAirOS/buildroot-2021.05/output/host/bin/makedevs
2025-12-13T21:31:03 [7m>>> host-mkpasswd  Extracting[27m
2025-12-13T21:31:03 cp package/mkpasswd//*.c package/mkpasswd//*.h /home/VuAirOS/buildroot-2021.05/output/build/host-mkpasswd
2025-12-13T21:31:03 [7m>>> host-mkpasswd  Patching[27m
2025-12-13T21:31:03 [7m>>> host-mkpasswd  Configuring[27m
2025-12-13T21:31:03 [7m>>> host-mkpasswd  Building[27m
2025-12-13T21:31:03 /usr/bin/gcc -O2 -I/home/VuAirOS/buildroot-2021.05/output/host/include -L/home/VuAirOS/buildroot-2021.05/output/host/lib -Wl,-rpath,/home/VuAirOS/buildroot-2021.05/output/host/lib /home/VuAirOS/buildroot-2021.05/output/build/host-mkpasswd/mkpasswd.c /home/VuAirOS/buildroot-2021.05/output/build/host-mkpasswd/utils.c -o /home/VuAirOS/buildroot-2021.05/output/build/host-mkpasswd/mkpasswd -lcrypt
2025-12-13T21:31:03 In file included from [01m[K/usr/include/x86_64-linux-gnu/bits/libc-header-start.h:33[m[K,
2025-12-13T21:31:03 from [01m[K/usr/include/stdio.h:27[m[K,
2025-12-13T21:31:03 from [01m[K/home/VuAirOS/buildroot-2021.05/output/build/host-mkpasswd/mkpasswd.c:24[m[K:
2025-12-13T21:31:03 [01m[K/usr/include/features.h:194:3:[m[K [01;35m[Kwarning: [m[K#warning "_BSD_SOURCE and _SVID_SOURCE are deprecated, use _DEFAULT_SOURCE" [[01;35m[K]8;;https://gcc.gnu.org/onlinedocs/gcc/Warning-Options.html#index-Wcpp-Wcpp]8;;[m[K]
2025-12-13T21:31:03 194 | # [01;35m[Kwarning[m[K "_BSD_SOURCE and _SVID_SOURCE are deprecated, use _DEFAULT_SOURCE"
2025-12-13T21:31:03 |   [01;35m[K^~~~~~~[m[K
2025-12-13T21:31:03 [7m>>> host-mkpasswd  Installing to host directory[27m
2025-12-13T21:31:03 /usr/bin/install -D -m 755 /home/VuAirOS/buildroot-2021.05/output/build/host-mkpasswd/mkpasswd /home/VuAirOS/buildroot-2021.05/output/host/bin/mkpasswd
2025-12-13T21:31:03 [7m>>> skeleton-init-common  Extracting[27m
2025-12-13T21:31:03 [7m>>> skeleton-init-common  Patching[27m
2025-12-13T21:31:03 [7m>>> skeleton-init-common  Configuring[27m
2025-12-13T21:31:03 [7m>>> skeleton-init-common  Building[27m
2025-12-13T21:31:03 [7m>>> skeleton-init-common  Installing to staging directory[27m
2025-12-13T21:31:03 rsync -a --ignore-times --exclude .svn --exclude .git --exclude .hg --exclude .bzr --exclude CVS --chmod=u=rwX,go=rX --exclude .empty --exclude '*~' system/skeleton/ /home/VuAirOS/buildroot-2021.05/output/host/riscv64-buildroot-linux-musl/sysroot/
2025-12-13T21:31:03 /usr/bin/install -d -m 0755 /home/VuAirOS/buildroot-2021.05/output/host/riscv64-buildroot-linux-musl/sysroot/bin
2025-12-13T21:31:03 /usr/bin/install -d -m 0755 /home/VuAirOS/buildroot-2021.05/output/host/riscv64-buildroot-linux-musl/sysroot/sbin
2025-12-13T21:31:03 /usr/bin/install -d -m 0755 /home/VuAirOS/buildroot-2021.05/output/host/riscv64-buildroot-linux-musl/sysroot/lib
2025-12-13T21:31:03 ln -snf lib /home/VuAirOS/buildroot-2021.05/output/host/riscv64-buildroot-linux-musl/sysroot/lib64
2025-12-13T21:31:03 ln -snf lib /home/VuAirOS/buildroot-2021.05/output/host/riscv64-buildroot-linux-musl/sysroot/usr/lib64
2025-12-13T21:31:03 /usr/bin/install -d -m 0755 /home/VuAirOS/buildroot-2021.05/output/host/riscv64-buildroot-linux-musl/sysroot/usr/include
2025-12-13T21:31:03 [7m>>> skeleton-init-common  Fixing libtool files[27m
2025-12-13T21:31:03 for la in $(find /home/VuAirOS/buildroot-2021.05/output/host/riscv64-buildroot-linux-musl/sysroot/usr/lib* -name "*.la"); do 	cp -a "${la}" "${la}.fixed" && 	/usr/bin/sed -i -e "s:/home/VuAirOS/buildroot-2021.05/output:@BASE_DIR@:g" 		-e "s:/home/VuAirOS/buildroot-2021.05/output/host/riscv64-buildroot-linux-musl/sysroot:@STAGING_DIR@:g" 		 		-e "s:(['= ])/usr:\1@STAGING_DIR@/usr:g" 		-e "s:(['= ])/lib:\1@STAGING_DIR@/lib:g" 		 		-e "s:@STAGING_DIR@:/home/VuAirOS/buildroot-2021.05/output/host/riscv64-buildroot-linux-musl/sysroot:g" 		-e "s:@BASE_DIR@:/home/VuAirOS/buildroot-2021.05/output:g" 		"${la}.fixed" && 	if cmp -s "${la}" "${la}.fixed"; then 		rm -f "${la}.fixed"; 	else 		mv "${la}.fixed" "${la}"; 	fi || exit 1; done
2025-12-13T21:31:03 [7m>>> skeleton-init-common  Installing to target[27m
2025-12-13T21:31:03 rsync -a --ignore-times --exclude .svn --exclude .git --exclude .hg --exclude .bzr --exclude CVS --chmod=u=rwX,go=rX --exclude .empty --exclude '*~' system/skeleton/ /home/VuAirOS/buildroot-2021.05/output/target/
2025-12-13T21:31:03 /usr/bin/install -d -m 0755 /home/VuAirOS/buildroot-2021.05/output/target/bin
2025-12-13T21:31:03 /usr/bin/install -d -m 0755 /home/VuAirOS/buildroot-2021.05/output/target/sbin
2025-12-13T21:31:03 /usr/bin/install -d -m 0755 /home/VuAirOS/buildroot-2021.05/output/target/lib
2025-12-13T21:31:03 ln -snf lib /home/VuAirOS/buildroot-2021.05/output/target/lib64
2025-12-13T21:31:03 ln -snf lib /home/VuAirOS/buildroot-2021.05/output/target/usr/lib64
2025-12-13T21:31:03 /usr/bin/sed -i -e 's,@PATH@,"/bin:/sbin:/usr/bin:/usr/sbin",' /home/VuAirOS/buildroot-2021.05/output/target/etc/profile
2025-12-13T21:31:03 /usr/bin/install -m 0644 support/misc/target-dir-warning.txt /home/VuAirOS/buildroot-2021.05/output/target/THIS_IS_NOT_YOUR_ROOT_FILESYSTEM
2025-12-13T21:31:03 [7m>>> skeleton-init-sysv  Extracting[27m
2025-12-13T21:31:03 [7m>>> skeleton-init-sysv  Patching[27m
2025-12-13T21:31:03 [7m>>> skeleton-init-sysv  Configuring[27m
2025-12-13T21:31:03 [7m>>> skeleton-init-sysv  Building[27m
2025-12-13T21:31:03 [7m>>> skeleton-init-sysv  Installing to target[27m
2025-12-13T21:31:03 rsync -a --ignore-times --exclude .svn --exclude .git --exclude .hg --exclude .bzr --exclude CVS --chmod=u=rwX,go=rX --exclude .empty --exclude '*~' package/skeleton-init-sysv//skeleton/ /home/VuAirOS/buildroot-2021.05/output/target/
2025-12-13T21:31:04 [7m>>> skeleton  Extracting[27m
2025-12-13T21:31:04 [7m>>> skeleton  Patching[27m
2025-12-13T21:31:04 [7m>>> skeleton  Configuring[27m
2025-12-13T21:31:04 [7m>>> skeleton  Building[27m
2025-12-13T21:31:04 [7m>>> skeleton  Installing to target[27m
2025-12-13T21:31:04 queue.h?rev=1.70: OK (sha256: c13407edd0e33be73cae72514cb234f8612e1c0e54401c9448daffd3a240158b)
2025-12-13T21:31:04 [7m>>> musl-compat-headers  Extracting[27m
2025-12-13T21:31:04 /usr/bin/install -m 0644 -D /home/VuAirOS/buildroot-2021.05/dl/musl-compat-headers/queue.h?rev=1.70 /home/VuAirOS/buildroot-2021.05/output/build/musl-compat-headers/queue.h
2025-12-13T21:31:04 /usr/bin/install -m 0644 -D package/musl-compat-headers//cdefs.h /home/VuAirOS/buildroot-2021.05/output/build/musl-compat-headers/cdefs.h
2025-12-13T21:31:04 [7m>>> musl-compat-headers  Patching[27m
2025-12-13T21:31:04 [7m>>> musl-compat-headers  Configuring[27m
2025-12-13T21:31:04 [7m>>> musl-compat-headers  Building[27m
2025-12-13T21:31:04 [7m>>> musl-compat-headers  Installing to staging directory[27m
2025-12-13T21:31:04 /usr/bin/install -D -m 0644 /home/VuAirOS/buildroot-2021.05/output/build/musl-compat-headers/queue.h /home/VuAirOS/buildroot-2021.05/output/host/riscv64-buildroot-linux-musl/sysroot/usr/include/sys/queue.h
2025-12-13T21:31:04 /usr/bin/install -D -m 0644 /home/VuAirOS/buildroot-2021.05/output/build/musl-compat-headers/cdefs.h /home/VuAirOS/buildroot-2021.05/output/host/riscv64-buildroot-linux-musl/sysroot/usr/include/sys/cdefs.h
2025-12-13T21:31:04 [7m>>> musl-compat-headers  Fixing libtool files[27m
2025-12-13T21:31:04 for la in $(find /home/VuAirOS/buildroot-2021.05/output/host/riscv64-buildroot-linux-musl/sysroot/usr/lib* -name "*.la"); do 	cp -a "${la}" "${la}.fixed" && 	/usr/bin/sed -i -e "s:/home/VuAirOS/buildroot-2021.05/output:@BASE_DIR@:g" 		-e "s:/home/VuAirOS/buildroot-2021.05/output/host/riscv64-buildroot-linux-musl/sysroot:@STAGING_DIR@:g" 		 		-e "s:(['= ])/usr:\1@STAGING_DIR@/usr:g" 		-e "s:(['= ])/lib:\1@STAGING_DIR@/lib:g" 		 		-e "s:@STAGING_DIR@:/home/VuAirOS/buildroot-2021.05/output/host/riscv64-buildroot-linux-musl/sysroot:g" 		-e "s:@BASE_DIR@:/home/VuAirOS/buildroot-2021.05/output:g" 		"${la}.fixed" && 	if cmp -s "${la}" "${la}.fixed"; then 		rm -f "${la}.fixed"; 	else 		mv "${la}.fixed" "${la}"; 	fi || exit 1; done
2025-12-13T21:31:04 [7m>>> toolchain-external-custom  Extracting[27m
2025-12-13T21:31:04 [7m>>> toolchain-external-custom  Patching[27m
2025-12-13T21:31:04 [7m>>> toolchain-external-custom  Configuring[27m
2025-12-13T21:31:04 Cannot execute cross-compiler '/riscv64-unknown-linux-musl-gcc'
2025-12-13T21:31:04 make: *** [package/pkg-generic.mk:240: /home/VuAirOS/buildroot-2021.05/output/build/toolchain-external-custom/.stamp_configured] Error 1
2025-12-13T21:31:04 make: Leaving directory '/home/VuAirOS/buildroot-2021.05'
2025-12-13T21:31:12 make: Entering directory '/home/VuAirOS/buildroot-2021.05'
2025-12-13T21:31:15 [7m>>> toolchain-external-custom  Configuring[27m
2025-12-13T21:31:15 Cannot execute cross-compiler '/riscv64-unknown-linux-musl-gcc'
2025-12-13T21:31:15 make: *** [package/pkg-generic.mk:240: /home/VuAirOS/buildroot-2021.05/output/build/toolchain-external-custom/.stamp_configured] Error 1
2025-12-13T21:31:15 make: Leaving directory '/home/VuAirOS/buildroot-2021.05'
2025-12-13T21:44:07 make: Entering directory '/home/VuAirOS/buildroot-2021.05'
2025-12-13T21:44:07 Makefile:977: *** Please configure Buildroot first (e.g. "make menuconfig").  Stop.
2025-12-13T21:44:07 make: Leaving directory '/home/VuAirOS/buildroot-2021.05'
2025-12-13T21:44:17 make: Entering directory '/home/VuAirOS/buildroot-2021.05'
2025-12-13T21:44:17 Makefile:977: *** Please configure Buildroot first (e.g. "make menuconfig").  Stop.
2025-12-13T21:44:17 make: Leaving directory '/home/VuAirOS/buildroot-2021.05'
2025-12-13T21:46:30 make: Entering directory '/home/VuAirOS/buildroot-2021.05'
2025-12-13T21:46:30 Makefile:977: *** Please configure Buildroot first (e.g. "make menuconfig").  Stop.
2025-12-13T21:46:30 make: Leaving directory '/home/VuAirOS/buildroot-2021.05'
